MasterFile,CollisionDate,CollisionTime,RoadwayName,RSEUniqueGIS,RoadwayIdentifier,ParkingLotIndicator,Milepoint,NumberInjured,NumberKilled,ofUnits,ofMotorVehicleUnits,Hit&RunIndicator,OneWayIndicator,SpeedLimitNumber,Latitude,Longitude,MannerofCollisionCode,LocationFirstEventCode,TotalLanes,RoadwayCharacterCode,RoadwaySurfaceCode,RoadwayConditionCode,WeatherCode,LightConditionCode,LandUseCode,SchoolBusRelatedCode,FirstAidSceneIndicator,DirectionalAnalysis,YR,KABCO,KTC_RT,KTC_MP,Motorcyclist,Commercial Vehicle,Young Driver,Mature Driver,Pedestrian,Bicyclist,Distracted,Aggressive,Impaired,Unrestrained,Intersection,Roadway Departure,Median Cross-over,CityCrash,DACid,Intersection Crash,Segment Crash
72547897,20200930,1322,US23,098 US-23,US0023,N,23.052,2,0,2,2,N,N,55,37.46584,-82.52792,3,3,4,6,1,1,2,2,1,3,Y,52,2020,B,098-US-0023  -000,23.052,0,0,0,1,0,0,0,0,0,0,0,1,0,1,DAC,1,0
72765741,20220523,1802,CEDAR HILLS,098 KY-1426,KY1426,N,3.788,0,0,1,1,N,N,55,37.45264,-82.53358,9,3,2,5,1,5,6,2,7,3,N,44,2022,O,098-KY-1426  -000,3.788,0,0,0,0,0,0,0,0,0,0,0,1,0,1,Non-DAC,0,1
72805570,20220914,559,US23,098 US-23,US0023,N,26.203,0,0,2,2,N,N,55,37.50252,-82.532,8,3,4,6,1,1,2,6,7,3,N,53,2022,O,098-US-0023  -000,26.203,0,0,1,0,0,0,0,0,0,0,0,1,0,1,Non-DAC,0,1
72394258,20190815,2058,CASSIDY,098 CS-1191,CS1191,N,0.031,0,0,2,2,N,N,25,37.5037,-82.53275,1,3,2,6,1,1,2,5,7,3,N,55,2019,O,098-CS-1191  -000,0.031,0,0,0,1,0,0,0,0,0,0,0,0,0,1,Non-DAC,1,0
72769197,20220530,2207,US23,,,N,30.878,0,0,1,1,N,N,55,37.54106,-82.59158,9,5,4,3,1,1,2,6,1,3,N,51,2022,O,098-US-0023  -000,30.878,0,0,0,0,0,0,0,0,0,0,0,1,0,1,Non-DAC,0,1
72332356,20190322,2118,CEDAR CREEK,098 KY-1384,KY1384,N,,0,0,1,1,N,N,35,37.47614,-82.55253,9,3,2,3,1,1,3,5,6,3,N,38,2019,O,098-KY-1384  -000,6.209,0,0,0,0,0,0,0,0,0,0,0,1,0,1,Non-DAC,0,1
72693246,20211105,1859,HAMBLEY,098 CS-1222,CS1222,N,1.675,0,0,1,1,N,N,45,37.48196,-82.53267,9,3,2,6,1,1,2,5,6,3,N,38,2021,O,098-CS-1222  -000,1.675,0,0,0,0,0,0,0,0,0,0,0,0,0,1,DAC,1,0
72515590,20200628,900,US119,098 US-119-10,US0119,N,1.99,0,0,1,1,N,N,55,37.5126,-82.49963,9,3,2,2,1,6,5,2,7,3,N,70,2020,O,098-US-0119  -000,1.99,0,0,0,0,0,0,0,0,0,0,0,1,0,1,Non-DAC,0,1
72657128,20210810,1954,CEDAR HILLS,098 KY-1426,KY1426,N,4.879,0,0,2,2,N,N,55,37.46536,-82.52597,5,3,2,6,1,1,3,2,7,3,N,35,2021,O,098-KY-1426  -000,4.879,0,0,0,0,0,0,1,0,0,0,1,0,0,1,DAC,1,0
72423841,20191015,957,US23,098 US-23-10,US0023,N,26.257,0,0,1,1,N,N,55,37.50329,-82.53231,9,3,4,3,1,1,3,2,7,3,N,70,2019,O,098-US-0023  -000,26.257,0,1,0,0,0,0,0,0,0,0,0,1,0,1,Non-DAC,1,0
72367170,20190614,1507,WALTERS,098 CS-1074,CS1074,N,1.177,0,0,4,4,N,N,35,37.48986,-82.48146,1,97,1,6,1,1,2,2,5,3,N,47,2019,O,098-CS-1074  -000,1.177,0,0,0,0,0,0,0,0,0,0,0,0,0,1,Non-DAC,0,1
72483556,20200303,1717,MAYO,,,N,26.806,0,0,2,2,N,N,55,37.50916,-82.53799,5,3,6,6,1,1,2,2,1,3,N,49,2020,O,098-US-0023  -000,26.806,0,0,0,0,0,0,1,0,0,0,0,0,0,1,Non-DAC,0,1
72360572,20190530,1825,2ND,098 CS-1117,CS1117,N,0.269,0,0,2,2,N,N,15,37.4802,-82.5182,8,5,1,6,1,5,6,2,1,3,N,47,2019,O,098-CS-1117  -000,0.269,0,0,0,0,0,0,0,0,0,0,0,0,0,1,DAC,1,0
72794104,20220814,1401,US23,098 US-23,US0023,N,25.379,0,0,2,2,N,N,55,37.49183,-82.53511,5,3,4,6,1,1,2,2,7,3,N,49,2022,O,098-US-0023  -000,25.379,0,0,0,1,0,0,1,0,0,0,0,0,0,1,Non-DAC,0,1
72742341,20220317,2201,,,,N,0.238,0,0,2,2,N,Y,55,37.47928,-82.54311,5,3,2,2,1,1,2,5,1,3,N,35,2022,O,098-US-0023  -231,0.238,0,0,0,0,0,0,1,1,0,0,1,0,0,1,DAC,1,0
72563366,20201110,707,OWSLEY,098 KY-1384,KY1384,N,7.018,1,0,2,2,N,N,45,37.48013,-82.53933,1,3,4,6,1,1,2,2,1,3,Y,55,2020,C,098-KY-1384  -000,7.018,0,0,1,0,0,0,1,0,0,0,0,0,0,1,DAC,0,1
72612694,20210411,409,US23,098 US-23,US0023,N,24.903,0,0,1,1,N,N,55,37.48719,-82.54146,9,3,4,3,1,1,3,5,7,3,N,38,2021,O,098-US-0023  -000,24.903,0,0,0,0,0,0,1,0,0,0,0,0,0,1,Non-DAC,0,1
72545390,20200923,654,BYPASS,098 KY-1426,KY1426,N,5.562,0,0,3,3,N,N,55,37.47233,-82.52512,5,3,2,6,1,1,2,5,1,3,N,49,2020,O,098-KY-1426  -000,5.562,0,0,0,0,0,0,1,0,0,0,0,0,0,1,DAC,0,1
72773708,20220616,1556,US119,098 US-119-10,US0119,N,0.055,0,0,2,2,N,N,55,37.50398,-82.53107,5,3,4,6,1,1,2,2,7,3,N,40,2022,O,098-US-0119  -000,0.055,0,0,1,0,0,0,0,0,0,0,0,1,0,1,Non-DAC,1,0
72383694,20190724,941,BRYAN,098 CS-1205,CS1205,N,0.053,0,0,2,2,N,N,15,37.4985,-82.53402,2,3,2,6,1,1,2,2,7,3,N,47,2019,O,098-CS-1205  -000,0.053,0,0,0,1,0,0,0,0,0,0,0,0,0,1,Non-DAC,0,1
72302555,20190113,1814,US23 TURN LANE,098 US-23-21,US0023,N,0.015,0,0,3,3,N,N,55,37.50365,-82.53222,5,3,4,6,1,5,6,5,7,3,N,70,2019,O,098-US-0023  -021,0.015,0,0,1,1,0,0,1,0,0,0,0,0,0,1,Non-DAC,1,0
72685004,20211013,1219,CASSIDY,098 CS-1191,CS1191,N,0.258,1,0,2,2,N,N,35,37.50459,-82.53607,1,3,4,6,1,1,2,2,1,3,Y,55,2021,C,098-CS-1191  -000,0.258,0,0,0,1,0,0,1,0,0,0,0,0,0,1,Non-DAC,0,1
72607840,20210322,2226,CHLOE,,,N,4.414,0,0,1,1,N,N,35,37.47733,-82.50388,9,6,2,3,1,1,2,6,7,3,N,44,2021,O,098-KY-1460  -000,4.414,0,0,0,1,0,0,0,0,0,0,0,1,0,1,Non-DAC,1,0
72601303,20210305,1459,US23,,,N,19.488,0,0,2,2,N,N,55,37.44732,-82.50491,5,3,4,6,1,1,2,2,1,3,N,49,2021,O,098-US-0023  -000,19.488,0,0,0,1,0,0,1,0,0,0,0,0,0,1,Non-DAC,0,1
72374102,20190618,1713,KY3496,098 KY-3496,KY3496,N,0.197,0,0,2,2,Y,N,35,37.46652,-82.53114,1,3,2,6,1,1,2,2,1,3,N,55,2019,O,098-KY-3496  -000,0.197,0,0,0,0,0,0,1,0,0,0,0,0,0,1,DAC,0,1
72781522,20220709,1806,HUFFMAN,098 CS-1123,CS1123,N,0.096,0,0,2,2,N,N,25,37.47774,-82.51854,5,3,3,6,1,5,3,2,1,3,N,35,2022,O,098-CS-1123  -000,0.096,0,0,0,0,0,0,1,1,0,0,1,0,0,1,DAC,1,0
72320908,20190220,1145,HAMBLEY,098 CS-1222,CS1222,N,0.108,0,0,2,2,N,N,35,37.4748,-82.5249,8,3,2,6,1,1,2,2,1,3,N,53,2019,O,098-CS-1222  -000,0.108,0,0,0,0,0,0,0,0,0,0,0,1,0,1,DAC,1,0
72596673,20210220,1736,US23,098 US-23,US0023,N,32.117,0,0,4,4,N,N,55,37.53766,-82.61095,5,97,4,6,1,1,2,2,1,3,N,47,2021,O,098-US-0023  -000,32.117,0,0,0,0,0,0,0,0,1,0,0,0,0,1,Non-DAC,0,1
72651784,20210726,1723,CASSIDY,098 CS-1191,CS1191,N,0.02,0,0,2,2,N,N,55,37.50373,-82.53249,5,3,4,6,1,1,2,2,1,3,N,49,2021,O,098-CS-1191  -000,0.02,0,0,0,0,0,0,1,0,0,0,0,0,0,1,Non-DAC,1,0
72731501,20220216,1128,US HWY 23 NORTH AND KINNIKINNICK ROAD,,,N,,0,0,2,2,N,N,55,37.54082,-82.58239,1,3,4,6,1,1,2,2,1,3,N,55,2022,O,098-US-0023  -000,30.289,0,0,0,1,0,0,0,0,0,0,0,0,0,1,Non-DAC,1,0
72810386,20220924,1910,KY1426,098 KY-1426,KY1426,N,8.124,0,0,1,1,N,N,55,37.49295,-82.49094,9,3,2,1,1,5,3,1,7,3,Y,40,2022,O,098-KY-1426  -000,8.124,0,0,1,0,0,0,1,0,0,0,0,1,0,1,Non-DAC,0,1
72779079,20220624,1328,HAMBLEY,098 CS-1222,CS1222,N,0.036,0,0,2,2,N,N,25,37.47411,-82.52711,1,3,2,6,1,1,2,2,7,3,N,55,2022,O,098-CS-1222  -000,0.036,0,0,1,0,0,0,1,0,0,0,0,0,0,1,DAC,1,0
72488688,20200317,627,US23,098 US-23,US0023,N,23.058,0,0,2,2,N,N,55,37.46599,-82.52814,5,3,4,6,1,5,6,6,1,3,N,49,2020,O,098-US-0023  -000,23.058,0,0,0,1,0,0,1,0,0,0,0,0,0,1,DAC,1,0
72626375,20210519,1613,US23,,,N,26.27,0,0,2,2,N,N,55,37.50347,-82.53213,5,3,7,6,2,1,2,2,1,3,N,49,2021,O,098-US-0023  -000,26.27,0,0,0,0,0,0,1,0,0,0,0,0,0,1,Non-DAC,1,0
72539601,20200903,1726,US23,,,N,22.574,0,0,2,2,N,N,55,37.46448,-82.51963,3,3,4,6,1,5,3,2,1,3,N,52,2020,O,098-US-0023  -000,22.574,0,0,1,0,0,0,0,0,0,0,0,1,0,1,Non-DAC,0,1
72827805,20221105,1644,CASSIDY,098 CS-1191,CS1191,N,0.176,0,0,2,2,N,N,25,37.5038,-82.53489,4,3,4,6,1,1,2,2,1,3,N,70,2022,O,098-CS-1191  -000,0.176,0,0,0,0,0,0,1,0,0,0,0,0,0,1,Non-DAC,0,1
72521198,20200715,821,HAROLDS BRANCH,,,N,0.238,0,0,2,2,N,N,25,37.46957,-82.51871,3,3,2,6,1,1,2,2,7,3,N,52,2020,O,098-CS-1223  -000,0.238,0,0,0,0,0,0,1,0,0,0,0,1,0,1,Non-DAC,0,1
72334852,20190403,1431,US23,,,N,31.595,1,0,2,2,N,N,55,37.53696,-82.60147,5,3,4,6,1,1,2,2,1,3,Y,70,2019,C,098-US-0023  -000,31.595,0,0,0,0,0,0,1,0,0,0,0,0,0,1,Non-DAC,1,0
72574753,20201214,801,BYPASS,,,N,5.956,0,0,2,2,N,N,35,37.47501,-82.51886,5,3,2,6,1,5,6,2,1,3,N,49,2020,O,098-KY-1426  -000,5.956,0,0,0,1,0,0,1,0,0,0,0,0,0,1,DAC,0,1
72564311,20201113,1129,US23,,,N,25.417,0,0,2,2,N,N,55,37.49226,-82.53461,1,3,4,6,1,1,2,2,7,3,N,55,2020,O,098-US-0023  -000,25.417,0,0,0,0,0,0,1,1,0,0,0,0,0,1,Non-DAC,1,0
72754834,20220422,1224,KY1426,098 KY-1426,KY1426,N,8.654,0,0,2,2,N,N,55,37.50047,-82.4902,5,3,2,5,1,1,2,2,1,3,N,70,2022,O,098-KY-1426  -000,8.654,0,0,1,0,0,0,0,0,0,0,0,0,0,1,Non-DAC,0,1
72517856,20200701,1742,US23,,,N,23.072,0,0,2,2,N,N,55,37.46598,-82.52821,8,3,4,6,1,1,2,2,1,3,N,53,2020,O,098-US-0023  -000,23.072,0,0,0,0,0,0,0,0,0,0,0,1,0,1,DAC,1,0
72816585,20221014,2037,CASSIDY,098 CS-1191,CS1191,N,0.25,0,0,2,2,N,N,35,37.50452,-82.53596,1,3,3,6,1,1,2,5,1,3,N,55,2022,O,098-CS-1191  -000,0.25,0,0,0,0,0,0,1,1,0,0,0,0,0,1,Non-DAC,0,1
72441469,20191122,1451,US119,098 US-119,US0119,N,0.048,0,0,2,2,N,N,55,37.50382,-82.53127,5,3,2,6,1,5,3,2,1,3,N,49,2019,O,098-US-0119  -000,0.048,0,0,1,0,0,0,1,0,0,0,0,0,0,1,Non-DAC,1,0
72647317,20210714,1212,US23,098 US-23-10,US0023,N,26.297,0,0,2,2,N,N,55,37.50384,-82.53238,5,3,4,6,1,1,2,2,7,3,N,49,2021,O,098-US-0023  -000,26.297,0,0,0,0,0,0,0,0,1,0,0,0,0,1,Non-DAC,1,0
72498540,20200503,1630,CHLOE,098 KY-1460,KY1460,N,4.81,1,0,1,1,N,N,45,37.47802,-82.51142,9,3,2,6,1,1,2,2,7,3,Y,38,2020,C,098-KY-1460  -000,4.81,0,0,0,0,0,0,0,0,0,0,0,0,0,1,Non-DAC,0,1
72591038,20210202,1411,US23,,,N,26.32,0,0,2,2,N,N,55,37.50418,-82.53242,5,3,4,6,1,5,2,2,7,3,N,49,2021,O,098-US-0023  -000,26.32,0,0,1,0,0,0,1,1,0,0,0,0,0,1,Non-DAC,1,0
72414153,20190924,1225,KY3496,098 KY-3496,KY3496,N,0.791,0,0,2,2,N,N,35,37.4721,-82.52964,1,3,2,6,1,1,2,2,1,3,N,55,2019,O,098-KY-3496  -000,0.791,0,0,0,1,0,0,1,0,0,0,0,0,0,1,DAC,1,0
72316677,20190214,2126,HAMBLEY,098 CS-1222,CS1222,N,0.005,0,0,2,2,N,N,25,37.47392,-82.52728,1,3,2,6,1,1,2,5,7,3,N,55,2019,O,098-CS-1222  -000,0.005,0,0,1,0,0,0,1,0,0,0,0,0,0,1,DAC,1,0
72657144,20210806,645,US23,098 US-23-10,US0023,N,32.333,1,0,1,1,N,N,55,37.53732,-82.6148,9,2,4,3,1,1,2,1,1,3,Y,70,2021,C,098-US-0023  -000,32.333,0,0,0,0,0,0,0,0,1,1,0,1,0,1,Non-DAC,0,1
72563647,20201028,1730,JULIUS,,,N,0.158,0,0,2,2,Y,N,15,37.4783,-82.52367,3,3,1,4,1,1,2,2,6,3,N,47,2020,O,098-CS-1156  -000,0.158,0,0,1,0,0,0,1,0,0,0,0,0,0,1,DAC,0,1
72377984,20190703,1250,BAIRD,,,N,5.419,0,0,2,2,N,N,25,37.47293,-82.52701,1,3,2,6,1,1,2,2,7,3,N,55,2019,O,098-KY-1426  -000,5.419,0,0,0,1,0,0,1,0,0,0,0,0,0,1,DAC,1,0
72685969,20211021,838,CEDAR CREEK,098 CS-1038,CS1038,N,,0,0,2,2,N,N,35,37.47917,-82.558,2,97,2,6,2,1,2,2,6,3,N,47,2021,O,098-CS-1038  -000,0.116,0,0,0,0,0,0,1,0,0,0,0,0,0,1,Non-DAC,0,1
72535496,20200824,614,SCOTT,,,N,0.13,0,0,2,1,N,Y,15,37.48316,-82.51734,9,97,1,6,2,1,2,2,6,3,N,37,2020,O,098-CS-1116  -000,0.13,0,0,0,0,0,1,0,0,0,0,0,0,0,1,DAC,1,0
72722442,20220119,1845,US23,,,N,22.29,0,0,2,2,N,N,55,37.46134,-82.51697,4,3,4,3,1,5,6,6,7,3,N,16,2022,O,098-US-0023  -000,22.29,0,0,0,1,0,0,1,1,0,0,1,0,0,1,Non-DAC,1,0
72368284,20190618,1319,KY1426,098 KY-1426,KY1426,N,6.922,0,0,2,2,N,N,45,37.4862,-82.50913,5,3,2,5,1,5,6,2,1,3,N,49,2019,O,098-KY-1426  -000,6.922,0,0,0,0,0,0,1,0,0,0,0,0,0,1,Non-DAC,1,0
72611624,20210406,1120,CEDAR HILLS,098 KY-1426,KY1426,N,3.411,1,0,1,1,N,N,45,37.45045,-82.53907,9,3,2,3,1,1,2,2,6,3,Y,44,2021,B,098-KY-1426  -000,3.411,0,0,1,0,0,0,0,0,0,1,0,1,0,1,Non-DAC,0,1
72600153,20210303,1935,CEDAR HILLS,098 KY-3417,KY3417,N,1.093,0,0,1,1,N,N,35,37.47609,-82.5554,9,6,2,6,1,1,2,6,6,3,N,40,2021,O,098-KY-3417  -000,1.093,0,0,0,0,0,0,1,0,1,1,0,1,0,1,Non-DAC,1,0
72742313,20220319,2319,US23,098 US-23,US0023,N,27.337,0,0,2,2,N,N,55,37.51077,-82.54799,5,3,4,6,1,5,6,7,7,3,N,49,2022,O,098-US-0023  -000,27.337,0,0,0,1,0,0,1,0,0,0,0,0,0,1,Non-DAC,1,0
72709931,20211212,1530,US23,098 US-23,US0023,N,23.028,2,0,3,3,N,N,55,37.4657,-82.52752,3,3,4,6,1,1,2,2,1,3,N,52,2021,C,098-US-0023  -000,23.028,0,0,0,0,0,0,1,1,0,0,0,1,0,1,DAC,0,1
72808283,20220922,808,BAILEY,,,N,,0,0,2,2,N,N,15,37.47742,-82.5126,5,3,2,6,1,5,3,2,7,3,N,49,2022,O,098-CS-1262  -000,0.21,0,0,0,1,0,0,0,0,0,0,0,0,0,1,Non-DAC,0,1
72810026,20220829,838,US23,098 US-23,US0023,N,25.416,0,0,2,2,N,N,55,37.49228,-82.53461,5,3,4,6,1,1,2,2,1,3,N,49,2022,O,098-US-0023  -000,25.416,0,0,0,0,0,0,1,0,0,0,0,0,0,1,Non-DAC,1,0
72765982,20220525,1215,CASSIDY,098 CS-1191,CS1191,N,0.027,0,0,2,2,N,N,25,37.5037,-82.533,5,3,5,6,1,1,2,2,7,3,N,49,2022,O,098-CS-1191  -000,0.027,0,0,0,0,0,0,1,0,0,0,0,0,0,1,Non-DAC,1,0
72728608,20220207,2109,KY3495,098 KY-3495,KY3495,N,0.141,0,0,2,2,Y,N,45,37.48795,-82.54122,1,97,2,6,1,1,2,7,7,3,N,47,2022,O,098-KY-3495  -000,0.141,0,0,0,0,0,0,0,0,0,0,0,0,0,1,Non-DAC,0,1
72620296,20210407,1808,US23,098 US-23-10,US0023,N,22.941,1,0,2,2,N,N,55,37.46535,-82.52596,4,3,4,6,1,1,2,2,7,3,Y,16,2021,A,098-US-0023  -000,22.941,1,0,0,0,0,0,1,1,0,0,1,0,0,1,DAC,1,0
72388919,20190725,1720,US23,,,N,25.588,1,0,1,1,N,N,55,37.49419,-82.53268,9,3,4,6,1,1,2,2,7,3,Y,40,2019,B,098-US-0023  -000,25.588,0,0,0,0,0,0,1,0,0,0,0,1,0,1,Non-DAC,0,1
72834030,20221125,2133,US23 CONNECTOR TO US460,098 US-23-71,US0023,N,0.005,0,0,2,2,N,N,55,37.43887,-82.50922,1,3,4,6,1,5,10,6,3,3,N,55,2022,O,098-US-0023  -071,0.005,0,0,0,1,0,0,0,1,0,0,0,0,0,1,Non-DAC,1,0
72738704,20220304,1214,BAIRD,098 KY-1426,KY1426,N,5.389,1,0,2,2,N,N,25,37.4731,-82.5271,5,3,2,6,1,1,2,2,7,3,Y,49,2022,C,098-KY-1426  -000,5.389,0,0,0,0,0,0,0,0,0,0,0,0,0,1,DAC,1,0
72480363,20200224,915,BOB AMOS,098 CS-1025,CS1025,N,0.77,0,0,2,2,N,N,15,37.4693,-82.54323,7,97,2,6,1,5,2,2,7,3,N,47,2020,O,098-CS-1025  -000,0.77,0,0,0,1,0,0,1,0,0,0,0,0,0,1,Non-DAC,0,1
72729337,20220209,2025,KY1426 TURN LANE,098 KY-1426-28,KY1426,N,0.024,0,0,2,2,N,N,35,37.47398,-82.52732,5,3,4,6,1,1,2,5,1,3,N,49,2022,O,098-KY-1426  -028,0.024,0,0,0,0,0,0,1,0,0,0,0,0,0,1,DAC,1,0
72820358,20221024,1557,MAYO,098 KY-3496,KY3496,N,0.609,0,0,2,2,N,N,35,37.47148,-82.53293,4,3,2,6,1,1,2,2,1,3,N,70,2022,O,098-KY-3496  -000,0.609,0,0,1,0,0,0,0,1,0,0,0,0,0,1,DAC,1,0
72495199,20200418,1354,HUFFMAN,098 CS-1123,CS1123,N,,0,0,1,1,N,N,15,37.47839,-82.51975,9,6,2,6,1,1,3,2,1,3,N,40,2020,O,098-CS-1123  -000,0.181,0,0,0,1,0,0,0,0,0,0,0,1,0,1,DAC,1,0
72632174,20210521,1257,CHLOE,,,N,3.819,1,0,1,1,N,N,45,37.47723,-82.49359,9,4,2,2,1,1,2,2,6,3,Y,44,2021,C,098-KY-1460  -000,3.819,0,0,0,0,0,0,1,0,0,0,0,1,0,1,Non-DAC,1,0
72317070,20190215,1818,CASSIDY,,,N,0.29,2,0,2,2,N,N,25,37.50497,-82.53662,1,3,4,6,1,1,3,5,1,3,Y,55,2019,C,098-CS-1191  -000,0.29,0,0,0,0,0,0,1,1,0,0,0,0,0,1,Non-DAC,0,1
72617780,20210426,1620,US23,,,N,19.509,0,0,2,2,N,N,55,37.44759,-82.50498,1,3,4,3,1,1,2,2,7,3,N,55,2021,O,098-US-0023  -000,19.509,0,0,0,1,0,0,0,0,0,0,0,0,0,1,Non-DAC,0,1
72579271,20201226,1456,US23,098 US-23-10,US0023,N,26.332,1,0,2,2,N,N,55,37.50376,-82.53214,5,3,4,6,1,5,3,2,7,3,N,35,2020,C,098-US-0023  -000,26.332,0,0,0,0,0,0,1,0,0,0,1,0,0,1,Non-DAC,0,1
72750063,20220413,748,US23,098 US-23-10,US0023,N,26.562,0,0,3,3,N,N,55,37.50715,-82.53448,5,3,4,6,1,1,3,2,1,3,N,49,2022,O,098-US-0023  -000,26.562,0,0,1,0,0,0,1,0,0,0,0,0,0,1,Non-DAC,0,1
72585864,20210111,1142,BAIRD,098 KY-1426,KY1426,N,5.394,0,0,3,3,N,N,55,37.47328,-82.52711,1,3,2,6,1,1,2,2,1,3,N,55,2021,O,098-KY-1426  -000,5.394,0,0,0,0,0,0,1,0,0,0,0,0,0,1,DAC,1,0
72791350,20220807,1459,US23,098 US-23,US0023,N,26.281,0,0,2,2,N,N,55,37.50363,-82.53212,5,3,4,6,1,1,3,2,7,3,N,70,2022,O,098-US-0023  -000,26.281,0,0,0,1,0,0,0,1,0,0,0,0,0,1,Non-DAC,1,0
72689442,20211028,1342,BYPASS,098 KY-1426,KY1426,N,6.255,0,0,2,2,N,N,55,37.47842,-82.51559,1,3,2,6,1,5,6,2,1,3,N,55,2021,O,098-KY-1426  -000,6.255,0,0,0,1,0,0,0,0,0,0,0,0,0,1,DAC,0,1
72639401,20210622,940,KY3417,098 KY-3417,KY3417,N,0.37,0,0,2,2,N,N,35,37.46663,-82.55825,7,3,2,1,1,5,2,2,7,3,N,54,2021,O,098-KY-3417  -000,0.37,0,0,0,0,0,0,1,0,0,0,0,1,0,1,Non-DAC,0,1
72517863,20200703,1119,OWSLEY,,,N,6.799,0,0,2,2,N,N,35,37.47931,-82.54302,4,3,4,6,1,1,2,2,6,3,N,70,2020,O,098-KY-1384  -000,6.799,0,0,0,1,0,0,1,0,0,0,0,0,0,1,DAC,1,0
72442303,20191122,745,US23,098 US-23-10,US0023,N,26.605,0,0,3,3,N,N,55,37.5075,-82.53513,5,3,4,6,1,5,6,2,1,3,N,49,2019,O,098-US-0023  -000,26.605,0,0,0,1,0,0,1,0,0,0,0,0,0,1,Non-DAC,0,1
72486027,20200304,1714,2ND,098 CS-1117,CS1117,N,0.214,0,0,2,2,Y,N,25,37.48088,-82.51765,8,97,1,6,1,1,2,2,1,3,N,47,2020,O,098-CS-1117  -000,0.214,0,0,0,0,0,0,0,0,0,0,0,0,0,1,DAC,1,0
72685448,20211015,1440,BAIRD,098 KY-1426,KY1426,N,5.388,0,0,2,2,N,N,15,37.47305,-82.52704,1,3,2,6,1,1,2,2,7,3,N,55,2021,O,098-KY-1426  -000,5.388,0,0,0,0,0,0,1,0,0,0,0,0,0,1,DAC,1,0
72438213,20191118,1225,KY3496,,,N,0.148,0,0,2,2,N,N,35,37.46624,-82.53032,1,3,2,3,1,1,2,2,1,3,N,55,2019,O,098-KY-3496  -000,0.148,0,0,0,1,0,0,1,0,0,0,0,0,0,1,DAC,0,1
72544005,20200914,1746,KY3218,098 KY-3218,KY3218,N,3.072,0,0,2,2,N,N,55,37.56003,-82.55866,5,3,2,6,1,1,2,2,7,3,N,49,2020,O,098-KY-3218  -000,3.072,0,0,1,0,0,0,0,0,0,0,0,0,0,1,Non-DAC,0,1
72347893,20190503,1210,US23,098 US-23,US0023,N,26.217,0,0,2,2,N,N,55,37.50272,-82.53203,5,3,4,6,1,1,3,2,1,3,N,49,2019,O,098-US-0023  -000,26.217,0,0,1,0,0,0,1,0,0,1,0,0,0,1,Non-DAC,0,1
72726666,20220118,1559,US23,098 US-23,US0023,N,21.475,0,0,2,2,N,N,55,37.45152,-82.52367,5,3,4,6,1,1,2,2,1,3,N,49,2022,O,098-US-0023  -000,21.475,0,0,0,0,0,0,1,0,0,0,0,0,0,1,Non-DAC,0,1
72313451,20190204,1225,BYPASS,098 KY-1426,KY1426,N,6.593,3,0,2,2,N,N,55,37.48289,-82.51337,1,3,2,6,1,1,2,2,1,3,Y,55,2019,B,098-KY-1426  -000,6.593,0,0,0,1,0,0,0,1,0,0,0,0,0,1,DAC,1,0
72426894,20191025,2118,CASSIDY,098 CS-1191,CS1191,N,0.308,0,0,1,1,N,N,35,37.50515,-82.53699,9,4,2,1,1,5,6,7,1,3,N,44,2019,O,098-CS-1191  -000,0.308,0,0,1,0,0,0,0,0,0,0,0,1,0,1,Non-DAC,0,1
72845728,20221222,1513,CEDAR HILLS,098 KY-1426,KY1426,N,4.008,0,0,1,1,N,N,55,37.45465,-82.53085,9,5,2,3,1,1,3,2,7,3,N,40,2022,O,098-KY-1426  -000,4.008,0,0,0,0,0,0,1,0,0,0,0,1,0,1,Non-DAC,0,1
72340551,20190417,1542,US23,,,N,26.318,0,0,2,2,N,N,55,37.50415,-82.53242,5,3,4,6,1,1,2,2,1,3,N,35,2019,O,098-US-0023  -000,26.318,0,0,0,0,0,0,1,0,0,0,1,0,0,1,Non-DAC,1,0
72751320,20220416,2027,BAIRD,098 KY-1426,KY1426,N,5.387,0,0,2,2,N,N,55,37.47339,-82.52714,1,3,2,6,1,1,2,5,1,3,N,55,2022,O,098-KY-1426  -000,5.387,0,0,0,1,0,0,1,0,0,0,0,0,0,1,DAC,1,0
72560348,20201103,1340,REDALE,098 CS-1244,CS1244,N,0.274,0,0,2,2,N,N,15,37.48651,-82.5295,8,3,1,6,1,1,2,2,6,3,N,53,2020,O,098-CS-1244  -000,0.274,0,0,0,1,0,0,0,0,0,1,0,1,0,1,DAC,1,0