MasterFile,CollisionDate,CollisionTime,RoadwayName,RSEUniqueGIS,RoadwayIdentifier,ParkingLotIndicator,Milepoint,NumberInjured,NumberKilled,ofUnits,ofMotorVehicleUnits,Hit&RunIndicator,OneWayIndicator,SpeedLimitNumber,Latitude,Longitude,MannerofCollisionCode,LocationFirstEventCode,TotalLanes,RoadwayCharacterCode,RoadwaySurfaceCode,RoadwayConditionCode,WeatherCode,LightConditionCode,LandUseCode,SchoolBusRelatedCode,FirstAidSceneIndicator,DirectionalAnalysis,YR,KABCO,KTC_RT,KTC_MP,Motorcyclist,Commercial Vehicle,Young Driver,Mature Driver,Pedestrian,Bicyclist,Distracted,Aggressive,Impaired,Unrestrained,Intersection,Roadway Departure,Median Cross-over,CityCrash,DACid,Intersection Crash,Segment Crash
72457892,20191226,1258,CASSIDY,,,N,0.239,0,0,2,2,N,N,25,37.50441,-82.53578,1,3,5,3,1,1,3,2,1,3,N,55,2019,O,098-CS-1191  -000,0.239,0,0,0,0,0,0,1,1,0,0,0,0,0,1,Non-DAC,0,1
72583203,20210110,1405,US23,,,N,24.174,0,0,2,2,Y,N,55,37.47738,-82.54062,8,3,4,6,1,1,2,2,7,3,N,53,2021,O,098-US-0023  -000,24.174,0,0,1,0,0,0,1,1,0,0,0,1,0,1,DAC,1,0
72581119,20210102,2055,US23,098 US-23,US0023,N,29.494,2,0,2,2,N,N,45,37.53019,-82.57612,5,3,6,6,1,1,2,6,1,3,Y,49,2021,C,098-US-0023  -000,29.494,0,0,0,0,0,0,1,0,0,1,0,0,0,1,Non-DAC,0,1
72756281,20220422,1728,CHLOE,098 KY-1460,KY1460,N,2.732,0,0,2,2,N,N,15,37.46878,-82.47836,2,97,1,6,1,1,2,2,6,3,N,56,2022,O,098-KY-1460  -000,2.732,0,0,0,0,0,0,1,0,0,0,0,0,0,1,Non-DAC,0,1
72552297,20201011,1042,US23,,,N,26.261,0,0,3,3,N,N,55,37.50338,-82.53232,5,3,4,6,1,5,3,2,1,3,N,49,2020,O,098-US-0023  -000,26.261,0,0,0,1,0,0,1,0,0,0,0,0,0,1,Non-DAC,1,0
72719723,20220110,503,CLEVENGER,098 CS-1154,CS1154,N,0.018,0,0,2,2,N,N,15,37.47576,-82.52415,3,3,1,5,1,2,3,5,6,3,N,47,2022,O,098-CS-1154  -000,0.018,0,0,0,0,0,0,0,0,0,0,0,0,0,1,DAC,1,0
72528083,20200724,1657,OWSLEY,098 KY-1384,KY1384,N,6.858,2,0,2,2,N,N,45,37.47984,-82.54191,1,3,4,6,1,1,2,2,1,3,N,55,2020,C,098-KY-1384  -000,6.858,0,0,0,0,0,0,1,0,0,0,0,0,0,1,DAC,1,0
72540933,20200910,915,2ND,098 CS-1117,CS1117,N,0.042,0,0,2,2,N,N,15,37.483,-82.51604,2,97,1,6,1,1,2,2,6,3,N,56,2020,O,098-CS-1117  -000,0.042,0,0,0,0,0,0,1,0,0,0,0,1,0,1,DAC,1,0
72661299,20210821,1425,US23,,,N,23.062,0,0,2,2,N,N,55,37.46592,-82.52806,5,3,4,6,1,1,2,2,7,3,N,49,2021,O,098-US-0023  -000,23.062,0,0,0,0,0,0,0,0,0,0,0,0,0,1,DAC,1,0
72689744,20211029,2338,US119,098 US-119-10,US0119,N,0.151,0,0,1,1,N,N,55,37.50437,-82.52943,9,3,2,6,1,1,2,6,7,3,N,38,2021,O,098-US-0119  -000,0.151,0,0,0,0,0,0,0,0,0,0,0,0,0,1,Non-DAC,0,1
72592686,20210204,1340,HAMBLEY,098 CS-1222,CS1222,N,1.712,1,0,2,2,N,N,35,37.48169,-82.53329,4,3,2,6,1,1,2,2,7,3,Y,70,2021,B,098-CS-1222  -000,1.712,0,0,0,0,0,0,1,1,0,0,0,0,0,1,DAC,1,0
72379051,20190710,909,US119,098 US-119-10,US0119,N,2.323,0,0,2,2,N,N,55,37.51347,-82.49371,5,3,2,5,1,1,2,2,7,3,N,49,2019,O,098-US-0119  -000,2.323,0,0,0,0,0,0,1,0,0,0,0,1,0,1,DAC,0,1
72787626,20220728,918,KY1426,098 KY-1426,KY1426,N,7.938,0,0,1,1,N,N,35,37.49061,-82.49276,9,5,2,2,1,5,6,2,7,3,N,40,2022,O,098-KY-1426  -000,7.938,0,0,0,0,0,0,0,0,0,0,0,1,0,1,Non-DAC,0,1
72660466,20210819,753,BYPASS,098 KY-1426,KY1426,N,,0,0,3,3,N,N,45,37.47983,-82.51471,8,3,2,6,1,5,6,2,1,3,N,53,2021,O,098-KY-1426  -000,6.366,0,0,0,0,0,0,1,0,0,0,0,1,0,1,DAC,0,1
72800408,20220827,1937,US23,098 US-23-10,US0023,N,32.352,0,0,1,1,N,N,55,37.53695,-82.615,9,3,4,6,1,1,3,2,7,3,N,70,2022,O,098-US-0023  -000,32.352,0,0,0,0,0,0,0,0,0,0,0,0,0,1,Non-DAC,0,1
72374104,20190627,2229,CASSIDY,098 CS-1191,CS1191,N,0.069,0,0,1,1,N,N,35,37.50365,-82.53326,9,3,2,6,1,1,2,4,1,3,N,38,2019,O,098-CS-1191  -000,0.069,0,0,0,0,0,0,0,0,0,0,0,0,0,1,Non-DAC,0,1
72428925,20191029,1627,US23,,,N,31.603,0,0,2,2,N,N,55,37.53687,-82.60168,1,3,4,6,1,1,2,2,7,3,N,8,2019,O,098-US-0023  -000,31.603,0,0,0,0,0,0,1,1,0,0,1,0,0,1,Non-DAC,1,0
72316414,20190215,1217,CASSIDY,098 CS-1191,CS1191,N,0.164,0,0,2,2,N,N,25,37.50371,-82.53471,1,3,2,3,1,1,2,2,1,3,N,55,2019,O,098-CS-1191  -000,0.164,0,0,0,1,0,0,0,1,0,0,0,0,0,1,Non-DAC,0,1
72621826,20210506,1718,US23,098 US-23-10,US0023,N,26.364,0,0,3,3,N,N,55,37.50482,-82.53238,6,3,4,6,1,1,2,2,1,3,N,70,2021,O,098-US-0023  -000,26.364,0,0,0,0,0,0,1,0,0,0,0,0,0,1,Non-DAC,0,1
72713286,20211223,1330,KY1426,098 KY-1426,KY1426,N,6.92,0,0,2,2,N,N,55,37.48628,-82.50907,5,3,2,6,1,1,2,2,7,3,N,49,2021,O,098-KY-1426  -000,6.92,0,0,0,0,0,0,0,0,0,0,0,0,0,1,Non-DAC,1,0
72330342,20190318,1222,MAYO,098 US-23-10,US0023,N,29.611,0,0,2,2,N,N,55,37.53163,-82.57718,5,3,5,6,1,1,3,2,7,3,N,49,2019,O,098-US-0023  -000,29.611,0,0,0,1,0,0,1,0,0,0,0,0,0,1,Non-DAC,1,0
72414344,20190929,2123,US23,098 US-23,US0023,N,23.854,0,0,1,1,N,N,55,37.47483,-82.53738,9,3,4,6,1,1,2,5,1,3,N,38,2019,O,098-US-0023  -000,23.854,0,0,0,0,0,0,0,0,0,0,0,0,0,1,DAC,0,1
72460369,20200107,650,US119,098 US-119-10,US0119,N,2.09,0,0,1,1,N,N,55,37.51241,-82.49773,9,5,4,2,1,4,9,4,7,3,N,44,2020,O,098-US-0119  -000,2.09,0,0,0,0,0,0,0,0,0,0,0,1,0,1,Non-DAC,0,1
72626851,20210514,724,HAMBLEY,,,N,1.368,1,0,2,2,N,N,35,37.48442,-82.52801,5,3,2,6,1,1,2,2,6,3,Y,49,2021,C,098-CS-1222  -000,1.368,0,0,0,0,0,0,1,0,0,0,0,0,0,1,DAC,1,0
72524709,20200725,1650,KY3496,,,N,0.208,0,0,2,2,N,N,35,37.46656,-82.53136,1,3,2,6,1,1,2,2,1,3,N,55,2020,O,098-KY-3496  -000,0.208,0,0,1,0,0,0,1,1,0,0,0,0,0,1,DAC,0,1
72657994,20210812,923,US23 TURN LANE,098 US-23-20,US0023,N,0.004,0,0,2,2,N,N,55,37.50397,-82.53239,8,3,4,6,1,1,2,2,7,3,N,53,2021,O,098-US-0023  -020,0.004,0,0,0,0,0,0,1,0,0,0,0,1,0,1,Non-DAC,1,0
72337165,20190409,1635,US23,,,N,23.066,0,0,2,2,N,N,55,37.46585,-82.5282,5,3,4,6,1,1,2,2,1,3,N,49,2019,O,098-US-0023  -000,23.066,0,0,0,0,0,0,1,0,0,0,0,0,0,1,DAC,1,0
72531247,20200728,1411,US23,,,N,31.611,2,0,2,2,N,N,55,37.53689,-82.60181,5,3,4,6,1,1,3,2,7,3,Y,70,2020,C,098-US-0023  -000,31.611,0,0,0,1,0,0,0,0,0,0,0,0,0,1,Non-DAC,1,0
72700449,20211116,1300,HAROLDS BRANCH,098 CS-1223,CS1223,N,0.58,0,0,1,1,N,N,15,37.46941,-82.51424,9,5,1,6,1,1,2,2,6,3,N,40,2021,O,098-CS-1223  -000,0.58,0,0,0,0,0,0,1,0,0,0,0,1,0,1,Non-DAC,0,1
72716509,20211230,948,BAIRD,098 KY-1426,KY1426,N,5.413,1,0,2,2,N,N,25,37.47302,-82.52704,1,3,3,6,1,5,3,2,7,3,Y,55,2021,C,098-KY-1426  -000,5.413,0,0,0,1,0,0,1,0,0,0,0,0,0,1,DAC,1,0
72347012,20190426,1551,US23,,,N,,2,0,2,2,N,N,55,37.43885,-82.50917,1,3,4,6,1,1,2,2,1,3,Y,55,2019,B,098-US-0023  -000,18.785,0,0,0,0,0,0,1,1,1,0,0,0,0,1,Non-DAC,1,0
72712167,20211214,1746,US23,,,N,26.165,2,0,3,3,N,N,55,37.50198,-82.53213,5,3,4,6,1,1,2,5,7,3,N,70,2021,B,098-US-0023  -000,26.165,0,0,0,1,0,0,1,0,0,0,0,0,0,1,Non-DAC,0,1
72319228,20190222,1905,RIVER,,,N,0.027,0,0,1,1,N,N,45,37.47351,-82.52186,9,6,2,6,1,5,6,5,1,3,N,40,2019,O,098-CS-1054  -000,0.027,0,0,0,0,0,0,0,0,0,0,0,1,0,1,DAC,0,1
72796849,20220809,928,KY1426,098 KY-1426,KY1426,N,7.07,0,0,2,2,N,N,55,37.48777,-82.50712,5,3,2,6,1,1,2,2,1,3,N,49,2022,O,098-KY-1426  -000,7.07,0,0,0,0,0,0,1,0,0,0,0,0,0,1,Non-DAC,1,0
72332188,20190327,1646,CHLOE,,,N,4.496,0,0,1,1,N,N,35,37.47744,-82.50545,9,3,2,6,1,1,2,2,6,3,N,70,2019,O,098-KY-1460  -000,4.496,0,0,0,0,0,0,1,0,0,0,0,1,0,1,Non-DAC,0,1
72451526,20191210,2211,US119,,,N,2.379,0,0,2,2,N,N,55,37.51354,-82.49268,5,5,4,2,1,4,9,6,7,3,N,47,2019,O,098-US-0119  -000,2.379,0,0,0,0,0,0,0,0,0,0,0,0,0,1,DAC,0,1
72691528,20211102,753,OWSLEY,098 KY-1384,KY1384,N,7.519,0,0,2,2,N,N,15,37.48347,-82.53463,5,3,4,6,1,5,6,2,7,3,N,49,2021,O,098-KY-1384  -000,7.519,0,0,1,0,0,0,0,0,0,0,0,0,0,1,DAC,1,0
72811482,20221001,1440,US23,098 US-23,US0023,N,27.272,0,0,2,2,N,N,45,37.51114,-82.55013,5,3,4,6,1,5,6,2,1,3,Y,70,2022,O,098-US-0023  -000,27.272,0,0,1,1,0,0,1,0,0,0,0,0,0,1,Non-DAC,0,1
72747000,20220403,1324,CASSIDY,098 CS-1191,CS1191,N,0.237,0,0,2,2,N,N,25,37.5044,-82.53575,1,3,2,5,1,1,2,2,1,3,N,55,2022,O,098-CS-1191  -000,0.237,0,0,0,1,0,0,0,0,0,0,0,0,0,1,Non-DAC,0,1
72309013,20190129,1213,US23,098 US-23,US0023,N,26.281,0,0,2,2,N,N,55,37.50362,-82.53215,5,3,4,6,1,1,3,2,1,3,N,49,2019,O,098-US-0023  -000,26.281,0,0,0,1,0,0,0,0,0,0,0,0,0,1,Non-DAC,1,0
72367859,20190617,1530,NORTHMONTE,098 CS-1098,CS1098,N,0.289,0,0,1,1,N,N,15,37.48546,-82.53755,9,3,2,1,1,1,3,2,6,3,N,40,2019,O,098-CS-1098  -000,0.289,0,0,0,0,0,0,0,0,0,0,0,1,0,1,Non-DAC,1,0
72333244,20190328,1454,US23,,,N,26.291,0,0,2,2,N,N,55,37.50377,-82.53216,1,3,4,6,1,1,2,2,7,3,N,55,2019,O,098-US-0023  -000,26.291,0,0,0,1,0,0,1,0,0,0,0,0,0,1,Non-DAC,1,0
72766824,20220523,1739,THOMPSON,098 CS-1215,CS1215,N,0.044,0,0,2,2,N,N,35,37.51016,-82.54824,5,3,2,6,1,5,6,2,1,3,N,49,2022,O,098-CS-1215  -000,0.044,0,0,0,1,0,0,1,0,0,0,0,0,0,1,Non-DAC,1,0
72307794,20190119,2214,PHYLLIS,,,N,0.078,0,0,2,2,Y,N,15,37.48681,-82.52573,2,3,,2,1,1,2,4,6,3,N,47,2019,O,098-CS-1090  -000,0.078,0,0,0,0,0,0,1,0,0,0,0,0,0,1,DAC,0,1
72434035,20191108,2047,US23,,,N,25.214,0,0,1,1,N,N,55,37.49044,-82.53745,9,3,4,6,1,1,2,6,1,3,N,38,2019,O,098-US-0023  -000,25.214,0,0,0,1,0,0,0,0,0,0,0,0,0,1,Non-DAC,0,1
72537665,20200831,1432,MAIN,098 CS-1112,CS1112,N,0.015,0,0,2,2,N,N,15,37.47791,-82.5184,8,3,2,6,1,1,2,2,1,3,N,47,2020,O,098-CS-1112  -000,0.015,0,0,0,0,0,0,0,0,0,1,0,0,0,1,DAC,1,0
72331918,20190322,1330,HAMBLEY,098 CS-1222,CS1222,N,0.236,0,0,2,2,N,N,25,37.47556,-82.52341,1,3,2,6,1,1,2,2,1,3,N,55,2019,O,098-CS-1222  -000,0.236,0,0,0,0,0,0,1,0,0,0,0,0,0,1,DAC,1,0
72312838,20190207,839,SCOTT,098 CS-1116,CS1116,N,0.166,0,0,2,2,Y,N,25,37.48344,-82.5179,8,3,1,6,1,5,6,5,6,,N,47,2019,O,098-CS-1116  -000,0.166,0,0,0,0,0,0,0,0,0,0,0,0,0,1,DAC,1,0
72765919,20220526,901,KY1426,098 KY-1426,KY1426,N,7.575,0,0,2,2,N,N,45,37.49027,-82.49807,5,3,2,6,1,5,3,2,7,3,N,49,2022,O,098-KY-1426  -000,7.575,0,0,0,0,0,0,0,0,0,0,0,0,0,1,Non-DAC,1,0
72543226,20200917,1600,MAYO TRAIL,098 US-23,US0023,N,,0,0,2,2,N,N,55,37.51154,-82.55064,5,3,6,6,1,5,3,2,7,3,N,70,2020,O,098-US-0023  -000,27.49,0,0,0,0,0,0,1,0,0,0,0,0,0,1,Non-DAC,1,0
72815915,20221013,1032,US23,,,N,21.588,0,0,1,1,N,N,55,37.45285,-82.52251,9,5,4,6,1,5,6,2,1,3,N,40,2022,O,098-US-0023  -000,21.588,0,0,1,0,0,0,0,0,0,0,0,1,0,1,Non-DAC,1,0
72348215,20190503,1139,KY1426,,,N,8.521,1,0,1,1,N,N,45,37.49869,-82.49068,9,4,3,4,1,1,2,2,7,3,Y,44,2019,B,098-KY-1426  -000,8.521,0,0,0,0,0,0,1,0,0,1,0,1,0,1,Non-DAC,0,1
72552990,20201014,1548,BYPASS,098 KY-1426,KY1426,N,5.848,0,0,2,2,N,N,55,37.47385,-82.52029,8,7,2,4,1,1,2,8,1,3,N,47,2020,O,098-KY-1426  -000,5.848,0,0,1,0,0,0,0,0,0,0,0,0,0,1,DAC,0,1
72501958,20200516,730,CHLOE,,,N,3.908,0,0,1,1,N,N,45,37.47694,-82.49514,9,3,2,3,1,1,3,2,6,3,N,40,2020,O,098-KY-1460  -000,3.908,0,0,0,0,0,0,1,0,0,0,0,1,0,1,Non-DAC,0,1
72811336,20220930,1404,KY3496,,,N,0.928,0,0,2,2,N,N,35,37.47216,-82.52715,1,3,2,6,1,1,2,2,1,3,N,55,2022,O,098-KY-3496  -000,0.928,0,0,1,1,0,0,1,1,0,0,0,0,0,1,DAC,1,0
72804316,20220902,1535,US23,098 US-23-10,US0023,N,27.398,0,0,2,2,N,N,55,37.51091,-82.54919,5,3,4,6,1,1,2,2,7,3,N,49,2022,O,098-US-0023  -000,27.398,0,0,1,0,0,0,0,0,0,0,0,0,0,1,Non-DAC,1,0
72307689,20190124,1841,TOWN MOUNTAIN,098 KY-1426,KY1426,N,9.172,0,0,1,1,N,N,45,37.50756,-82.489,9,3,2,5,1,5,3,4,7,3,N,40,2019,O,098-KY-1426  -000,9.172,0,0,0,0,0,0,0,0,0,0,0,1,0,1,Non-DAC,0,1
72733077,20220204,1719,OWSLEY,098 KY-1384,KY1384,N,6.786,0,0,2,2,N,N,45,37.47938,-82.54292,1,3,4,6,1,5,9,2,1,3,N,55,2022,O,098-KY-1384  -000,6.786,0,0,0,0,0,0,1,0,0,0,0,0,0,1,DAC,1,0
72732908,20220214,1452,BYPASS,098 KY-1460,KY1460,N,5.643,0,0,2,2,N,N,45,37.48674,-82.5219,1,3,2,5,1,1,2,2,1,3,N,55,2022,O,098-KY-1460  -000,5.643,0,0,0,1,0,0,1,1,0,0,0,0,0,1,DAC,0,1
72546314,20200921,1200,MAIN,098 CS-1112,CS1112,N,0.007,0,0,2,2,N,N,20,37.4778,-82.51849,2,3,1,6,1,1,2,2,1,3,N,47,2020,O,098-CS-1112  -000,0.007,0,0,0,0,0,0,0,0,0,0,0,0,0,1,DAC,1,0
72319389,20190219,816,KY3218,098 KY-3218,KY3218,N,1.887,0,0,2,2,Y,N,55,37.55232,-82.57624,7,3,2,2,1,1,2,2,7,3,N,54,2019,O,098-KY-3218  -000,1.887,0,0,1,0,0,0,1,0,0,0,0,1,0,1,Non-DAC,0,1
72828814,20221112,2130,HAMBLEY,098 CS-1222,CS1222,N,0.914,0,0,2,2,N,N,35,37.48369,-82.5205,2,2,2,6,1,5,3,5,7,3,N,47,2022,O,098-CS-1222  -000,0.914,0,0,0,0,0,0,0,0,0,1,0,0,0,1,DAC,1,0
72825219,20221105,230,US23,098 US-23,US0023,N,27.034,0,0,1,1,N,N,55,37.51046,-82.54188,9,3,4,6,1,1,3,6,1,3,N,38,2022,O,098-US-0023  -000,27.034,0,0,0,0,0,0,0,0,0,0,0,0,0,1,Non-DAC,0,1
72795148,20220811,1134,US23,098 US-23-10,US0023,N,24.9,0,0,2,2,N,N,55,37.4872,-82.54158,5,3,4,6,1,5,3,2,7,3,N,49,2022,O,098-US-0023  -000,24.9,0,0,0,1,0,0,0,0,0,0,0,0,0,1,Non-DAC,0,1
72755955,20220429,2239,US23,098 US-23-10,US0023,N,27.302,0,0,2,2,Y,N,55,37.51052,-82.54735,8,3,4,6,1,1,2,6,7,3,N,53,2022,O,098-US-0023  -000,27.302,0,0,0,0,0,0,0,0,0,0,0,1,0,1,Non-DAC,0,1
72475639,20200206,1833,KY1460,098 KY-1460,KY1460,N,6.699,0,0,2,2,N,N,45,37.48363,-82.53923,1,3,2,6,1,5,3,4,1,3,N,55,2020,O,098-KY-1460  -000,6.699,0,0,0,0,0,0,1,0,0,0,0,0,0,1,Non-DAC,1,0
72543771,20200917,944,US119,,,N,,0,0,2,2,N,N,55,37.50378,-82.53212,8,3,2,3,1,5,3,2,1,3,N,53,2020,O,098-US-0119  -000,0.002,0,1,0,0,0,0,0,0,0,0,0,1,0,1,Non-DAC,1,0
72705516,20211129,1403,US23,098 US-23,US0023,N,26.292,0,0,2,2,Y,N,55,37.50377,-82.53236,5,3,4,6,1,1,2,2,7,3,N,35,2021,O,098-US-0023  -000,26.292,0,0,0,0,0,0,1,0,0,0,1,0,0,1,Non-DAC,1,0
72353756,20190515,1701,US23,098 US-23-10,US0023,N,18.783,0,0,2,2,Y,N,55,37.43883,-82.50914,1,3,4,6,1,1,2,2,7,3,N,55,2019,O,098-US-0023  -000,18.783,0,0,0,1,0,0,0,0,0,0,0,0,0,1,Non-DAC,1,0
72338331,20190407,231,OWSLEY,098 KY-1384,KY1384,N,5.073,0,0,1,1,N,N,35,37.48572,-82.56744,9,5,2,6,1,1,3,2,7,2,N,51,2019,O,098-KY-1384  -000,5.073,0,0,0,1,0,0,0,0,0,0,0,1,0,1,Non-DAC,0,1
72631506,20210528,2015,US23,098 US-23,US0023,N,29.564,1,0,2,2,Y,N,55,37.53108,-82.57665,5,3,6,6,1,1,2,2,7,3,N,49,2021,B,098-US-0023  -000,29.564,0,0,0,0,0,0,1,0,0,0,0,0,0,1,Non-DAC,0,1
72585896,20210118,1251,US23,098 US-23,US0023,N,19.183,0,0,2,2,N,N,15,37.44302,-82.50583,2,97,2,6,1,5,3,2,7,3,N,56,2021,O,098-US-0023  -000,19.183,0,0,0,1,0,0,1,0,0,0,0,0,0,1,Non-DAC,0,1
72688707,20211026,737,HAMBLEY,098 CS-1222,CS1222,N,1.712,3,0,2,2,N,N,35,37.48168,-82.53329,1,3,2,6,1,5,6,5,1,3,Y,10,2021,C,098-CS-1222  -000,1.712,0,0,0,0,0,0,1,0,0,1,1,0,0,1,DAC,1,0
72480998,20200226,1900,CHLOE,,,N,4.908,0,0,2,2,Y,N,45,37.47773,-82.5133,7,3,,,1,5,6,7,1,3,N,54,2020,O,098-KY-1460  -000,4.908,0,0,0,0,0,0,0,0,0,0,0,1,0,1,Non-DAC,0,1
72327248,20190315,1143,CASSIDY,098 CS-1191,CS1191,N,0.043,0,0,2,2,N,N,25,37.50369,-82.53287,8,3,4,4,2,1,2,2,1,3,N,53,2019,O,098-CS-1191  -000,0.043,0,0,0,1,0,0,1,0,0,0,0,1,0,1,Non-DAC,1,0
72425421,20191024,1101,US23,098 US-23,US0023,N,20.991,0,0,2,2,N,N,55,37.44489,-82.52545,8,3,4,3,1,1,2,2,7,3,N,53,2019,O,098-US-0023  -000,20.991,0,0,0,1,0,0,1,0,0,0,0,1,0,1,Non-DAC,0,1
72323895,20190306,1737,US23 TURN LANE,,,N,0.014,0,0,2,2,N,N,55,37.50365,-82.53217,5,3,2,6,1,1,2,2,1,3,N,70,2019,O,098-US-0023  -020,0.014,0,0,0,1,0,0,1,0,0,0,0,0,0,1,Non-DAC,1,0
72655259,20210805,1455,US23,098 US-23,US0023,N,22.392,1,0,2,2,N,N,55,37.46267,-82.51748,1,3,4,6,1,1,2,2,7,3,N,55,2021,B,098-US-0023  -000,22.392,0,0,0,1,0,0,1,0,0,0,0,0,0,1,Non-DAC,0,1
72526940,20200731,1453,MAYO,,,N,25.923,0,0,2,2,N,N,55,37.49858,-82.53143,5,3,4,6,1,5,6,2,1,3,N,49,2020,O,098-US-0023  -000,25.923,0,0,0,0,0,0,1,0,0,0,0,0,0,1,Non-DAC,0,1
72749380,20220405,1359,US23,098 US-23,US0023,N,31.785,0,0,2,2,Y,N,55,37.53751,-82.60501,8,3,4,6,1,1,3,2,1,3,N,53,2022,O,098-US-0023  -000,31.785,0,0,0,0,0,0,0,0,0,0,0,1,0,1,Non-DAC,1,0
72466488,20200122,721,BAIRD,098 KY-1426,KY1426,N,5.393,0,0,2,2,N,N,25,37.47329,-82.52715,8,97,2,6,1,1,2,2,7,3,N,53,2020,O,098-KY-1426  -000,5.393,0,0,0,1,0,0,1,0,0,0,0,1,0,1,DAC,1,0
72842221,20221214,1705,US23,098 US-23,US0023,N,27.311,0,0,2,2,N,N,45,37.51099,-82.54876,5,3,4,6,1,5,6,3,1,3,N,35,2022,O,098-US-0023  -000,27.311,0,0,0,0,0,0,1,0,0,0,1,0,0,1,Non-DAC,0,1
72548954,20201001,1849,GARRED,098 CS-1174,CS1174,N,0.183,0,0,2,2,N,N,35,37.48397,-82.52843,2,7,2,5,1,1,2,2,6,3,N,47,2020,O,098-CS-1174  -000,0.183,0,0,0,0,0,0,1,0,0,1,0,0,0,1,DAC,0,1
72557840,20201017,1519,US119,098 US-119-10,US0119,N,2.707,0,0,2,2,N,N,55,37.51417,-82.4869,5,3,2,4,1,1,2,2,7,3,N,49,2020,O,098-US-0119  -000,2.707,0,0,0,0,0,0,1,0,0,0,0,0,0,1,DAC,1,0
72404649,20190909,855,HAMBLEY,098 CS-1222,CS1222,N,1.409,0,0,2,2,N,N,25,37.48407,-82.52861,1,3,3,6,1,1,2,2,7,3,N,55,2019,O,098-CS-1222  -000,1.409,0,0,1,0,0,0,0,0,0,0,0,0,0,1,DAC,1,0
72511517,20200616,1142,BYPASS,098 KY-1426,KY1426,N,6.105,0,0,2,2,Y,N,35,37.47705,-82.51694,5,3,2,6,1,1,3,2,7,3,N,49,2020,O,098-KY-1426  -000,6.105,0,0,1,0,0,0,0,0,0,0,0,0,0,1,DAC,1,0
72499532,20200507,1501,MAYO,098 US-23-10,US0023,N,22.28,0,0,2,2,N,N,55,37.4612,-82.51693,8,3,4,6,1,1,2,2,7,3,N,53,2020,O,098-US-0023  -000,22.28,0,1,0,0,0,0,1,0,0,0,0,1,0,1,Non-DAC,1,0
72369962,20190621,1912,WILLIAMS HOLLOW,098 CS-1085,CS1085,N,0.269,0,0,1,1,N,N,15,37.49183,-82.48956,9,3,1,3,1,1,2,2,6,3,N,40,2019,O,098-CS-1085  -000,0.269,0,0,0,0,0,0,0,0,1,1,0,1,0,1,Non-DAC,0,1
72724300,20220121,959,US23,098 US-23,US0023,N,27.36,1,0,2,2,N,N,55,37.51087,-82.54843,5,3,6,6,1,1,2,2,7,3,Y,49,2022,C,098-US-0023  -000,27.36,0,0,0,0,0,0,1,0,1,0,0,0,0,1,Non-DAC,0,1
72586673,20210116,1355,US23,,,N,26.221,3,0,3,3,N,N,55,37.50286,-82.53232,5,3,4,6,1,5,3,2,7,3,Y,70,2021,C,098-US-0023  -000,26.221,0,0,0,0,0,0,1,0,0,0,0,0,0,1,Non-DAC,0,1
72458814,20200102,2208,WINSTON,098 CS-1039,CS1039,N,0.008,0,0,1,1,N,N,15,37.47839,-82.56114,9,2,2,6,1,5,6,5,6,3,N,40,2020,O,098-CS-1039  -000,0.008,0,0,0,0,0,0,1,0,0,0,0,1,0,1,Non-DAC,1,0
72546103,20200925,2218,US119,,,N,0.095,0,0,2,2,N,N,55,37.50397,-82.53042,8,3,4,6,1,1,2,5,1,3,N,53,2020,O,098-US-0119  -000,0.095,0,0,0,0,0,0,1,0,0,0,0,1,0,1,Non-DAC,0,1
72632425,20210530,1501,HAMBLEY,098 CS-1222,CS1222,N,,1,0,2,2,N,N,35,37.47402,-82.5273,3,3,4,6,1,1,3,2,7,3,N,52,2021,B,098-CS-1222  -000,0,0,0,0,0,0,0,0,0,0,0,0,1,0,1,DAC,1,0
72329604,20190321,1642,US23,,,N,,0,0,2,2,N,N,55,37.51085,-82.54829,5,3,6,3,1,5,6,2,1,3,N,49,2019,O,098-US-0023  -000,27.353,0,0,1,0,0,0,0,0,0,0,0,0,0,1,Non-DAC,1,0
72618843,20210428,941,US23,098 US-23,US0023,N,26.286,0,0,2,2,Y,N,55,37.5037,-82.53215,5,3,4,6,1,1,2,2,7,3,N,49,2021,O,098-US-0023  -000,26.286,0,0,0,0,0,0,0,0,0,0,0,0,0,1,Non-DAC,1,0