MasterFile,CollisionDate,CollisionTime,RoadwayName,RSEUniqueGIS,RoadwayIdentifier,ParkingLotIndicator,Milepoint,NumberInjured,NumberKilled,ofUnits,ofMotorVehicleUnits,Hit&RunIndicator,OneWayIndicator,SpeedLimitNumber,Latitude,Longitude,MannerofCollisionCode,LocationFirstEventCode,TotalLanes,RoadwayCharacterCode,RoadwaySurfaceCode,RoadwayConditionCode,WeatherCode,LightConditionCode,LandUseCode,SchoolBusRelatedCode,FirstAidSceneIndicator,DirectionalAnalysis,YR,KABCO,KTC_RT,KTC_MP,Motorcyclist,Commercial Vehicle,Young Driver,Mature Driver,Pedestrian,Bicyclist,Distracted,Aggressive,Impaired,Unrestrained,Intersection,Roadway Departure,Median Cross-over,CityCrash,DACid,Intersection Crash,Segment Crash
72469526,20200115,1907,WALNUT,098 CS-1095,CS1095,N,0.131,0,0,2,2,N,N,15,37.48226,-82.54078,2,97,2,6,1,1,2,4,1,3,N,47,2020,O,098-CS-1095  -000,0.131,0,0,0,1,0,0,1,0,0,0,0,0,0,1,Non-DAC,1,0
72462785,20200112,1706,HUFFMAN,098 CS-1123,CS1123,N,0.004,0,0,2,2,N,N,35,37.47695,-82.51708,5,3,3,6,1,1,2,2,1,3,N,49,2020,O,098-CS-1123  -000,0.004,0,0,0,0,0,0,1,0,0,0,0,0,0,1,DAC,1,0
72659316,20210812,1757,US23,098 US-23-10,US0023,N,25.418,0,0,2,2,N,N,55,37.49234,-82.53472,1,3,4,6,1,1,2,2,7,3,N,55,2021,O,098-US-0023  -000,25.418,0,0,0,0,0,0,1,0,0,0,0,0,0,1,Non-DAC,1,0
72726030,20220128,1233,CASSIDY,098 CS-1191,CS1191,N,0.047,0,0,2,2,N,N,35,37.50368,-82.53292,1,3,2,6,1,5,9,2,1,3,N,55,2022,O,098-CS-1191  -000,0.047,0,0,0,0,0,0,1,0,0,0,0,0,0,1,Non-DAC,1,0
72367043,20190613,1150,US23,,,N,27.433,0,0,2,2,N,N,55,37.5111,-82.54977,5,3,3,6,1,1,2,2,1,3,N,70,2019,O,098-US-0023  -000,27.433,0,0,0,1,0,0,1,1,0,0,0,0,0,1,Non-DAC,0,1
72740330,20220308,715,KY3417,098 KY-3417,KY3417,N,0.469,0,0,2,2,N,N,35,37.46805,-82.55755,7,3,2,2,1,1,2,2,7,3,N,54,2022,O,098-KY-3417  -000,0.469,0,0,0,0,0,0,0,0,0,0,0,1,0,1,Non-DAC,0,1
72458607,20191227,1253,KY1426,,,N,6.19,2,0,2,2,N,N,45,37.47765,-82.51628,8,3,3,6,1,5,3,2,7,3,Y,19,2019,C,098-KY-1426  -000,6.19,0,0,0,0,0,0,1,0,1,0,1,0,0,1,DAC,1,0
72316215,20190214,1521,US119,098 US-119-10,US0119,N,1.976,0,0,2,2,N,N,55,37.51247,-82.4998,5,3,2,6,1,1,2,2,7,3,N,49,2019,O,098-US-0119  -000,1.976,0,0,1,0,0,0,0,0,0,0,0,0,0,1,Non-DAC,0,1
72312288,20190205,1758,JULIUS,,,N,0.103,0,0,2,2,N,N,15,37.47761,-82.52332,3,3,1,1,1,1,2,2,6,3,N,52,2019,O,098-CS-1156  -000,0.103,0,0,0,0,0,0,0,0,0,0,0,1,0,1,DAC,0,1
72657996,20210811,1133,KY1426,098 KY-1426,KY1426,N,6.894,0,0,2,2,N,N,35,37.48658,-82.50854,5,3,2,6,1,1,2,2,7,3,N,49,2021,O,098-KY-1426  -000,6.894,0,0,1,0,0,0,1,0,0,0,0,0,0,1,Non-DAC,0,1
72527458,20200725,1708,COLLEGE,,,N,0.19,0,0,2,2,N,N,15,37.47768,-82.51955,8,3,2,6,1,1,2,2,7,3,N,47,2020,O,098-CS-1108  -000,0.19,0,0,0,0,0,0,1,0,0,0,0,0,0,1,DAC,0,1
72314136,20190131,1940,US23,098 US-23-10,US0023,N,26.333,0,0,2,2,N,N,55,37.5043,-82.53261,5,3,4,6,1,1,2,6,7,3,N,49,2019,O,098-US-0023  -000,26.333,0,0,0,0,0,0,1,1,0,0,0,0,0,1,Non-DAC,0,1
72319646,20190222,1702,CASSIDY,098 CS-1191,CS1191,N,0.317,0,0,3,3,N,N,25,37.5052,-82.53717,1,3,2,3,1,5,6,2,1,3,N,55,2019,O,098-CS-1191  -000,0.317,0,0,0,0,0,0,1,0,0,0,0,0,0,1,Non-DAC,0,1
72783183,20220714,1718,US119,098 US-119-10,US0119,N,2.705,0,0,2,2,N,N,55,37.51419,-82.48693,5,3,4,5,1,1,2,2,7,3,N,70,2022,O,098-US-0119  -000,2.705,0,0,0,0,0,0,0,0,0,0,0,0,0,1,DAC,1,0
72598846,20210227,2152,BYPASS,098 KY-1426,KY1426,N,6.546,0,0,2,2,N,N,55,37.48227,-82.51369,1,97,2,6,1,5,3,7,1,3,N,55,2021,O,098-KY-1426  -000,6.546,0,0,1,0,0,0,1,0,0,0,0,0,0,1,DAC,0,1
72686859,20211020,1028,KY3218,098 KY-3218,KY3218,N,3.035,0,0,1,1,N,N,55,37.5597,-82.55919,9,3,2,2,1,1,2,2,7,3,N,44,2021,O,098-KY-3218  -000,3.035,0,0,0,0,0,0,0,0,0,0,0,1,0,1,Non-DAC,0,1
72780501,20220705,1434,BYPASS,098 KY-1426,KY1426,N,5.694,0,0,2,2,N,N,45,37.47279,-82.52279,4,3,2,6,1,5,6,2,7,3,N,70,2022,O,098-KY-1426  -000,5.694,0,0,0,1,0,0,1,1,0,0,0,0,0,1,DAC,1,0
72318020,20190218,524,US23,098 US-23,US0023,N,23.062,2,0,3,3,N,N,55,37.46584,-82.52813,5,3,4,6,1,5,2,5,7,3,Y,70,2019,C,098-US-0023  -000,23.062,0,0,0,1,0,0,1,0,0,0,0,0,0,1,DAC,1,0
72818697,20221018,1510,US23,098 US-23-10,US0023,N,22.941,3,0,2,2,N,N,55,37.46535,-82.52597,5,3,4,6,1,1,3,2,1,3,N,35,2022,B,098-US-0023  -000,22.941,0,0,0,0,0,0,1,0,0,0,1,0,0,1,DAC,1,0
72713285,20211223,1157,THOMPSON,098 CS-1215,CS1215,N,0.429,0,0,2,2,N,N,35,37.50637,-82.54488,1,3,3,6,1,1,2,2,7,3,N,55,2021,O,098-CS-1215  -000,0.429,0,0,0,0,0,0,1,0,0,0,0,0,0,1,Non-DAC,0,1
72751205,20220415,1558,US23,098 US-23,US0023,N,22.988,0,0,2,2,N,N,55,37.46553,-82.52681,5,3,4,6,1,1,2,2,7,3,N,70,2022,O,098-US-0023  -000,22.988,0,0,0,0,0,0,1,0,0,0,0,0,0,1,DAC,0,1
72791590,20220808,1239,US23,098 US-23,US0023,N,25.588,0,0,2,2,N,N,55,37.4941,-82.53255,5,3,4,6,1,1,2,2,7,3,N,49,2022,O,098-US-0023  -000,25.588,0,0,0,0,0,0,1,0,0,0,0,0,0,1,Non-DAC,0,1
72634672,20210610,1430,MYRA BARNES,,,N,0.094,0,0,2,2,N,N,15,37.48362,-82.53123,8,3,1,6,1,5,3,2,7,3,N,47,2021,O,098-CS-1150  -000,0.094,0,0,0,1,0,0,1,0,0,0,0,0,0,1,DAC,0,1
72711383,20211214,1738,US23,098 US-23,US0023,N,26.28,0,0,2,2,N,N,55,37.50361,-82.53215,5,3,4,6,1,1,2,2,7,3,N,49,2021,O,098-US-0023  -000,26.28,0,0,0,0,0,0,1,0,1,0,0,0,0,1,Non-DAC,1,0
72558287,20201028,1330,CASSIDY,098 CS-1191,CS1191,N,0.17,1,0,2,2,N,N,35,37.50375,-82.5348,8,3,4,6,1,1,3,2,7,3,Y,53,2020,C,098-CS-1191  -000,0.17,0,0,0,1,0,0,1,0,0,0,0,1,0,1,Non-DAC,0,1
72675450,20210926,1340,ELM,,,N,0.002,0,0,2,2,Y,N,15,37.47702,-82.52177,7,3,1,6,1,1,2,6,6,3,N,47,2021,O,098-CS-1107  -000,0.002,0,0,0,0,0,0,1,0,0,0,0,0,0,1,DAC,1,0
72708906,20211207,1131,MAIN,098 CS-1112,CS1112,N,0.199,0,0,2,2,N,Y,15,37.48047,-82.51677,8,3,2,6,1,1,2,2,1,3,N,47,2021,O,098-CS-1112  -000,0.199,0,0,0,0,0,0,1,0,0,0,0,0,0,1,DAC,1,0
72780724,20220623,936,US23,098 US-23,US0023,N,19.813,0,0,1,1,N,N,55,37.44999,-82.50878,9,2,4,3,1,1,2,2,7,3,N,40,2022,O,098-US-0023  -000,19.813,0,0,0,1,0,0,0,0,0,0,0,1,0,1,Non-DAC,0,1
72735123,20220225,1537,US23,098 US-23,US0023,N,26.222,0,0,2,2,N,N,55,37.50279,-82.53203,5,3,4,6,1,1,3,2,7,3,N,70,2022,O,098-US-0023  -000,26.222,0,0,0,1,0,0,1,0,0,0,0,0,0,1,Non-DAC,1,0
72523846,20200717,1410,US23,098 US-23-10,US0023,N,23.1,0,0,2,2,N,N,55,37.46597,-82.52871,5,3,4,6,1,5,3,2,1,3,N,49,2020,O,098-US-0023  -000,23.1,0,0,0,0,0,0,0,0,0,0,0,0,0,1,DAC,0,1
72700453,20211117,732,US 23 SOUTH,,,N,,0,0,2,2,N,N,55,37.53652,-82.59937,8,3,4,6,1,1,2,2,7,3,N,53,2021,O,098-US-0023  -000,31.478,0,0,0,0,0,0,1,0,0,0,0,1,0,1,Non-DAC,0,1
72418377,20191009,631,US23,098 US-23,US0023,N,23.051,1,0,2,2,N,N,55,37.46589,-82.52787,5,3,4,6,1,1,2,2,7,3,Y,49,2019,C,098-US-0023  -000,23.051,0,0,1,0,0,0,0,0,0,0,0,0,0,1,DAC,1,0
72507919,20200523,2316,COWPEN,098 KY-2061,KY2061,N,3.615,1,0,1,1,N,N,55,37.56268,-82.55708,9,3,2,6,1,5,10,6,7,3,Y,40,2020,A,098-KY-2061  -000,3.615,0,0,0,0,0,0,1,0,0,0,0,1,0,1,Non-DAC,0,1
72508394,20200604,2016,HAROLDS BRANCH,098 CS-1223,CS1223,N,0.177,0,0,2,2,N,N,35,37.4706,-82.5211,7,3,1,3,1,1,2,2,6,3,N,54,2020,O,098-CS-1223  -000,0.177,0,0,0,1,0,0,0,0,0,0,0,1,0,1,Non-DAC,0,1
72348641,20190430,1539,CASSIDY,,,N,0.321,0,0,2,2,N,N,25,37.506,-82.53778,8,3,3,6,1,1,2,2,1,3,N,53,2019,O,098-CS-1191  -000,0.321,0,1,0,0,0,0,1,0,0,0,0,1,0,1,Non-DAC,0,1
72566202,20201111,1518,US23,,,N,26.236,0,0,2,2,N,N,55,37.50298,-82.53206,5,3,4,6,1,5,6,2,7,3,N,70,2020,O,098-US-0023  -000,26.236,0,0,0,0,0,0,0,0,0,0,0,0,0,1,Non-DAC,1,0
72804810,20220913,748,SAAD,098 CS-1165,CS1165,N,0.078,0,0,2,2,N,N,10,37.4826,-82.51975,5,3,2,4,1,1,2,2,1,3,N,49,2022,O,098-CS-1165  -000,0.078,0,0,0,0,0,0,1,0,0,0,0,0,0,1,DAC,0,1
72700761,20211122,1901,US23,098 US-23,US0023,N,29.756,0,0,1,1,N,N,55,37.53366,-82.57799,9,3,4,6,1,1,2,5,2,3,N,38,2021,O,098-US-0023  -000,29.756,0,0,0,0,0,0,0,0,0,0,0,0,0,1,Non-DAC,0,1
72666158,20210816,1030,KY3218,098 KY-3218,KY3218,N,3.153,1,1,2,2,N,N,55,37.56092,-82.55774,7,3,2,4,1,5,2,2,7,3,N,54,2021,K,098-KY-3218  -000,3.153,0,0,0,0,0,0,0,0,0,0,0,1,0,1,Non-DAC,0,1
72336294,20190404,1652,MELVINA,,,N,0.048,0,0,2,2,N,N,10,37.47795,-82.50321,3,97,1,4,3,1,2,2,6,3,N,47,2019,O,098-CS-1232  -000,0.048,0,0,0,0,0,0,0,0,0,0,0,0,0,1,Non-DAC,0,1
72587787,20210125,1542,BAIRD,,,N,5.416,0,0,2,2,N,N,25,37.47297,-82.52704,5,3,4,6,1,5,6,2,7,3,N,70,2021,O,098-KY-1426  -000,5.416,0,0,0,0,0,0,1,1,0,0,0,0,0,1,DAC,0,1
72833927,20221125,1228,KY3417,098 KY-3417,KY3417,N,0.399,0,0,1,1,N,N,35,37.46704,-82.55804,9,3,2,2,1,5,6,2,7,3,N,44,2022,O,098-KY-3417  -000,0.399,0,0,0,0,0,0,1,0,0,0,0,1,0,1,Non-DAC,0,1
72599369,20210302,1231,US23,,,N,30.594,1,0,2,2,N,Y,55,37.54274,-82.58666,8,3,4,6,1,1,2,2,1,3,Y,53,2021,B,098-US-0023  -000,30.594,0,0,0,0,0,0,1,0,0,0,0,1,0,1,Non-DAC,0,1
72643701,20210628,1506,OWSLEY,,,N,7.213,0,0,2,2,N,N,45,37.48073,-82.53594,1,3,2,6,2,1,2,2,7,1,N,55,2021,O,098-KY-1384  -000,7.213,1,0,0,0,0,0,1,0,0,0,0,0,0,1,DAC,0,1
72312855,20190207,750,US23,098 US-23,US0023,N,20.803,0,0,2,2,N,N,55,37.4431,-82.52292,8,3,4,3,1,5,6,2,7,3,N,53,2019,O,098-US-0023  -000,20.803,0,0,0,1,0,0,0,1,0,0,0,1,0,1,Non-DAC,0,1
72832119,20221119,155,US23,098 US-23-10,US0023,N,30.587,0,0,1,1,N,N,55,37.54266,-82.58655,9,3,4,3,1,1,2,6,7,3,N,38,2022,O,098-US-0023  -000,30.587,0,0,0,0,0,0,0,0,0,0,0,0,0,1,Non-DAC,0,1
72533950,20200818,1717,CHLOE,,,N,4.41,0,0,2,2,N,N,35,37.47733,-82.5038,7,3,2,6,1,1,2,2,6,3,N,54,2020,O,098-KY-1460  -000,4.41,0,0,0,0,0,0,0,0,0,0,0,1,0,1,Non-DAC,1,0
72769259,20220605,339,US23,098 US-23,US0023,N,31.979,0,0,1,1,N,N,55,37.53758,-82.60842,9,3,4,6,1,1,2,6,1,3,N,38,2022,O,098-US-0023  -000,31.979,0,0,0,0,0,0,0,0,0,0,0,0,0,1,Non-DAC,0,1
72636038,20210609,1712,US23,098 US-23-10,US0023,N,27.422,0,0,2,2,N,N,55,37.51101,-82.54956,5,3,4,6,1,5,6,2,7,3,N,70,2021,O,098-US-0023  -000,27.422,0,0,0,0,0,0,0,1,0,0,0,0,0,1,Non-DAC,0,1
72545260,20200918,1129,US23,098 US-23-10,US0023,N,26.329,0,0,2,2,N,N,55,37.5043,-82.53243,5,3,4,6,1,1,3,2,7,3,N,70,2020,O,098-US-0023  -000,26.329,0,0,1,0,0,0,1,0,0,0,0,0,0,1,Non-DAC,0,1
72622218,20210507,1715,US23,098 US-23,US0023,N,26.233,0,0,2,2,N,N,55,37.50294,-82.53205,5,3,4,6,1,1,2,2,1,3,N,49,2021,O,098-US-0023  -000,26.233,0,0,0,0,0,0,1,0,0,0,0,0,0,1,Non-DAC,1,0
72420184,20191010,1718,US23,,,N,26.192,0,0,2,2,N,N,55,37.50237,-82.53201,5,3,4,6,1,1,2,2,7,3,N,40,2019,O,098-US-0023  -000,26.192,0,0,1,0,0,0,1,0,0,0,0,1,0,1,Non-DAC,0,1
72342926,20190420,1635,US23,098 US-23,US0023,N,27.246,0,0,2,2,N,N,55,37.51054,-82.54617,5,3,4,6,1,5,3,2,7,3,N,49,2019,O,098-US-0023  -000,27.246,0,0,1,0,0,0,1,0,0,0,0,0,0,1,Non-DAC,0,1
72313367,20190207,722,US23,098 US-23-10,US0023,N,26.357,0,0,1,1,N,N,55,37.50469,-82.53223,9,3,4,6,1,5,6,5,1,3,N,70,2019,O,098-US-0023  -000,26.357,0,0,0,0,0,0,0,0,0,0,0,0,0,1,Non-DAC,0,1
72487668,20200310,934,US23,098 US-23,US0023,N,26.287,0,0,2,2,N,N,55,37.50371,-82.53215,5,3,4,6,1,1,2,2,7,3,N,49,2020,O,098-US-0023  -000,26.287,0,1,0,1,0,0,0,0,0,0,0,0,0,1,Non-DAC,1,0
72360932,20190602,54,KY3218,098 KY-3218,KY3218,N,3.193,0,0,1,1,N,N,55,37.56139,-82.55721,9,5,2,1,1,1,2,4,6,3,N,44,2019,O,098-KY-3218  -000,3.193,0,0,0,0,0,0,0,0,0,0,0,1,0,1,Non-DAC,0,1
72820359,20221024,1651,TOWN MOUNTAIN,098 KY-1426,KY1426,N,8.654,0,0,2,2,N,N,55,37.50051,-82.4902,3,4,2,5,1,1,2,2,1,3,N,40,2022,O,098-KY-1426  -000,8.654,0,1,0,1,0,0,0,0,0,0,0,1,0,1,Non-DAC,0,1
72627681,20210522,1545,US23,098 US-23-10,US0023,N,26.314,0,0,2,2,N,N,55,37.50413,-82.53222,5,3,4,6,1,1,2,2,1,3,N,49,2021,O,098-US-0023  -000,26.314,0,0,0,0,0,0,1,0,0,0,0,0,0,1,Non-DAC,1,0
72472582,20200123,123,KY1460,098 KY-1460,KY1460,N,7.075,0,0,1,1,N,N,45,37.48635,-82.54296,9,3,2,6,1,1,2,4,1,3,N,38,2020,O,098-KY-1460  -000,7.075,0,0,0,0,0,0,0,0,0,0,0,0,0,1,Non-DAC,1,0
72314186,20190207,1951,HUFFMAN,,,N,0.09,1,0,2,1,N,N,25,37.47763,-82.51842,9,3,3,6,1,1,3,5,1,3,Y,36,2019,C,098-CS-1123  -000,0.09,0,0,0,0,1,0,0,0,0,0,0,0,0,1,DAC,1,0
72653589,20210727,2114,US23,098 US-23,US0023,N,23.565,0,0,2,2,N,N,55,37.47109,-82.53391,8,3,4,6,1,1,3,7,7,3,N,53,2021,O,098-US-0023  -000,23.565,0,0,0,1,0,0,1,0,0,0,0,1,0,1,DAC,1,0
72588103,20210122,1326,US23,,,N,23.055,6,0,3,3,N,N,55,37.4659,-82.52794,5,3,4,6,1,1,2,2,7,3,Y,49,2021,C,098-US-0023  -000,23.055,0,0,0,1,0,0,1,0,0,0,0,0,0,1,DAC,1,0
72565729,20201111,1054,US23,,,N,26.292,2,0,2,2,N,N,55,37.50376,-82.53237,5,3,4,6,1,5,6,2,7,3,Y,35,2020,C,098-US-0023  -000,26.292,0,1,0,0,0,0,0,1,0,0,1,0,0,1,Non-DAC,1,0
72300570,20190108,1854,CHLOE,,,N,5.017,0,0,1,1,N,N,35,37.47749,-82.51537,9,3,2,6,1,5,3,4,7,3,N,40,2019,O,098-KY-1460  -000,5.017,0,0,0,0,0,0,0,0,0,0,0,1,0,1,Non-DAC,0,1
72831806,20221119,1842,CASSIDY,098 CS-1191,CS1191,N,0.429,0,0,2,2,N,N,25,37.50438,-82.53886,1,3,2,6,1,1,2,6,1,3,N,55,2022,O,098-CS-1191  -000,0.429,0,0,0,0,0,0,1,1,0,0,0,0,0,1,Non-DAC,0,1
72749963,20220407,1304,US119 TURN LANE FROM US23 N,098 US-119-20,US0119,N,0.019,1,0,1,1,N,N,55,37.50331,-82.53194,9,3,2,3,1,5,3,2,7,3,Y,39,2022,C,098-US-0119  -020,0.019,1,0,0,0,0,0,0,1,0,0,0,0,0,1,Non-DAC,1,0
72771814,20220604,731,HAROLDS BRANCH,098 CS-1223,CS1223,N,0.111,0,0,2,2,N,N,15,37.47142,-82.52177,8,3,2,6,2,1,2,2,1,3,N,47,2022,O,098-CS-1223  -000,0.111,0,0,0,0,0,0,1,0,0,0,0,0,0,1,Non-DAC,0,1
72571324,20201203,650,US23,098 US-23,US0023,N,21.538,0,0,2,2,N,N,55,37.45185,-82.52351,1,3,4,6,1,1,3,1,1,3,N,55,2020,O,098-US-0023  -000,21.538,0,0,0,0,0,0,1,0,0,0,0,0,0,1,Non-DAC,1,0
72663641,20210826,1526,CASSIDY,,,N,0.192,0,0,2,2,N,N,25,37.50402,-82.53511,5,3,4,3,1,1,2,2,1,3,N,49,2021,O,098-CS-1191  -000,0.192,0,0,0,0,0,0,1,0,0,0,0,0,0,1,Non-DAC,0,1
72331275,20190320,1701,KY3496,,,N,0.765,0,0,2,2,N,N,35,37.472,-82.53017,1,3,2,6,1,1,2,2,1,3,N,55,2019,O,098-KY-3496  -000,0.765,0,0,1,1,0,0,1,1,0,0,0,0,0,1,DAC,0,1
72527310,20200731,52,US119,098 US-119-10,US0119,N,2.729,0,0,2,2,Y,N,55,37.51403,-82.48649,5,3,2,6,1,1,2,5,7,3,N,49,2020,O,098-US-0119  -000,2.729,0,0,1,0,0,0,0,1,0,0,0,0,0,1,DAC,0,1
72817711,20221013,2224,US23,098 US-23,US0023,N,26.282,0,0,2,2,N,N,55,37.50364,-82.53214,5,3,4,6,1,1,2,5,6,3,N,35,2022,O,098-US-0023  -000,26.282,0,0,1,0,0,0,1,1,0,0,1,0,0,1,Non-DAC,1,0
72721795,20210111,1802,PARK,098 CS-1058,CS1058,N,0.048,0,0,2,2,N,N,5,37.47499,-82.52245,2,3,1,6,1,1,2,2,6,3,N,47,2021,O,098-CS-1058  -000,0.048,0,0,0,0,0,0,0,0,0,0,0,0,0,1,DAC,0,1
72480944,20200224,1900,TIGER,,TIGER WAY,N,,0,0,2,2,N,N,15,37.51494,-82.50182,8,3,2,2,1,6,6,2,7,3,N,53,2020,O,098-US-0119  -000,1.823,0,0,1,0,0,0,0,1,0,0,0,1,0,1,Non-DAC,0,1
72354304,20190517,1759,HAMBLEY,,,N,0.573,0,0,2,2,N,N,25,37.47962,-82.51945,5,3,2,6,1,1,2,2,1,3,N,49,2019,O,098-CS-1222  -000,0.573,0,0,0,0,0,0,1,0,0,0,0,0,0,1,DAC,1,0
72630489,20210524,2308,KY3218,098 KY-3218,KY3218,N,3.236,2,0,1,1,N,N,55,37.56206,-82.55688,9,3,2,1,1,1,2,6,7,3,Y,70,2021,A,098-KY-3218  -000,3.236,0,0,1,0,0,0,1,0,0,1,0,1,0,1,Non-DAC,0,1
72527628,20200803,1316,BROAD BOTTOM ROAD,,,N,,0,0,2,2,N,N,25,37.53079,-82.57916,1,3,2,6,1,1,2,2,6,3,Y,55,2020,O,098-CR-1426G -000,0.002,0,0,0,1,0,0,1,0,0,0,0,0,0,1,Non-DAC,1,0
72441468,20191118,1513,US23,098 US-23-10,US0023,N,27.314,0,0,2,2,N,N,55,37.51054,-82.54761,5,3,4,6,1,1,2,2,1,3,N,49,2019,O,098-US-0023  -000,27.314,0,0,1,0,0,0,1,0,0,0,0,0,0,1,Non-DAC,0,1
72533411,20200807,1654,US23,098 US-23,US0023,N,23.871,0,0,3,3,N,N,55,37.47458,-82.53709,5,3,4,6,1,1,2,2,7,3,N,49,2020,O,098-US-0023  -000,23.871,0,0,0,0,0,0,0,0,0,0,0,0,0,1,DAC,1,0
72724092,20220123,1858,CHLOE,098 KY-1460,KY1460,N,,0,0,1,1,Y,N,35,37.47744,-82.5051,9,5,2,6,1,5,3,5,5,3,N,40,2022,O,098-KY-1460  -000,4.443,0,0,0,0,0,0,0,1,0,0,0,1,0,1,Non-DAC,0,1
72804356,20220910,1057,US119,,,N,0.104,0,0,3,3,N,N,55,37.50415,-82.5302,5,3,4,6,1,1,3,2,7,3,N,49,2022,O,098-US-0119  -000,0.104,0,0,1,0,0,0,1,0,0,0,0,0,0,1,Non-DAC,0,1
72592093,20210125,1258,HAMBLEY,098 CS-1222,CS1222,N,0.094,0,0,2,2,N,N,25,37.47449,-82.5257,4,3,2,6,1,5,2,2,1,3,N,70,2021,O,098-CS-1222  -000,0.094,0,0,0,1,0,0,1,0,0,0,0,0,0,1,DAC,0,1
72742304,20220318,1526,US23,098 US-23-10,US0023,N,23.063,0,0,2,2,Y,N,55,37.46584,-82.52814,1,3,4,6,1,1,2,2,7,3,N,10,2022,O,098-US-0023  -000,23.063,0,0,0,0,0,0,1,1,0,0,1,0,0,1,DAC,1,0
72677918,20211001,719,BYPASS,098 KY-1426,KY1426,N,6.122,0,0,2,2,N,N,45,37.47696,-82.51702,8,3,2,6,1,1,2,2,7,3,N,53,2021,O,098-KY-1426  -000,6.122,0,0,0,0,0,0,1,0,0,0,0,1,0,1,DAC,1,0
72536673,20200822,1048,US23,098 US-23,US0023,N,21.543,1,0,2,2,N,N,55,37.45265,-82.52293,1,3,4,6,1,1,2,2,7,3,Y,55,2020,C,098-US-0023  -000,21.543,0,0,0,1,0,0,1,0,0,0,0,0,0,1,Non-DAC,1,0
72709479,20211207,1601,US23,098 US-23,US0023,N,23.053,0,0,2,2,N,N,55,37.46582,-82.52796,5,3,4,6,1,1,2,2,7,3,N,49,2021,O,098-US-0023  -000,23.053,0,0,0,0,0,0,1,1,0,0,0,0,0,1,DAC,1,0
72539005,20200903,1402,MAYO,098 US-23-10,US0023,N,21.66,0,0,1,1,N,N,55,37.45376,-82.52193,9,6,4,6,1,1,3,2,7,3,N,44,2020,O,098-US-0023  -000,21.66,0,0,0,0,0,0,0,0,1,1,0,1,0,1,Non-DAC,0,1
72671330,20210914,902,BYPASS,,,N,5.779,0,0,2,2,N,N,45,37.48729,-82.5242,8,3,2,6,1,1,2,2,7,3,N,19,2021,O,098-KY-1460  -000,5.779,0,0,0,0,0,0,1,0,0,0,1,0,0,1,DAC,1,0
72463483,20200114,1623,KY3496,,,N,0.012,0,0,2,2,N,N,35,37.46581,-82.52814,5,3,3,3,1,5,10,2,1,3,N,49,2020,O,098-KY-3496  -000,0.012,0,0,0,0,0,0,1,0,0,0,0,0,0,1,DAC,1,0
72754079,20220418,1325,DIVISION,,,N,0.109,0,0,2,2,N,N,25,37.47947,-82.51743,2,3,2,6,3,5,6,2,1,3,N,56,2022,O,098-CS-1130  -000,0.109,0,0,0,0,0,0,1,0,0,0,0,0,0,1,DAC,1,0
72379539,20190708,1419,US23,,,N,21.448,0,0,2,2,N,N,55,37.45111,-82.5237,8,3,4,6,1,1,2,2,7,3,N,53,2019,O,098-US-0023  -000,21.448,0,0,0,1,0,0,1,0,0,0,0,1,0,1,Non-DAC,0,1
72635493,20210606,2111,HAMBLEY,098 CS-1222,CS1222,N,0.027,0,0,2,2,N,N,35,37.47412,-82.52682,4,3,2,6,1,1,2,5,1,3,N,70,2021,O,098-CS-1222  -000,0.027,0,0,0,0,0,0,1,0,0,0,0,1,0,1,DAC,1,0
72422115,20191017,824,US23,098 US-23,US0023,N,27.331,0,0,2,2,N,N,55,37.51062,-82.548,1,3,4,6,1,1,2,2,7,3,N,55,2019,O,098-US-0023  -000,27.331,0,0,0,1,0,0,0,0,0,0,0,0,0,1,Non-DAC,1,0
72404058,20190904,1659,US23,098 US-23,US0023,N,27.193,1,0,3,3,N,N,55,37.51051,-82.5451,8,3,4,6,1,1,2,2,7,3,Y,53,2019,C,098-US-0023  -000,27.193,0,0,0,1,0,0,0,1,0,0,0,1,0,1,Non-DAC,0,1
72552212,20201007,1014,CASSIDY,,,N,0.261,0,0,2,2,N,N,15,37.50463,-82.53612,1,3,3,6,1,1,3,2,1,3,N,55,2020,O,098-CS-1191  -000,0.261,0,0,0,1,0,0,1,1,0,0,0,0,0,1,Non-DAC,0,1