MasterFile,CollisionDate,CollisionTime,RoadwayName,RSEUniqueGIS,RoadwayIdentifier,ParkingLotIndicator,Milepoint,NumberInjured,NumberKilled,ofUnits,ofMotorVehicleUnits,Hit&RunIndicator,OneWayIndicator,SpeedLimitNumber,Latitude,Longitude,MannerofCollisionCode,LocationFirstEventCode,TotalLanes,RoadwayCharacterCode,RoadwaySurfaceCode,RoadwayConditionCode,WeatherCode,LightConditionCode,LandUseCode,SchoolBusRelatedCode,FirstAidSceneIndicator,DirectionalAnalysis,YR,KABCO,KTC_RT,KTC_MP,Motorcyclist,Commercial Vehicle,Young Driver,Mature Driver,Pedestrian,Bicyclist,Distracted,Aggressive,Impaired,Unrestrained,Intersection,Roadway Departure,Median Cross-over,CityCrash,DACid,Intersection Crash,Segment Crash
72406533,20190912,652,US23,098 US-23,US0023,N,27.267,2,0,2,2,N,N,55,37.51046,-82.54663,5,3,4,6,1,1,2,2,1,3,Y,49,2019,A,098-US-0023  -000,27.267,0,0,0,0,0,0,1,0,0,0,0,0,0,1,Non-DAC,0,1
72519158,20200708,1432,KATI,098 CS-1041,CS1041,N,0.809,0,0,1,1,N,N,35,37.46883,-82.56466,9,4,1,1,1,1,2,2,6,3,N,44,2020,O,098-CS-1041  -000,0.809,0,0,1,0,0,0,0,0,0,0,0,1,0,1,Non-DAC,0,1
72646730,20210709,820,US23,098 US-23,US0023,N,22.152,1,0,2,2,N,N,55,37.45943,-82.51695,5,3,4,6,1,5,3,2,7,3,Y,49,2021,C,098-US-0023  -000,22.152,0,0,0,1,0,0,0,0,0,0,0,0,0,1,Non-DAC,0,1
72797714,20220811,1011,OWSLEY,098 KY-1384,KY1384,N,7.38,0,0,2,2,N,N,45,37.4817,-82.53329,2,3,4,6,1,1,2,2,7,3,N,18,2022,O,098-KY-1384  -000,7.38,0,0,0,1,0,0,1,0,0,0,1,0,0,1,DAC,1,0
72442145,20191125,1614,US23,,,N,27.39,0,0,2,2,N,N,55,37.51088,-82.54903,5,3,6,6,1,1,3,2,7,3,N,49,2019,O,098-US-0023  -000,27.39,0,0,1,0,0,0,1,0,0,0,0,0,0,1,Non-DAC,1,0
72396624,20190816,1227,CASSIDY,,,N,0.275,0,0,2,2,N,N,25,37.50483,-82.53635,1,3,4,6,1,1,2,2,7,3,N,55,2019,O,098-CS-1191  -000,0.275,0,0,0,0,0,0,1,0,0,0,0,0,0,1,Non-DAC,0,1
72508664,20200601,2111,CASSIDY,,,N,0.318,0,0,2,2,N,N,25,37.50521,-82.5372,1,3,2,3,1,1,2,5,7,3,N,55,2020,O,098-CS-1191  -000,0.318,0,0,0,1,0,0,1,0,0,0,0,0,0,1,Non-DAC,0,1
72518631,20200630,1050,US23,,,N,22.274,0,0,2,2,N,N,55,37.46111,-82.51691,8,3,4,3,1,1,3,2,7,3,N,53,2020,O,098-US-0023  -000,22.274,0,0,0,0,0,0,0,0,0,0,0,1,0,1,Non-DAC,1,0
72511749,20200614,1821,THOMPSON,,,N,0.424,0,0,2,2,N,N,45,37.50639,-82.54498,1,3,2,3,1,5,3,2,7,3,N,55,2020,O,098-CS-1215  -000,0.424,0,0,0,0,0,0,1,0,0,0,0,0,0,1,Non-DAC,1,0
72585865,20210117,1124,CASSIDY,098 CS-1191,CS1191,N,0.053,0,0,2,2,N,N,15,37.50368,-82.53301,2,97,1,6,1,1,2,2,1,3,N,56,2021,O,098-CS-1191  -000,0.053,0,0,0,0,0,0,1,0,0,0,0,0,0,1,Non-DAC,0,1
72823714,20221030,1455,CASSIDY,098 CS-1191,CS1191,N,0.001,0,0,2,2,N,N,55,37.50377,-82.53217,5,3,5,6,1,1,3,2,1,3,N,70,2022,O,098-CS-1191  -000,0.001,0,0,0,0,0,0,1,0,0,0,0,0,0,1,Non-DAC,1,0
72297879,20190102,810,US23,,,N,23.107,0,0,2,2,N,N,55,37.466,-82.52881,8,3,4,6,1,1,2,2,1,3,N,53,2019,O,098-US-0023  -000,23.107,0,0,0,0,0,0,1,0,0,0,0,1,0,1,DAC,0,1
72736227,20220228,2218,CASSIDY,,,N,0.351,0,0,1,1,N,N,35,37.50517,-82.53788,9,3,2,6,1,1,2,6,1,3,N,44,2022,O,098-CS-1191  -000,0.351,0,0,1,0,0,0,0,0,0,0,0,1,0,1,Non-DAC,0,1
72622737,20210504,950,HAMBLEY,098 CS-1222,CS1222,N,0.767,1,0,2,2,N,N,25,37.48201,-82.51897,1,3,2,6,1,5,6,2,1,3,Y,55,2021,C,098-CS-1222  -000,0.767,0,0,0,0,0,0,1,0,0,0,0,0,0,1,DAC,1,0
72691888,20211103,1612,US23,098 US-23,US0023,N,30.533,0,0,2,2,N,N,55,37.54261,-82.58553,5,3,4,6,1,1,2,2,1,3,N,49,2021,O,098-US-0023  -000,30.533,0,0,0,0,0,0,1,0,0,0,0,0,0,1,Non-DAC,0,1
72335727,20190404,1952,BAIRD,,,N,5.378,0,0,2,2,N,N,55,37.47388,-82.52715,6,3,2,6,1,1,2,2,7,3,N,70,2019,O,098-KY-1426  -000,5.378,0,0,0,0,0,0,1,0,0,0,0,0,0,1,DAC,1,0
72809115,20220924,614,CHLOE,098 KY-1460,KY1460,N,2.74,1,0,1,1,N,N,45,37.46891,-82.47839,9,5,2,1,1,1,3,6,6,3,N,51,2022,B,098-KY-1460  -000,2.74,0,0,0,1,0,0,1,1,0,0,0,1,0,1,Non-DAC,0,1
72837123,20221128,810,KY1426,098 KY-1426,KY1426,N,8.194,0,0,1,1,N,N,45,37.49413,-82.4912,9,4,2,2,1,5,3,2,7,3,N,44,2022,O,098-KY-1426  -000,8.194,0,0,0,1,0,0,0,0,0,0,0,1,0,1,Non-DAC,0,1
72404702,20190909,1742,US23,098 US-23,US0023,N,27.317,0,0,2,2,N,N,55,37.51062,-82.54762,5,3,6,6,1,1,2,2,7,3,N,49,2019,O,098-US-0023  -000,27.317,0,0,0,0,0,0,1,0,0,0,0,0,0,1,Non-DAC,0,1
72744590,20220325,1737,THOMPSON,098 CS-1215,CS1215,N,0.646,0,0,2,2,N,N,35,37.50528,-82.5412,1,3,2,6,1,1,3,2,7,3,N,55,2022,O,098-CS-1215  -000,0.646,0,0,0,1,0,0,1,1,0,0,0,0,0,1,Non-DAC,0,1
72446573,20191205,1230,US23,098 US-23,US0023,N,27.448,0,0,2,2,N,N,55,37.51114,-82.55003,5,3,4,6,1,1,2,2,7,3,N,70,2019,O,098-US-0023  -000,27.448,0,0,0,0,0,0,1,0,0,0,0,0,0,1,Non-DAC,0,1
72776474,20220625,1454,KY1426,098 KY-1426,KY1426,N,8.063,0,0,1,1,N,N,55,37.49194,-82.49116,9,3,2,1,1,5,6,2,7,3,N,70,2022,O,098-KY-1426  -000,8.063,0,0,0,0,0,0,0,0,0,0,0,0,0,1,Non-DAC,0,1
72407266,20190913,913,MAYO,098 US-23,US0023,N,26.28,0,0,2,2,N,N,55,37.50361,-82.53214,5,3,4,6,1,1,2,5,7,3,N,49,2019,O,098-US-0023  -000,26.28,0,0,0,1,0,0,1,0,0,0,0,0,0,1,Non-DAC,1,0
72687124,20211020,1105,US119,098 US-119-10,US0119,N,0.013,0,0,2,1,N,N,55,37.50389,-82.53166,5,3,4,6,1,1,2,2,1,3,N,70,2021,O,098-US-0119  -000,0.013,0,0,0,0,0,0,1,0,0,0,0,0,0,1,Non-DAC,1,0
72834633,20221117,1609,US23,098 US-23-10,US0023,N,22.291,3,0,2,2,N,N,55,37.46135,-82.51697,4,3,4,3,1,1,2,2,7,3,Y,70,2022,C,098-US-0023  -000,22.291,0,0,0,0,0,0,1,0,0,0,0,0,0,1,Non-DAC,1,0
72808285,20220920,618,HAMBLEY,098 CS-1222,CS1222,N,0.38,0,0,2,2,N,N,25,37.47706,-82.52173,1,3,3,6,1,1,2,5,7,3,N,55,2022,O,098-CS-1222  -000,0.38,0,0,0,0,0,0,1,0,0,0,0,0,0,1,DAC,1,0
72713172,20211223,1651,US23,098 US-23-10,US0023,N,25.924,0,0,2,2,N,N,55,37.49856,-82.53139,5,3,4,6,1,1,2,2,7,3,N,49,2021,O,098-US-0023  -000,25.924,0,0,0,0,0,0,1,0,0,0,0,0,0,1,Non-DAC,0,1
72557324,20201026,1612,MAYO,098 US-23,US0023,N,26.287,4,0,2,2,N,N,55,37.50371,-82.53215,5,3,4,6,1,1,3,2,7,3,Y,49,2020,B,098-US-0023  -000,26.287,0,0,0,0,0,0,1,0,0,0,0,0,0,1,Non-DAC,1,0
72434334,20191110,1339,BYPASS,,,N,6.159,1,0,3,3,N,N,35,37.4774,-82.51654,5,3,2,6,1,1,2,2,1,3,N,49,2019,C,098-KY-1426  -000,6.159,0,0,0,1,0,0,1,1,0,0,0,0,0,1,DAC,1,0
72460765,20200107,1010,,,,N,0.103,1,0,1,1,N,N,55,37.48079,-82.54281,9,3,4,1,1,4,9,2,1,3,Y,72,2020,C,098-US-0023  -221,0.103,0,0,0,0,0,0,0,0,0,0,0,1,0,1,Non-DAC,0,1
72755954,20220429,2143,US23,,,N,25.73,0,0,1,1,N,N,55,37.4958,-82.53109,9,3,4,6,1,1,2,6,7,3,N,38,2022,O,098-US-0023  -000,25.73,0,0,0,1,0,0,0,0,0,0,0,0,0,1,Non-DAC,1,0
72727475,20220131,1050,US23,098 US-23,US0023,N,26.277,0,0,2,2,N,N,55,37.50356,-82.53214,5,3,4,6,1,1,3,2,7,3,N,49,2022,O,098-US-0023  -000,26.277,0,0,0,0,0,0,0,0,0,0,0,0,0,1,Non-DAC,1,0
72762739,20220517,2038,US23,,,N,24.165,0,0,1,1,N,N,55,37.47726,-82.54053,9,4,4,6,1,1,2,2,7,3,N,51,2022,O,098-US-0023  -000,24.165,0,0,0,0,0,0,0,0,0,0,0,1,0,1,DAC,1,0
72315980,20190214,1240,CASSIDY,,,N,,0,0,2,2,N,N,15,37.50687,-82.53928,2,3,1,6,2,1,3,2,1,3,N,56,2019,O,098-CS-1191  -000,0.366,0,0,0,1,0,0,1,0,0,0,0,0,0,1,Non-DAC,0,1
72531858,20200813,756,US23,098 US-23,US0023,N,20.157,1,0,3,3,N,N,55,37.44791,-82.5143,5,3,4,6,1,1,3,2,7,3,Y,49,2020,C,098-US-0023  -000,20.157,0,0,0,0,0,0,0,0,0,0,0,0,0,1,Non-DAC,0,1
72832734,20221118,1316,HAMBLEY,098 CS-1222,CS1222,N,0.631,0,0,2,2,N,N,25,37.48008,-82.51924,2,97,3,6,1,1,2,2,7,3,N,47,2022,O,098-CS-1222  -000,0.631,0,0,0,0,0,0,1,0,0,0,0,0,0,1,DAC,1,0
72337974,20190405,653,US23 TURN LANE,098 US-23-21,US0023,N,0.032,0,0,1,1,N,N,55,37.50337,-82.53233,9,3,4,6,1,5,3,1,1,3,N,40,2019,O,098-US-0023  -021,0.032,0,0,0,0,0,0,0,0,0,0,0,1,0,1,Non-DAC,1,0
72602306,20210309,1637,BANK,,,N,0.048,0,0,2,2,N,Y,10,37.47571,-82.521,2,3,1,6,1,1,2,2,1,3,N,47,2021,O,098-CS-1106  -000,0.048,0,0,0,0,0,0,1,0,0,0,0,0,0,1,DAC,0,1
72612184,20210331,724,US23,098 US-23,US0023,N,20.742,2,0,2,2,N,N,55,37.44296,-82.52277,1,3,4,3,1,5,3,3,1,3,Y,55,2021,A,098-US-0023  -000,20.742,0,0,0,1,0,0,1,0,0,0,0,0,1,1,Non-DAC,1,0
72508578,20200606,1618,US119,098 US-119-10,US0119,N,2.732,0,0,1,1,N,N,55,37.51415,-82.48643,9,3,2,6,1,1,2,2,7,3,N,70,2020,O,098-US-0119  -000,2.732,0,0,0,0,0,0,0,0,0,0,0,0,0,1,DAC,0,1
72356821,20190518,1719,CASSIDY,098 CS-1191,CS1191,N,0.054,0,0,2,2,N,N,55,37.50368,-82.53302,1,3,3,6,1,1,2,2,7,3,N,55,2019,O,098-CS-1191  -000,0.054,0,0,1,0,0,0,0,1,0,0,0,0,0,1,Non-DAC,0,1
72515022,20200626,1138,MAYO,098 US-23-10,US0023,N,23.062,0,0,2,2,Y,N,55,37.46583,-82.52812,1,3,4,6,1,1,2,2,7,3,N,55,2020,O,098-US-0023  -000,23.062,0,0,0,1,0,0,0,0,0,0,0,0,0,1,DAC,1,0
72468123,20200126,1241,POPLAR,098 CS-1160,CS1160,N,0.361,0,0,2,2,Y,N,15,37.48347,-82.52245,7,3,1,,1,1,2,2,7,3,N,47,2020,O,098-CS-1160  -000,0.361,0,0,0,0,0,0,0,0,0,0,0,0,0,1,DAC,0,1
72361211,20190522,1613,US23,,,N,27.298,0,0,2,2,N,N,55,37.51063,-82.5472,5,3,4,6,1,1,2,2,7,3,N,70,2019,O,098-US-0023  -000,27.298,0,0,0,0,0,0,1,0,0,0,0,0,0,1,Non-DAC,0,1
72378493,20190711,1254,4TH,098 CS-1133,CS1133,N,0.089,0,0,2,2,N,N,15,37.48367,-82.51833,7,3,2,6,1,1,2,2,7,3,N,54,2019,O,098-CS-1133  -000,0.089,0,0,0,1,0,0,0,0,0,0,0,1,0,1,DAC,1,0
72725086,20220128,1518,BAIRD,,,N,5.415,1,0,1,1,N,N,25,37.47299,-82.52704,9,97,4,6,1,5,9,2,1,3,Y,40,2022,C,098-KY-1426  -000,5.415,0,0,0,1,0,0,1,0,1,0,0,1,0,1,DAC,0,1
72635880,20210613,1659,KY1426,098 KY-1426,KY1426,N,5.357,0,0,2,2,N,N,35,37.47383,-82.52725,1,3,2,6,1,1,2,2,1,3,N,55,2021,O,098-KY-1426  -000,5.357,0,0,0,0,0,0,0,1,0,0,0,0,0,1,DAC,1,0
72625400,20210515,1558,MT CHASE,098 CS-1179,CS1179,N,0.057,0,0,2,2,N,N,15,37.48312,-82.52866,2,7,2,4,1,1,2,2,6,3,N,47,2021,O,098-CS-1179  -000,0.057,0,0,0,0,0,0,1,0,0,0,0,0,0,1,DAC,0,1
72822193,20221028,943,THOMPSON,,,N,0.008,0,0,2,2,N,N,55,37.51061,-82.54812,5,3,4,6,1,1,2,2,1,3,N,49,2022,O,098-CS-1215  -000,0.008,0,0,0,1,0,0,1,0,0,0,0,0,0,1,Non-DAC,1,0
72818034,20221014,124,CASSIDY,098 CS-1191,CS1191,N,0.383,0,0,2,2,N,N,35,37.50486,-82.53835,1,3,2,6,1,1,2,2,1,3,N,55,2022,O,098-CS-1191  -000,0.383,0,0,0,1,0,0,0,0,0,0,0,0,0,1,Non-DAC,0,1
72438653,20191115,753,US23,,,N,19.973,0,0,2,1,N,N,55,37.44948,-82.51158,5,3,4,2,1,1,3,2,7,3,N,49,2019,O,098-US-0023  -000,19.973,0,0,0,1,0,0,1,0,0,0,0,0,0,1,Non-DAC,0,1
72666500,20210825,1514,US119 CROSSOVER,098 US-119-33,US0119,N,0.008,0,0,2,2,N,N,20,37.51249,-82.49979,2,97,2,5,1,1,3,2,8,3,N,56,2021,O,098-US-0119  -033,0.008,0,0,0,0,0,0,0,0,0,0,0,0,0,1,Non-DAC,0,1
72330947,20190325,646,US23,098 US-23,US0023,N,31.663,0,0,1,1,N,N,55,37.53714,-82.6027,9,3,4,6,1,1,3,6,1,3,N,38,2019,O,098-US-0023  -000,31.663,0,0,0,0,0,0,0,0,0,0,0,0,0,1,Non-DAC,0,1
72800736,20220902,1602,BYPASS,,,N,5.578,0,0,2,2,N,N,45,37.47239,-82.52484,1,3,2,3,1,1,2,2,7,3,N,55,2022,O,098-KY-1426  -000,5.578,0,0,0,1,0,0,1,0,0,0,0,0,0,1,DAC,0,1
72496105,20200422,1200,US23,098 US-23,US0023,N,20.741,1,0,2,2,N,N,55,37.44312,-82.52287,1,3,4,3,1,1,2,2,1,3,Y,55,2020,C,098-US-0023  -000,20.741,0,1,0,0,0,0,1,0,0,0,0,0,0,1,Non-DAC,1,0
72801471,20220904,1229,CASSIDY,,,N,0.006,3,0,2,2,N,N,55,37.50375,-82.53226,1,3,4,6,1,1,2,2,1,3,N,55,2022,B,098-CS-1191  -000,0.006,0,0,0,0,0,0,1,1,0,0,0,0,0,1,Non-DAC,1,0
72450844,20191213,459,MAYO,098 US-23,US0023,N,30.901,1,0,1,1,N,N,55,37.54081,-82.59188,9,3,4,6,1,5,6,6,7,3,N,70,2019,C,098-US-0023  -000,30.901,0,0,0,0,0,0,0,0,0,0,0,1,0,1,Non-DAC,0,1
72715853,20211226,1838,BAIRD,098 KY-1426,KY1426,N,5.388,0,0,2,2,N,N,25,37.47305,-82.52707,1,3,2,6,1,1,3,7,1,3,N,55,2021,O,098-KY-1426  -000,5.388,0,0,0,0,0,0,1,0,0,0,0,0,0,1,DAC,1,0
72310110,20190130,2220,US23,,,N,27.369,0,0,2,2,N,N,55,37.51078,-82.54865,1,3,4,6,1,1,2,6,7,3,N,55,2019,O,098-US-0023  -000,27.369,0,0,1,0,0,0,1,1,0,0,0,0,0,1,Non-DAC,1,0
72418857,20191010,1247,KY1460,098 KY-1460,KY1460,N,6.975,0,0,2,2,N,N,35,37.48538,-82.54385,1,3,2,6,1,1,2,2,7,3,N,55,2019,O,098-KY-1460  -000,6.975,0,0,0,1,0,0,1,0,0,0,0,0,0,1,Non-DAC,1,0
72477139,20200210,1707,BYPASS,098 KY-1426,KY1426,N,6.142,0,0,2,2,N,Y,35,37.47718,-82.51679,5,3,2,6,1,5,6,2,1,3,N,49,2020,O,098-KY-1426  -000,6.142,0,0,1,0,0,0,0,0,0,0,0,0,0,1,DAC,1,0
72578682,20201221,1505,CASSIDY,,,N,0.311,0,0,2,2,N,N,25,37.50519,-82.53706,1,3,2,6,1,1,2,2,1,3,N,55,2020,O,098-CS-1191  -000,0.311,0,0,0,1,0,0,1,1,0,0,0,0,0,1,Non-DAC,0,1
72355037,20190518,2257,BILLUPS,098 CS-1221,CS1221,N,0.443,0,0,2,2,N,N,25,37.50613,-82.55281,1,3,1,4,1,1,2,6,6,3,N,55,2019,O,098-CS-1221  -000,0.443,0,0,1,0,0,0,0,0,0,0,0,0,0,1,Non-DAC,0,1
72759520,20220507,1624,US23,098 US-23,US0023,N,26.039,0,0,3,3,N,N,55,37.50019,-82.53161,5,3,4,6,1,5,6,2,7,3,N,70,2022,O,098-US-0023  -000,26.039,0,0,0,1,0,0,1,0,0,0,0,0,0,1,Non-DAC,0,1
72322085,20190302,1802,THOMPSON,,,N,0.046,0,0,2,2,N,N,35,37.51014,-82.54828,5,3,2,6,1,5,6,2,7,3,N,49,2019,O,098-CS-1215  -000,0.046,0,0,1,0,0,0,0,0,0,0,0,0,0,1,Non-DAC,1,0
72764632,20220522,311,US23,098 US-23-10,US0023,N,29.616,0,0,2,2,N,N,55,37.5317,-82.5772,5,3,5,6,1,1,2,6,1,3,N,49,2022,O,098-US-0023  -000,29.616,0,0,0,0,0,0,0,0,0,0,0,0,0,1,Non-DAC,1,0
72698284,20211116,1111,BYPASS,098 KY-1426,KY1426,N,5.631,0,0,2,2,N,N,35,37.47263,-82.52343,5,3,2,6,1,1,2,2,7,3,N,49,2021,O,098-KY-1426  -000,5.631,0,0,0,0,0,0,0,0,0,0,0,0,0,1,DAC,1,0
72475036,20200210,1251,HAMBLEY,098 CS-1222,CS1222,N,1.683,0,0,2,2,N,N,35,37.48185,-82.53324,1,3,2,6,1,5,6,2,7,3,N,55,2020,O,098-CS-1222  -000,1.683,0,0,0,0,0,0,1,0,0,0,0,0,0,1,DAC,1,0
72799770,20220824,2100,US23,098 US-23,US0023,N,26.223,0,0,2,2,N,N,45,37.50327,-82.53228,5,3,4,6,1,1,2,5,7,3,N,49,2022,O,098-US-0023  -000,26.223,0,0,0,1,0,0,1,0,0,0,0,0,0,1,Non-DAC,1,0
72677877,20211002,134,HAROLDS BRANCH,098 CS-1223,CS1223,N,0.136,1,0,1,1,N,N,5,37.47109,-82.52155,9,97,1,5,97,11,2,7,4,3,N,70,2021,B,098-CS-1223  -000,0.136,0,0,1,0,0,0,0,0,1,0,0,1,0,1,Non-DAC,0,1
72336293,20190404,1842,KY1426,,,N,6.812,0,0,2,2,N,N,45,37.48511,-82.51059,5,3,2,6,1,5,3,2,1,3,Y,49,2019,O,098-KY-1426  -000,6.812,0,0,1,0,0,0,0,0,0,0,0,0,0,1,Non-DAC,0,1
72320449,20190221,702,US23,,,N,23.063,0,0,2,2,N,N,55,37.46594,-82.52808,1,3,4,6,1,5,3,2,7,3,N,55,2019,O,098-US-0023  -000,23.063,0,0,0,1,0,0,1,0,0,0,0,0,0,1,DAC,1,0
72521984,20200717,1414,TOWN MOUNTAIN,,,N,6.921,0,0,2,2,N,N,35,37.48617,-82.50915,5,3,2,6,1,5,3,2,1,3,N,49,2020,O,098-KY-1426  -000,6.921,0,0,0,0,0,0,1,0,0,0,0,0,0,1,Non-DAC,1,0
72366370,20190613,1850,BYPASS,098 KY-1426,KY1426,N,5.631,0,0,2,2,N,N,45,37.47258,-82.5239,5,3,2,6,1,1,2,2,7,3,N,70,2019,O,098-KY-1426  -000,5.631,0,0,0,0,0,0,1,0,0,0,0,0,0,1,DAC,1,0
72456715,20191227,1710,US23,098 US-23-10,US0023,N,29.639,0,0,2,2,N,N,55,37.53202,-82.57735,5,3,5,6,1,1,2,5,7,3,N,49,2019,O,098-US-0023  -000,29.639,0,0,0,1,0,0,0,0,0,0,0,0,0,1,Non-DAC,0,1
72716165,20220101,814,US 119 NORTH,,,N,,0,0,1,1,N,N,55,37.50928,-82.51122,9,3,4,4,1,5,6,2,7,3,N,70,2022,O,098-US-0119  -000,1.218,0,0,0,0,0,0,0,0,0,0,0,1,0,1,Non-DAC,0,1
72749399,20220404,1728,US23,098 US-23,US0023,N,23.055,1,0,2,2,N,N,55,37.466,-82.52823,5,3,4,6,1,1,3,2,1,3,N,49,2022,B,098-US-0023  -000,23.055,0,0,0,0,0,0,1,0,0,0,0,0,0,1,DAC,1,0
72447610,20191207,1830,HAMBLEY,098 CS-1222,CS1222,N,0.039,0,0,2,2,N,N,35,37.47404,-82.52721,5,3,3,6,1,1,2,5,1,3,N,49,2019,O,098-CS-1222  -000,0.039,0,0,1,0,0,0,1,0,0,0,0,0,0,1,DAC,1,0
72423287,20191017,1721,US23 TURN LANE,098 US-23-20,US0023,N,0.012,0,0,2,2,N,N,55,37.50388,-82.53249,5,3,4,3,1,1,2,2,7,3,N,49,2019,O,098-US-0023  -020,0.012,0,0,0,0,0,0,1,0,0,0,0,0,0,1,Non-DAC,1,0
72826437,20221107,851,US23,098 US-23,US0023,N,22.438,0,0,2,2,N,N,55,37.46323,-82.51788,4,3,4,6,1,5,2,2,7,3,N,70,2022,O,098-US-0023  -000,22.438,0,0,1,0,0,0,0,1,0,0,0,0,0,1,Non-DAC,0,1
72588562,20210118,1800,US119 CROSSOVER,098 US-119-33,US0119,N,0.006,0,0,2,2,N,N,55,37.51239,-82.49973,8,3,2,6,1,1,2,6,7,3,N,53,2021,O,098-US-0119  -033,0.006,0,0,1,0,0,0,0,0,0,0,0,1,0,1,Non-DAC,0,1
72523847,20200719,1515,US23,098 US-23,US0023,N,25.734,2,0,2,2,N,N,55,37.49588,-82.53106,1,3,4,3,1,1,2,2,1,3,Y,55,2020,C,098-US-0023  -000,25.734,0,0,0,0,0,0,1,0,0,0,0,0,0,1,Non-DAC,1,0
72383570,20190720,1800,KY3496,,,N,0.758,0,0,2,2,Y,N,35,37.47202,-82.5303,7,3,2,6,1,1,2,2,7,3,N,54,2019,O,098-KY-3496  -000,0.758,0,0,0,0,0,0,0,0,1,0,0,1,0,1,DAC,0,1
72448708,20191209,1548,BYPASS,,,N,,2,0,2,2,N,N,45,37.4831,-82.51341,1,3,2,6,1,1,3,2,1,3,Y,55,2019,C,098-KY-1460  -000,5.08,0,0,0,0,0,0,0,1,0,0,0,0,0,1,DAC,1,0
72647461,20210712,1738,US23,098 US-23-10,US0023,N,20.967,3,0,3,3,N,N,55,37.44453,-82.52535,1,3,4,3,1,1,3,2,1,3,Y,55,2021,C,098-US-0023  -000,20.967,0,1,1,0,0,0,1,0,0,0,0,0,0,1,Non-DAC,1,0
72587774,20210125,1009,DESKINS,098 PR-1331,PR1331,N,0.01,0,0,2,2,N,N,15,37.53725,-82.60505,5,3,2,6,1,5,6,2,7,3,N,49,2021,O,098-PR-1331  -000,0.01,0,0,0,0,0,0,1,1,0,0,0,0,0,1,Non-DAC,1,0
72711939,20211221,530,BOB AMOS,098 CS-1025,CS1025,N,0.553,0,0,1,1,N,N,35,37.47202,-82.54093,9,3,2,1,1,1,2,5,7,3,N,38,2021,O,098-CS-1025  -000,0.553,0,0,0,1,0,0,0,0,0,0,0,0,0,1,Non-DAC,0,1
72670254,20210907,1748,KY1426,098 KY-1426,KY1426,N,9.567,1,0,2,2,N,N,55,37.51295,-82.48758,5,3,2,6,1,1,2,2,7,3,Y,49,2021,C,098-KY-1426  -000,9.567,0,0,0,0,0,0,1,0,0,0,0,0,0,1,Non-DAC,0,1
72635884,20210607,1604,US23,098 US-23,US0023,N,20.121,0,0,1,1,N,N,55,37.44821,-82.51377,9,3,4,6,1,6,6,2,1,3,N,40,2021,O,098-US-0023  -000,20.121,0,0,0,0,0,0,0,1,0,0,0,1,0,1,Non-DAC,0,1
72316732,20190211,1417,US23,098 US-23,US0023,N,24.836,1,0,2,2,N,N,55,37.48629,-82.54197,5,3,4,6,1,5,2,2,7,3,Y,49,2019,C,098-US-0023  -000,24.836,0,0,0,0,0,0,1,0,0,1,0,0,0,1,Non-DAC,1,0
72403810,20190901,2314,HAMBLEY,098 KY-1384,KY1384,N,,5,0,1,1,N,N,45,37.47915,-82.54328,9,3,4,6,1,1,2,5,6,3,Y,70,2019,A,098-KY-1384  -000,6.781,0,0,1,0,0,0,1,1,0,1,0,1,0,1,DAC,1,0
72420452,20191012,1801,CASSIDY,098 CS-1191,CS1191,N,0.052,0,0,2,2,N,N,25,37.50369,-82.533,5,3,2,6,1,1,2,2,1,3,N,49,2019,O,098-CS-1191  -000,0.052,0,0,0,0,0,0,1,0,0,0,0,0,0,1,Non-DAC,1,0
72708907,20211211,619,US23,098 US-23,US0023,N,22.289,0,0,1,1,N,N,55,37.46135,-82.51684,9,3,4,6,1,5,3,6,1,3,N,38,2021,O,098-US-0023  -000,22.289,0,0,0,0,0,0,0,0,0,0,0,0,0,1,Non-DAC,1,0
72829697,20221109,1523,US119,098 US-119-10,US0119,N,1.988,0,0,2,2,Y,N,55,37.51249,-82.49988,8,3,2,4,1,1,2,2,8,3,N,53,2022,O,098-US-0119  -000,1.988,0,0,0,0,0,0,0,0,0,0,0,1,0,1,Non-DAC,0,1
72635883,20210601,1635,2ND,098 CS-1117,CS1117,N,0.051,0,0,2,2,N,N,15,37.48289,-82.51608,8,3,1,6,1,1,2,2,1,3,N,53,2021,O,098-CS-1117  -000,0.051,0,0,0,0,0,0,1,0,0,0,0,1,0,1,DAC,1,0