MasterFile,CollisionDate,CollisionTime,RoadwayName,RSEUniqueGIS,RoadwayIdentifier,ParkingLotIndicator,Milepoint,NumberInjured,NumberKilled,ofUnits,ofMotorVehicleUnits,Hit&RunIndicator,OneWayIndicator,SpeedLimitNumber,Latitude,Longitude,MannerofCollisionCode,LocationFirstEventCode,TotalLanes,RoadwayCharacterCode,RoadwaySurfaceCode,RoadwayConditionCode,WeatherCode,LightConditionCode,LandUseCode,SchoolBusRelatedCode,FirstAidSceneIndicator,DirectionalAnalysis,YR,KABCO,KTC_RT,KTC_MP,Motorcyclist,Commercial Vehicle,Young Driver,Mature Driver,Pedestrian,Bicyclist,Distracted,Aggressive,Impaired,Unrestrained,Intersection,Roadway Departure,Median Cross-over,CityCrash,DACid,Intersection Crash,Segment Crash
72315018,20190211,1634,BYPASS,,,N,5.643,0,0,2,2,N,N,45,37.47257,-82.52368,5,3,2,6,1,5,6,2,7,3,N,35,2019,O,098-KY-1426  -000,5.643,0,0,0,0,0,0,1,1,0,0,1,0,0,1,DAC,1,0
72507536,20200604,1443,KY3496,,,N,0.605,0,0,2,2,N,N,35,37.47143,-82.53298,5,3,2,6,1,1,2,2,1,3,N,49,2020,O,098-KY-3496  -000,0.605,0,0,1,0,0,0,0,1,0,0,0,0,0,1,DAC,1,0
72381833,20190719,1610,US23,098 US-23,US0023,N,31.592,0,0,2,2,N,N,55,37.53683,-82.60152,5,3,4,6,1,1,2,2,7,3,N,49,2019,O,098-US-0023  -000,31.592,0,0,0,0,0,0,0,0,0,0,0,0,0,1,Non-DAC,1,0
72782809,20220629,854,DIVISION,098 CS-1130,CS1130,N,0.131,0,0,2,2,N,N,15,37.47932,-82.5172,8,97,1,6,1,1,2,2,7,3,N,47,2022,O,098-CS-1130  -000,0.131,0,0,1,0,0,0,1,0,0,0,0,0,0,1,DAC,1,0
72802264,20220901,1034,US119,098 US-119-10,US0119,N,2.685,3,0,3,3,N,N,55,37.5142,-82.48729,1,3,4,6,1,1,2,2,7,3,Y,55,2022,C,098-US-0119  -000,2.685,0,0,0,0,0,0,0,0,1,0,0,0,0,1,DAC,1,0
72542544,20200902,1716,US23,,,N,26.217,0,0,3,3,N,N,55,37.50272,-82.53202,1,3,8,6,1,5,6,2,7,3,N,55,2020,O,098-US-0023  -000,26.217,0,0,1,0,0,0,0,1,0,0,0,0,1,1,Non-DAC,0,1
72809590,20220919,419,US23,,,N,,0,0,1,1,N,N,55,37.44407,-82.51824,9,3,4,6,1,1,2,6,7,3,N,70,2022,O,098-US-0023  -000,20.441,0,0,0,0,0,0,0,1,1,1,0,1,0,1,Non-DAC,0,1
72300935,20190108,1604,COLLEGE,,,N,0.066,0,0,2,2,N,N,15,37.47659,-82.52131,1,3,2,4,1,1,2,2,6,3,N,10,2019,O,098-CS-1108  -000,0.066,0,0,1,0,0,0,0,1,0,0,1,0,0,1,DAC,1,0
72587137,20210123,1303,US23,098 US-23-10,US0023,N,26.26,0,0,2,2,N,N,55,37.50334,-82.5323,8,3,4,6,1,1,2,2,7,3,N,53,2021,O,098-US-0023  -000,26.26,0,0,0,1,0,0,0,0,0,0,0,1,0,1,Non-DAC,1,0
72798933,20220806,925,OWSLEY,098 KY-1384,KY1384,N,5.957,0,0,1,1,Y,N,35,37.47704,-82.55663,9,3,2,6,1,1,2,7,1,3,N,70,2022,O,098-KY-1384  -000,5.957,0,0,0,0,0,0,0,0,0,0,0,0,0,1,Non-DAC,0,1
72494296,20200413,807,REDALE,098 CS-1244,CS1244,N,0.179,1,0,2,1,Y,N,15,37.48714,-82.52739,9,3,1,6,1,5,3,2,1,3,Y,70,2020,C,098-CS-1244  -000,0.179,0,0,0,0,1,0,0,0,0,0,0,0,0,1,DAC,1,0
72817962,20221017,1543,US23 TURN LANE,,,N,0.018,0,0,2,2,N,N,55,37.50355,-82.53246,5,3,8,3,1,1,2,2,1,3,N,49,2022,O,098-US-0023  -021,0.018,0,0,0,1,0,0,1,1,0,0,0,0,0,1,Non-DAC,1,0
72325913,20190303,1409,CASSIDY,,,N,0.326,0,0,2,2,N,N,25,37.50522,-82.53738,8,3,2,1,1,5,6,2,1,3,N,53,2019,O,098-CS-1191  -000,0.326,0,0,1,0,0,0,1,0,0,0,0,1,0,1,Non-DAC,0,1
72529080,20200803,1600,US460,098 US-460,US0460,N,0.214,0,0,2,2,N,N,55,37.43943,-82.50932,8,3,2,6,1,1,2,2,7,3,N,53,2020,O,098-US-0460  -000,0.214,0,0,0,1,0,0,1,0,0,0,0,1,0,1,Non-DAC,0,1
72499201,20200505,1502,OWSLEY,098 KY-1384,KY1384,N,7.21,0,0,2,2,N,N,45,37.48074,-82.536,8,3,4,6,1,1,3,2,7,3,N,53,2020,O,098-KY-1384  -000,7.21,0,0,0,0,0,0,1,0,0,0,0,1,0,1,DAC,0,1
72466078,20200114,1050,THOMPSON,098 CS-1215,CS1215,N,0.784,0,0,2,2,N,N,35,37.50418,-82.5391,1,3,3,6,1,1,2,2,7,3,N,55,2020,O,098-CS-1215  -000,0.784,0,0,0,1,0,0,1,0,0,0,0,0,0,1,Non-DAC,1,0
72653416,20210723,1739,KY3496,098 KY-3496,KY3496,N,0.241,1,0,2,2,N,N,35,37.46688,-82.53181,5,3,2,6,1,1,2,2,1,3,Y,49,2021,B,098-KY-3496  -000,0.241,0,0,0,1,0,0,1,0,0,0,0,0,0,1,DAC,0,1
72321902,20190226,720,CHLOE,098 KY-1460,KY1460,N,3.845,1,0,1,1,N,N,35,37.47722,-82.49406,9,5,2,1,1,2,2,2,7,3,Y,44,2019,B,098-KY-1460  -000,3.845,0,0,0,0,0,0,0,0,0,0,0,1,0,1,Non-DAC,0,1
72553264,20201011,1930,MAYO,,,N,22.945,1,0,2,2,N,N,55,37.46542,-82.52599,1,3,4,6,1,1,2,5,1,3,Y,55,2020,B,098-US-0023  -000,22.945,0,0,0,0,0,0,1,1,0,0,0,0,0,1,DAC,1,0
72385524,20190724,1422,KY1426,,,N,8.301,0,0,1,1,N,N,45,37.49565,-82.49098,9,5,2,4,1,1,2,2,7,3,N,44,2019,O,098-KY-1426  -000,8.301,0,0,0,0,0,0,0,0,0,0,0,1,0,1,Non-DAC,0,1
72690211,20211029,1533,US23,,,N,26.124,2,0,3,3,N,N,55,37.5014,-82.53183,5,3,4,6,1,1,3,2,7,3,Y,70,2021,C,098-US-0023  -000,26.124,0,0,0,0,0,0,1,0,0,1,0,1,0,1,Non-DAC,0,1
72341558,20190419,1512,,,,N,0.028,0,0,2,2,N,N,45,37.48416,-82.54238,5,3,4,1,1,5,6,2,1,3,N,85,2019,O,098-US-0023  -321,0.028,0,0,1,0,0,0,0,0,0,0,0,0,0,1,Non-DAC,1,0
72342717,20190413,1913,KY1426,098 KY-1426,KY1426,N,5.025,1,0,1,1,N,Y,35,37.47295,-82.53348,9,3,1,3,1,1,2,2,7,3,Y,70,2019,B,098-KY-1426  -000,5.025,1,0,0,0,0,0,0,0,0,0,0,1,0,1,DAC,0,1
72625902,20210518,1358,MAYO,098 US-23,US0023,N,27.314,0,0,2,2,N,N,55,37.51068,-82.54753,5,3,4,6,1,1,3,2,7,3,N,49,2021,O,098-US-0023  -000,27.314,0,0,0,0,0,0,1,0,0,0,0,0,0,1,Non-DAC,0,1
72743010,20220318,1528,MAIN,098 CS-1112,CS1112,N,0.079,0,0,1,1,N,N,15,37.47877,-82.51796,9,4,2,6,1,1,2,2,1,3,N,40,2022,O,098-CS-1112  -000,0.079,0,0,0,0,0,0,0,0,0,0,0,1,0,1,DAC,1,0
72555403,20201021,1523,KY3496,098 KY-3496,KY3496,N,0.103,0,0,2,2,N,N,35,37.466,-82.52957,1,3,2,6,1,1,2,2,1,3,N,55,2020,O,098-KY-3496  -000,0.103,0,0,0,1,0,0,1,0,0,0,0,0,0,1,DAC,0,1
72723337,20220116,225,CEDAR HILLS,098 KY-1426,KY1426,N,3.623,0,0,1,1,N,N,35,37.45204,-82.53629,9,5,2,1,1,5,2,6,7,3,N,44,2022,O,098-KY-1426  -000,3.623,0,0,0,0,0,0,1,0,1,0,0,1,0,1,Non-DAC,0,1
72556381,20201024,749,BYPASS,,,N,5.587,0,0,2,2,N,N,35,37.47241,-82.52469,1,3,2,6,1,5,6,2,1,3,N,55,2020,O,098-KY-1426  -000,5.587,0,0,0,0,0,0,1,0,0,0,0,0,0,1,DAC,0,1
72545277,20200923,1553,HAROLDS BRANCH,098 CS-1223,CS1223,N,0.027,0,0,2,2,N,N,35,37.47249,-82.52245,5,3,3,6,1,1,3,2,7,3,N,49,2020,O,098-CS-1223  -000,0.027,0,0,0,1,0,0,1,0,0,0,0,0,0,1,Non-DAC,0,1
72382318,20190714,1629,BAIRD,098 KY-1426,KY1426,N,5.371,0,0,2,2,N,N,35,37.47361,-82.52719,5,3,2,6,1,1,2,2,7,3,N,70,2019,O,098-KY-1426  -000,5.371,0,0,0,0,0,0,1,0,0,0,0,0,0,1,DAC,1,0
72628660,20210525,2252,CASSIDY,098 CS-1191,CS1191,N,0.232,0,0,1,1,N,N,25,37.50432,-82.53568,9,97,1,6,1,1,3,7,1,3,N,70,2021,O,098-CS-1191  -000,0.232,0,0,1,0,0,0,1,0,0,0,0,1,0,1,Non-DAC,0,1
72569019,20201125,1749,US23,,,N,30.535,0,0,2,2,N,N,55,37.54256,-82.58564,5,3,4,3,1,1,3,6,7,3,N,70,2020,O,098-US-0023  -000,30.535,0,0,0,1,0,0,1,0,0,0,0,0,0,1,Non-DAC,0,1
72676306,20210917,724,US23,,,N,26.37,0,0,2,2,N,N,55,37.50486,-82.53255,5,3,4,6,1,1,2,2,7,3,N,49,2021,O,098-US-0023  -000,26.37,0,0,0,0,0,0,1,0,0,0,0,0,0,1,Non-DAC,0,1
72573964,20201204,1815,US23,,,N,,0,0,2,2,Y,N,55,37.50376,-82.53216,5,3,6,6,1,5,6,5,1,3,N,70,2020,O,098-US-0023  -000,26.291,0,0,0,0,0,0,1,0,0,0,0,0,0,1,Non-DAC,1,0
72702715,20211127,1845,US23,098 US-23-10,US0023,N,32.114,0,0,2,2,N,N,55,37.5375,-82.60976,2,3,2,6,1,1,2,7,6,3,N,47,2021,O,098-US-0023  -000,32.114,0,0,0,0,0,0,1,0,0,0,0,0,0,1,Non-DAC,0,1
72818564,20221019,1546,MAYO,,,N,0.016,0,0,2,2,N,N,35,37.49473,-82.53253,5,3,2,6,1,1,2,2,6,3,N,49,2022,O,098-PR-1326  -000,0.016,0,0,0,0,0,0,0,0,0,0,0,0,0,1,Non-DAC,1,0
72749763,20220402,1939,US23,098 US-23-10,US0023,N,21.536,0,0,2,2,N,N,55,37.45229,-82.52314,1,97,4,6,1,1,2,2,7,3,N,55,2022,O,098-US-0023  -000,21.536,0,0,0,0,0,0,1,1,0,1,0,0,0,1,Non-DAC,1,0
72466338,20200121,1615,MAYO,,,N,20.758,1,0,2,2,N,N,55,37.44281,-82.52209,5,3,4,3,1,1,2,2,7,3,N,14,2020,C,098-US-0023  -000,20.758,0,0,0,1,0,0,1,0,0,0,1,0,0,1,Non-DAC,1,0
72407406,20190905,1344,US23,,,N,26.299,0,0,2,1,N,N,55,37.50386,-82.53238,1,3,4,6,1,1,2,2,7,3,N,55,2019,O,098-US-0023  -000,26.299,0,0,0,1,0,0,1,0,0,0,0,0,0,1,Non-DAC,1,0
72767280,20220530,1540,KY3218,,,N,0.008,0,0,2,2,N,N,45,37.53709,-82.60155,5,3,3,4,1,1,2,2,7,3,N,49,2022,O,098-KY-3218  -000,0.008,0,0,0,0,0,0,1,0,0,0,0,0,0,1,Non-DAC,1,0
72434036,20191108,2047,US23,,,N,25.211,0,0,1,1,N,N,55,37.49033,-82.53746,9,3,4,6,1,1,2,6,1,3,N,38,2019,O,098-US-0023  -000,25.211,0,0,0,0,0,0,0,0,0,0,0,0,0,1,Non-DAC,0,1
72819995,20221019,909,CEDAR HILLS,098 KY-1426,KY1426,N,4.638,0,0,2,2,N,N,35,37.46205,-82.52663,1,3,2,3,1,1,2,2,7,3,N,55,2022,O,098-KY-1426  -000,4.638,0,0,0,0,0,0,1,0,1,0,0,1,0,1,Non-DAC,0,1
72809114,20220920,1301,US23,,,N,26.279,1,0,3,3,N,N,55,37.5036,-82.53214,5,3,4,6,1,1,2,2,1,3,N,70,2022,C,098-US-0023  -000,26.279,0,1,0,0,0,0,1,0,0,0,0,0,0,1,Non-DAC,1,0
72436204,20191113,1522,KY3496,,,N,0.887,0,0,2,2,N,N,35,37.47208,-82.52792,2,3,2,6,1,1,3,2,7,3,N,56,2019,O,098-KY-3496  -000,0.887,0,0,0,0,0,0,1,0,0,0,0,0,0,1,DAC,0,1
72569747,20201127,219,US23,098 US-23,US0023,N,19.363,0,0,1,1,N,N,55,37.44547,-82.50462,9,3,4,6,1,1,2,6,1,3,N,38,2020,O,098-US-0023  -000,19.363,0,0,0,0,0,0,0,0,0,0,0,0,0,1,Non-DAC,0,1
72429833,20191028,1015,US23,098 US-23,US0023,N,24.719,1,0,2,2,N,N,55,37.48475,-82.54286,5,3,4,6,1,1,2,2,1,3,N,49,2019,B,098-US-0023  -000,24.719,0,0,0,0,0,0,1,0,0,0,0,0,0,1,Non-DAC,0,1
72653961,20210801,1036,US23,,,N,20.959,1,0,2,2,N,N,55,37.44444,-82.52527,1,3,4,1,1,1,2,2,7,3,Y,55,2021,C,098-US-0023  -000,20.959,0,0,1,0,0,0,1,0,0,0,0,0,0,1,Non-DAC,1,0
72735298,20220221,712,HAROLDS BRANCH,098 CS-1223,CS1223,N,0.102,0,0,2,2,N,N,25,37.47151,-82.5219,1,3,2,6,2,1,3,2,1,3,N,55,2022,O,098-CS-1223  -000,0.102,0,0,1,0,0,0,1,1,0,0,0,0,0,1,Non-DAC,0,1
72450333,20191211,1515,US23,,,N,25.246,0,0,2,2,N,N,55,37.49048,-82.53682,5,3,4,6,1,1,3,2,7,3,N,49,2019,O,098-US-0023  -000,25.246,0,0,0,0,0,0,1,0,0,0,0,0,0,1,Non-DAC,0,1
72795149,20220810,835,US23,098 US-23-10,US0023,N,26.259,0,0,2,2,Y,N,55,37.5034,-82.53233,5,3,4,6,1,5,6,2,7,3,N,49,2022,O,098-US-0023  -000,26.259,0,0,0,0,0,0,0,0,0,0,0,0,0,1,Non-DAC,1,0
72439377,20191120,1129,US119,098 US-119,US0119,N,0.036,0,0,2,2,N,N,55,37.50393,-82.53138,5,3,2,6,1,1,2,2,7,3,N,49,2019,O,098-US-0119  -000,0.036,0,0,0,0,0,0,0,0,0,0,0,0,0,1,Non-DAC,1,0
72471770,20200204,1350,MAYO,098 US-23-10,US0023,N,29.603,0,0,2,2,N,N,55,37.5315,-82.57714,5,3,4,6,1,6,3,2,7,3,N,70,2020,O,098-US-0023  -000,29.603,0,0,0,0,0,0,1,0,0,0,0,0,0,1,Non-DAC,1,0
72505044,20200521,916,BYPASS,098 KY-1426,KY1426,N,6.594,0,0,3,3,N,N,55,37.48291,-82.51339,5,3,2,6,1,1,2,2,1,3,N,49,2020,O,098-KY-1426  -000,6.594,0,0,0,1,0,0,0,0,1,0,0,0,0,1,DAC,1,0
72463435,20200113,1842,US23,098 US-23,US0023,N,19.821,1,0,1,1,N,N,55,37.44993,-82.50892,9,2,4,3,1,1,2,6,1,3,N,40,2020,C,098-US-0023  -000,19.821,0,0,0,1,0,0,0,0,0,0,0,1,0,1,Non-DAC,0,1
72363286,20190605,916,US23,098 US-23,US0023,N,26.289,1,0,2,2,N,N,55,37.50378,-82.53214,1,3,4,6,1,5,3,2,1,3,Y,55,2019,C,098-US-0023  -000,26.289,0,0,0,0,0,0,1,1,0,0,0,0,0,1,Non-DAC,1,0
72813587,20221005,1634,MAYO,098 US-23,US0023,N,27.163,0,0,2,2,N,N,55,37.51045,-82.5445,5,3,4,6,1,1,2,2,2,3,N,70,2022,O,098-US-0023  -000,27.163,0,0,0,0,0,0,1,0,0,0,0,0,0,1,Non-DAC,0,1
72568509,20201124,1810,US23,098 US-23,US0023,N,27.369,0,0,3,3,N,N,55,37.51078,-82.54873,5,3,4,6,1,1,2,5,7,3,N,49,2020,O,098-US-0023  -000,27.369,0,0,1,0,0,0,0,0,0,0,0,0,0,1,Non-DAC,1,0
72347094,20190418,1534,CASSIDY BLVD,,,N,,0,0,2,2,Y,N,35,37.50465,-82.53632,1,3,4,6,1,1,2,2,7,3,N,55,2019,O,098-CS-1191  -000,0.254,0,0,0,0,0,0,1,0,0,0,0,0,0,1,Non-DAC,0,1
72466643,20200121,1608,HAMBLEY BOULEVARD,,,N,,4,0,2,2,N,N,45,37.47948,-82.54266,1,3,4,6,1,1,3,2,1,3,Y,55,2020,A,098-KY-1384  -000,6.822,0,0,0,1,0,0,1,1,0,0,0,1,0,1,DAC,0,1
72672111,20210918,843,HAROLDS BRANCH,098 CS-1223,CS1223,N,1.478,0,0,1,1,N,Y,35,37.4649,-82.49936,9,3,1,6,1,1,2,2,6,3,N,70,2021,O,098-CS-1223  -000,1.478,0,0,0,0,0,0,1,0,0,0,0,1,0,1,Non-DAC,0,1
72377490,20190709,1155,US23,,,N,30.196,0,0,2,2,N,N,55,37.53951,-82.5812,8,3,2,6,1,1,2,2,7,3,N,53,2019,O,098-US-0023  -000,30.196,0,0,0,0,0,0,1,0,0,0,0,1,0,1,Non-DAC,0,1
72660856,20210819,1522,HAMBLEY,098 CS-1222,CS1222,N,0.378,0,0,2,2,N,N,25,37.47704,-82.52175,5,3,2,6,1,5,6,2,7,3,N,49,2021,O,098-CS-1222  -000,0.378,0,0,1,0,0,0,0,1,0,0,0,0,0,1,DAC,1,0
72528547,20200731,234,US23,098 US-23,US0023,N,27.31,0,0,1,1,N,N,55,37.51098,-82.54749,9,3,4,6,1,1,2,6,1,3,N,70,2020,O,098-US-0023  -000,27.31,0,0,1,0,0,0,0,0,0,0,0,0,0,1,Non-DAC,0,1
72782819,20220713,1333,HAMBLEY,098 CS-1222,CS1222,N,0.514,0,0,2,2,N,N,25,37.47859,-82.52023,5,3,2,6,1,1,2,2,1,3,N,70,2022,O,098-CS-1222  -000,0.514,0,0,0,1,0,0,0,0,0,0,0,0,0,1,DAC,1,0
72560723,20201029,1205,US23,098 US-23,US0023,N,22.939,2,0,2,2,N,N,55,37.4655,-82.52596,5,3,4,6,1,1,2,2,1,3,Y,49,2020,C,098-US-0023  -000,22.939,0,0,0,1,0,0,1,0,0,0,0,0,0,1,DAC,1,0
72556010,20201023,650,US23,098 US-23,US0023,N,21.417,0,0,2,2,N,N,55,37.4507,-82.52392,5,3,4,3,1,1,2,2,7,3,N,49,2020,O,098-US-0023  -000,21.417,0,0,0,0,0,0,0,0,0,0,0,0,0,1,Non-DAC,0,1
72727125,20220129,2304,COLLEGE,,,N,0.068,0,0,2,2,N,N,25,37.47657,-82.52129,1,3,2,6,1,1,2,5,7,3,N,55,2022,O,098-CS-1108  -000,0.068,0,0,0,0,0,0,1,1,0,0,0,0,0,1,DAC,1,0
72472680,20200130,1642,US23,,,N,23.085,2,0,2,2,N,N,55,37.46593,-82.52855,3,3,4,6,1,1,3,2,7,3,Y,52,2020,C,098-US-0023  -000,23.085,0,0,0,0,0,0,1,0,0,0,0,1,0,1,DAC,0,1
72395930,20190820,2107,CASSIDY,098 CS-1191,CS1191,N,,0,0,2,2,N,N,25,37.50369,-82.53466,8,3,4,6,1,5,2,5,1,3,N,19,2019,O,098-CS-1191  -000,0.141,0,0,1,0,0,0,0,1,0,0,1,0,0,1,Non-DAC,0,1
72694820,20211104,1703,US23,098 US-23,US0023,N,26.228,1,0,3,3,N,N,55,37.50287,-82.53204,5,3,4,6,1,1,2,2,1,3,N,70,2021,B,098-US-0023  -000,26.228,0,0,0,1,0,0,1,0,0,0,0,0,0,1,Non-DAC,1,0
72438609,20191113,1327,HAMBLEY,098 CS-1222,CS1222,N,0.661,0,0,2,2,N,N,25,37.48057,-82.519,1,3,2,6,1,1,2,2,1,3,N,55,2019,O,098-CS-1222  -000,0.661,0,1,0,0,0,0,1,1,0,0,0,0,0,1,DAC,1,0
72619353,20210430,927,HAMBLEY,098 CS-1222,CS1222,N,0.448,0,0,2,2,Y,N,25,37.47779,-82.52089,8,3,2,6,1,1,2,2,1,3,N,47,2021,O,098-CS-1222  -000,0.448,0,0,0,0,0,0,0,0,0,0,0,0,0,1,DAC,0,1
72344346,20190420,1226,US23,098 US-23,US0023,N,29.475,0,0,2,2,N,N,45,37.52971,-82.57605,1,3,6,6,1,5,3,2,7,3,N,55,2019,O,098-US-0023  -000,29.475,0,0,0,0,0,0,0,1,0,0,0,0,0,1,Non-DAC,1,0
72832731,20221113,946,US23,098 US-23,US0023,N,21.119,1,0,1,1,N,N,55,37.44695,-82.52577,9,2,4,3,1,1,3,2,7,3,Y,70,2022,C,098-US-0023  -000,21.119,0,0,0,0,0,0,0,0,1,0,0,1,0,1,Non-DAC,1,0
72750207,20220405,2233,KY1426,098 KY-1426,KY1426,N,9.145,1,0,1,1,N,N,55,37.50722,-82.48911,9,3,2,2,1,5,6,6,7,3,N,70,2022,B,098-KY-1426  -000,9.145,0,0,1,0,0,0,0,0,0,0,0,1,0,1,Non-DAC,0,1
72420703,20191014,2229,US23,,,N,26.34,0,0,1,1,N,N,55,37.50445,-82.53246,9,3,4,6,1,1,2,5,1,3,N,38,2019,O,098-US-0023  -000,26.34,0,0,0,0,0,0,0,0,0,0,0,0,0,1,Non-DAC,0,1
72469113,20200127,1223,HAMBLEY,098 CS-1222,CS1222,N,0.04,0,0,2,2,N,N,35,37.47408,-82.52724,1,3,4,6,1,5,3,2,7,3,N,55,2020,O,098-CS-1222  -000,0.04,0,0,1,1,0,0,1,0,0,0,0,0,0,1,DAC,1,0
72760516,20220423,306,HAMBLEY,098 CS-1222,CS1222,N,0.705,0,0,1,1,N,N,25,37.48112,-82.5189,9,3,2,3,1,1,2,5,7,3,N,70,2022,O,098-CS-1222  -000,0.705,0,0,0,0,0,0,0,0,1,0,0,0,0,1,DAC,1,0
72693902,20211105,1714,KEYSER HEIGHTS,098 CS-1187,CS1187,N,0.03,0,0,2,2,N,N,55,37.49192,-82.53506,5,3,4,6,1,1,2,2,1,3,N,70,2021,O,098-CS-1187  -000,0.03,0,0,1,1,0,0,1,0,0,0,0,0,0,1,Non-DAC,0,1
72790209,20220729,2040,US23,098 US-23,US0023,N,31.321,0,0,1,1,N,N,55,37.53653,-82.59654,9,3,4,3,1,5,3,6,7,3,N,40,2022,O,098-US-0023  -000,31.321,0,0,0,0,0,0,0,0,0,0,0,1,0,1,Non-DAC,0,1
72780583,20220707,1745,US23,098 US-23-10,US0023,N,23.063,0,0,2,2,N,N,55,37.46584,-82.52814,1,3,4,6,1,1,2,2,7,3,N,10,2022,O,098-US-0023  -000,23.063,0,0,0,0,0,0,1,1,0,0,1,0,0,1,DAC,1,0
72745791,20220318,1623,US23,098 US-23,US0023,N,30.545,0,0,2,2,N,N,55,37.54264,-82.58575,3,5,4,3,1,1,2,2,1,3,N,51,2022,O,098-US-0023  -000,30.545,0,0,0,0,0,0,0,0,0,0,0,1,0,1,Non-DAC,0,1
72667326,20210831,1921,US23,098 US-23,US0023,N,23.06,2,0,2,2,N,N,55,37.4659,-82.5281,1,3,4,6,1,1,3,2,7,3,Y,8,2021,B,098-US-0023  -000,23.06,0,0,0,0,0,0,1,1,1,0,1,0,0,1,DAC,1,0
72793506,20220806,2129,US23,098 US-23,US0023,N,31.731,0,0,5,5,N,N,55,37.53728,-82.60393,1,3,4,6,1,1,2,6,7,3,N,55,2022,O,098-US-0023  -000,31.731,0,0,1,0,0,0,0,0,0,0,0,0,0,1,Non-DAC,0,1
72427792,20191026,1431,US23,098 US-23,US0023,N,26.233,0,0,2,2,N,N,55,37.50294,-82.53205,5,3,4,6,1,1,3,2,7,3,N,70,2019,O,098-US-0023  -000,26.233,0,0,1,0,0,0,1,0,0,0,0,0,0,1,Non-DAC,1,0
72472219,20200130,1124,WILLIAMS HOLLOW,,,N,0.466,0,0,1,1,N,N,15,37.49205,-82.48619,9,3,1,6,1,1,2,2,6,3,N,44,2020,O,098-CS-1085  -000,0.466,0,0,0,1,0,0,1,0,0,0,0,1,0,1,Non-DAC,0,1
72673968,20210922,1614,BAIRD,098 KY-1426,KY1426,N,5.393,0,0,2,2,N,N,35,37.4733,-82.52711,4,3,2,6,1,1,3,2,7,3,N,70,2021,O,098-KY-1426  -000,5.393,0,0,0,0,0,0,0,1,0,0,0,0,0,1,DAC,1,0
72760567,20220506,1929,US23,098 US-23-10,US0023,N,26.389,0,0,2,2,N,N,55,37.50508,-82.53278,5,3,4,6,1,5,6,2,7,3,N,49,2022,O,098-US-0023  -000,26.389,0,0,0,0,0,0,0,0,1,0,0,0,0,1,Non-DAC,0,1
72513388,20200619,2001,US23,,,N,24.868,0,0,1,1,N,N,55,37.48672,-82.54173,9,3,4,6,1,1,3,2,7,3,N,44,2020,O,098-US-0023  -000,24.868,0,0,0,0,0,0,0,0,0,0,0,1,0,1,Non-DAC,0,1
72388615,20190731,1550,US23,,,N,22.941,0,0,2,1,N,N,55,37.46536,-82.52597,5,3,4,6,1,5,3,2,7,3,N,35,2019,O,098-US-0023  -000,22.941,0,0,1,0,0,0,1,0,0,0,1,0,0,1,DAC,1,0
72536941,20200829,1636,THOMPSON,098 CS-1215,CS1215,N,0.092,0,0,2,2,N,N,35,37.50948,-82.54839,5,3,2,6,2,1,2,2,7,3,N,49,2020,O,098-CS-1215  -000,0.092,0,0,0,0,0,0,1,0,0,0,0,0,0,1,Non-DAC,0,1
72478687,20200218,1232,HAMBLEY,,,N,,0,0,2,2,N,N,35,37.47402,-82.5273,4,3,4,6,1,5,6,2,7,3,N,16,2020,O,098-CS-1222  -000,0,0,0,0,0,0,0,1,1,0,0,1,0,0,1,DAC,1,0
72359149,20190516,1416,HAROLDS BRANCH,098 CS-1223,CS1223,N,0.064,0,0,3,3,N,N,15,37.47198,-82.52224,7,97,2,6,2,1,2,2,1,3,N,54,2019,O,098-CS-1223  -000,0.064,0,0,0,1,0,0,1,0,0,0,0,1,0,1,Non-DAC,0,1
72341990,20190418,2309,US119,098 US-119-10,US0119,N,1.748,2,0,1,1,N,N,55,37.51321,-82.50362,9,3,2,1,1,1,2,2,7,3,N,40,2019,B,098-US-0119  -000,1.748,0,0,0,0,0,0,0,0,0,0,0,1,0,1,Non-DAC,0,1
72322164,20190226,624,CHLOE,098 KY-1460,KY1460,N,3.862,2,0,1,1,N,N,35,37.47718,-82.49438,9,4,2,1,1,2,6,4,7,3,Y,40,2019,B,098-KY-1460  -000,3.862,0,0,0,0,0,0,1,0,0,0,0,1,0,1,Non-DAC,1,0
72598150,20210223,846,BAIRD,098 KY-1426,KY1426,N,5.389,0,0,2,2,N,N,55,37.47313,-82.52712,1,3,2,6,1,1,2,2,7,3,N,55,2021,O,098-KY-1426  -000,5.389,0,0,0,1,0,0,1,0,0,0,0,0,0,1,DAC,1,0