MasterFile,CollisionDate,CollisionTime,RoadwayName,RSEUniqueGIS,RoadwayIdentifier,ParkingLotIndicator,Milepoint,NumberInjured,NumberKilled,ofUnits,ofMotorVehicleUnits,Hit&RunIndicator,OneWayIndicator,SpeedLimitNumber,Latitude,Longitude,MannerofCollisionCode,LocationFirstEventCode,TotalLanes,RoadwayCharacterCode,RoadwaySurfaceCode,RoadwayConditionCode,WeatherCode,LightConditionCode,LandUseCode,SchoolBusRelatedCode,FirstAidSceneIndicator,DirectionalAnalysis,YR,KABCO,KTC_RT,KTC_MP,Motorcyclist,Commercial Vehicle,Young Driver,Mature Driver,Pedestrian,Bicyclist,Distracted,Aggressive,Impaired,Unrestrained,Intersection,Roadway Departure,Median Cross-over,CityCrash,DACid,Intersection Crash,Segment Crash
72645998,20210710,1236,MAYO,098 US-23-10,US0023,N,22.941,0,0,2,2,N,N,55,37.46535,-82.52596,1,3,4,6,1,1,3,2,7,3,N,55,2021,O,098-US-0023  -000,22.941,0,0,0,1,0,0,1,1,0,0,0,0,0,1,DAC,1,0
72657860,20210808,1741,CASSIDY,,,N,0.24,0,0,2,2,N,N,15,37.50444,-82.5358,5,3,2,6,1,1,2,2,1,3,N,49,2021,O,098-CS-1191  -000,0.24,0,0,0,0,0,0,1,0,0,0,0,0,0,1,Non-DAC,0,1
72653890,20210801,1355,CASSIDY,,,N,0.266,0,0,2,2,N,N,25,37.50468,-82.5362,1,3,2,3,1,1,2,2,7,3,N,55,2021,O,098-PS-1015  -000,0.266,0,0,0,0,0,0,1,0,0,0,0,0,0,1,Non-DAC,0,1
72449045,20191209,1159,HAROLDS BRANCH,098 CS-1223,CS1223,N,0.077,0,0,2,2,N,N,25,37.47186,-82.52204,5,3,3,6,2,1,2,2,1,3,N,49,2019,O,098-CS-1223  -000,0.077,0,0,0,0,0,0,1,0,0,0,0,0,0,1,Non-DAC,0,1
72316770,20190214,1504,HAMBLEY,098 CS-1222,CS1222,N,0.288,0,0,2,2,N,N,25,37.47602,-82.5228,8,3,2,6,1,1,2,2,1,3,N,53,2019,O,098-CS-1222  -000,0.288,0,0,0,0,0,0,1,0,0,0,0,1,0,1,DAC,1,0
72540787,20200905,2330,US23,098 US-23,US0023,N,20.573,1,0,1,1,N,N,55,37.44355,-82.5189,9,5,4,3,1,1,2,5,1,3,N,51,2020,C,098-US-0023  -000,20.573,0,0,1,0,0,0,0,0,1,1,0,1,0,1,Non-DAC,0,1
72317069,20190216,1120,MAYO,098 US-23,US0023,N,31.798,3,0,2,2,N,N,55,37.5374,-82.60514,1,3,4,6,1,5,3,2,7,3,Y,55,2019,C,098-US-0023  -000,31.798,0,0,0,0,0,0,1,0,0,0,0,0,0,1,Non-DAC,1,0
72774916,20220620,1932,POPLAR,098 CS-1160,CS1160,N,0.085,0,0,1,1,N,N,25,37.47979,-82.52206,9,3,2,3,1,1,2,2,7,3,N,40,2022,O,098-CS-1160  -000,0.085,0,0,0,0,0,0,0,0,0,0,0,1,0,1,DAC,0,1
72362089,20190604,1302,BYPASS,098 KY-1426,KY1426,N,5.677,0,0,2,2,N,N,45,37.47275,-82.52309,8,7,2,1,1,1,2,2,1,3,N,47,2019,O,098-KY-1426  -000,5.677,0,0,0,1,0,0,1,0,0,0,0,0,0,1,DAC,0,1
72431103,20191030,734,CHLOE,098 KY-1460,KY1460,N,3.77,0,0,1,1,N,N,35,37.4772,-82.49388,9,3,2,6,1,1,3,2,7,3,N,38,2019,O,098-KY-1460  -000,3.77,0,0,0,0,0,0,0,0,0,0,0,0,0,1,Non-DAC,0,1
72841938,20221206,1418,BAIRD,098 KY-1426,KY1426,N,5.391,0,0,2,2,N,N,35,37.47334,-82.52711,1,3,2,6,1,5,6,2,1,3,N,55,2022,O,098-KY-1426  -000,5.391,0,0,1,0,0,0,1,0,0,0,0,0,0,1,DAC,1,0
72367788,20190614,1435,US23,098 US-23-10,US0023,N,27.477,0,0,2,2,N,N,55,37.51128,-82.55052,5,3,6,6,1,1,2,2,1,3,N,49,2019,O,098-US-0023  -000,27.477,0,0,0,1,0,0,1,0,0,0,0,0,0,1,Non-DAC,1,0
72457845,20191230,1241,,,,N,0.027,0,0,1,1,N,N,55,37.48,-82.54182,9,3,4,1,1,1,2,2,7,3,N,72,2019,O,098-US-0023  -221,0.027,0,0,1,0,0,0,0,0,0,0,0,1,0,1,DAC,1,0
72591557,20210201,1145,US23,098 US-23,US0023,N,22.867,0,0,2,2,Y,N,55,37.4653,-82.52469,8,3,4,3,1,5,9,2,7,3,N,53,2021,O,098-US-0023  -000,22.867,0,0,0,0,0,0,0,0,0,0,0,1,0,1,DAC,0,1
72448565,20191209,1719,US23,,,N,26.185,0,0,2,2,N,N,55,37.50227,-82.53196,5,3,4,6,1,5,6,4,7,3,N,70,2019,O,098-US-0023  -000,26.185,0,0,0,0,0,0,1,0,0,0,0,0,0,1,Non-DAC,0,1
72748054,20220331,1446,US23,098 US-23,US0023,N,19.579,0,0,1,1,N,N,55,37.4486,-82.50546,9,5,4,6,1,1,2,2,7,3,N,40,2022,O,098-US-0023  -000,19.579,0,0,0,0,0,0,0,0,0,0,0,1,0,1,Non-DAC,0,1
72382752,20190715,1625,US23,098 US-23-10,US0023,N,25.598,0,0,2,2,Y,N,55,37.49427,-82.53262,8,3,4,6,1,5,6,2,1,3,N,53,2019,O,098-US-0023  -000,25.598,0,1,1,0,0,0,1,0,0,0,0,1,0,1,Non-DAC,1,0
72701155,20211124,1600,US23,098 US-23-10,US0023,N,27.414,0,0,2,2,N,N,55,37.51097,-82.54945,5,3,6,6,1,1,2,2,7,3,N,49,2021,O,098-US-0023  -000,27.414,0,0,0,0,0,0,1,0,0,0,0,0,0,1,Non-DAC,0,1
72661933,20210823,730,2ND,098 CS-1117,CS1117,N,0.114,0,0,2,2,N,N,25,37.48211,-82.51666,8,3,1,6,1,1,3,2,7,3,N,47,2021,O,098-CS-1117  -000,0.114,0,0,0,0,0,0,1,0,0,0,0,0,0,1,DAC,1,0
72756547,20220426,1405,US23,098 US-23-10,US0023,N,30.256,0,0,2,2,N,N,55,37.54016,-82.58202,8,3,4,6,1,1,3,2,7,3,N,53,2022,O,098-US-0023  -000,30.256,0,0,0,1,0,0,1,0,0,0,0,1,0,1,Non-DAC,0,1
72838195,20221201,801,HAMBLEY,098 CS-1222,CS1222,N,0.313,0,0,2,2,N,N,25,37.47632,-82.52251,5,3,3,6,1,1,2,2,7,3,N,49,2022,O,098-CS-1222  -000,0.313,0,0,1,0,0,0,0,0,0,0,0,0,0,1,DAC,1,0
72597775,20210223,747,US23,,,N,26.533,0,0,2,2,N,N,55,37.50689,-82.53403,5,3,4,6,1,1,3,2,7,3,N,70,2021,O,098-US-0023  -000,26.533,0,0,0,0,0,0,0,0,0,0,0,0,0,1,Non-DAC,0,1
72502003,20200511,1000,GRACE,098 CS-1128,CS1128,N,0.027,0,0,2,2,Y,N,55,37.47927,-82.51819,5,97,,6,1,1,2,2,7,3,N,47,2020,O,098-CS-1128  -000,0.027,0,0,0,1,0,0,0,0,0,0,0,0,0,1,DAC,0,1
72373105,20190629,1310,DIVISION,098 CS-1130,CS1130,N,,0,0,2,2,N,N,15,37.48044,-82.5189,2,3,2,4,1,1,2,2,1,3,N,56,2019,O,098-CS-1130  -000,0.01,0,0,0,0,0,0,1,0,0,0,0,0,0,1,DAC,1,0
72445268,20191202,2201,US23,098 US-23,US0023,N,19.084,1,0,1,1,N,N,55,37.44176,-82.50629,9,3,2,3,1,5,8,5,1,3,N,70,2019,B,098-US-0023  -000,19.084,0,0,0,0,0,0,0,0,0,0,0,1,0,1,Non-DAC,0,1
72405360,20190903,1853,RENEE,,,N,0.022,0,0,2,2,N,N,15,37.47762,-82.5378,8,97,1,6,2,1,2,2,6,3,N,47,2019,O,098-CS-1242  -000,0.022,0,0,1,0,0,0,1,0,0,0,0,0,0,1,DAC,0,1
72675691,20210922,2029,US23,,,N,23.06,0,0,2,2,N,N,55,37.46582,-82.52808,4,3,4,6,1,5,3,6,1,3,N,70,2021,O,098-US-0023  -000,23.06,0,0,0,0,0,0,1,0,0,0,0,0,0,1,DAC,1,0
72770334,20220607,1720,US23,098 US-23-10,US0023,N,26.486,0,0,3,3,N,N,55,37.50635,-82.5335,5,3,4,6,1,1,3,2,7,2,N,49,2022,O,098-US-0023  -000,26.486,0,0,0,0,0,0,1,0,0,0,0,0,0,1,Non-DAC,0,1
72361079,20190520,1403,CASSIDY,,,N,0.05,0,0,2,2,N,N,55,37.50368,-82.53297,2,3,1,6,1,1,2,2,7,3,N,56,2019,O,098-CS-1191  -000,0.05,0,0,0,1,0,0,1,0,0,0,0,0,0,1,Non-DAC,1,0
72410055,20190920,1217,OWSLEY,098 KY-1384,KY1384,N,6.861,1,0,2,2,N,N,45,37.4798,-82.54197,1,3,3,6,1,1,2,2,7,3,N,55,2019,B,098-KY-1384  -000,6.861,0,0,0,1,0,0,1,0,0,0,0,0,0,1,DAC,1,0
72839795,20221130,938,US23,098 US-23,US0023,N,23.06,3,0,2,2,N,N,55,37.46594,-82.52803,5,3,4,6,1,5,6,2,7,3,Y,49,2022,C,098-US-0023  -000,23.06,0,0,0,0,0,0,1,0,0,0,0,0,0,1,DAC,1,0
72552292,20201013,1438,US23,098 US-23-10,US0023,N,26.722,0,0,2,2,N,N,55,37.50847,-82.5368,5,3,4,6,1,1,2,2,7,3,N,49,2020,O,098-US-0023  -000,26.722,0,0,0,1,0,0,0,0,0,0,0,0,0,1,Non-DAC,0,1
72546084,20200904,1740,US119,098 US-119,US0119,N,0.49,0,0,2,2,Y,N,55,37.50861,-82.52576,2,97,2,6,1,5,2,2,7,3,N,47,2020,O,098-US-0119  -000,0.49,0,0,0,0,0,0,0,0,0,0,0,0,0,1,Non-DAC,0,1
72711419,20211219,1654,CHLOE,098 KY-1460,KY1460,N,2.545,0,0,1,1,N,N,45,37.46624,-82.47868,9,3,2,4,1,1,3,2,7,3,N,44,2021,O,098-KY-1460  -000,2.545,0,0,0,0,0,0,1,0,0,0,0,1,0,1,Non-DAC,0,1
72413474,20190928,551,KY1426,098 KY-1426,KY1426,N,7.425,0,0,1,1,N,N,45,37.49018,-82.50167,9,4,2,6,1,1,2,6,1,3,N,44,2019,O,098-KY-1426  -000,7.425,0,0,0,0,0,0,0,0,0,0,0,1,0,1,Non-DAC,0,1
72325580,20190308,1155,BYPASS,098 KY-1426,KY1426,N,5.642,0,0,2,2,N,N,45,37.47257,-82.5237,1,3,2,6,1,5,6,2,1,3,N,55,2019,O,098-KY-1426  -000,5.642,0,0,0,1,0,0,1,0,0,0,0,0,0,1,DAC,1,0
72812265,20221003,1609,CASSIDY,098 CS-1191,CS1191,N,0.209,0,0,2,2,N,N,35,37.50412,-82.53536,4,3,4,6,1,1,3,2,7,3,N,70,2022,O,098-CS-1191  -000,0.209,0,0,1,0,0,0,1,0,0,0,0,0,0,1,Non-DAC,0,1
72358363,20190521,1650,KY1426,,,N,7.376,3,0,3,3,N,N,45,37.4901,-82.50253,5,3,2,6,1,1,2,2,7,3,Y,49,2019,B,098-KY-1426  -000,7.376,0,0,1,1,0,0,1,0,0,0,0,0,0,1,Non-DAC,1,0
72658251,20210813,1725,US23,,,N,27.167,0,0,2,2,N,N,45,37.51046,-82.54459,5,3,2,6,97,1,2,2,7,3,N,49,2021,O,098-US-0023  -000,27.167,0,0,0,0,0,0,1,1,0,0,0,0,0,1,Non-DAC,0,1
72819767,20221020,1331,CASSIDY,098 CS-1191,CS1191,N,0.267,0,0,2,2,N,N,35,37.5047,-82.53621,1,3,2,6,1,1,2,2,1,3,N,55,2022,O,098-CS-1191  -000,0.267,0,0,0,1,0,0,1,1,0,0,0,0,0,1,Non-DAC,0,1
72503536,20200514,609,US23,,,N,,1,0,2,2,N,N,55,37.50375,-82.53216,5,3,4,6,1,1,2,2,1,3,Y,70,2020,A,098-US-0023  -000,26.29,0,1,0,0,0,0,0,0,0,1,0,0,0,1,Non-DAC,1,0
72560999,20201104,1543,HAMBLEY,098 CS-1222,CS1222,N,0.762,0,0,2,2,N,N,25,37.48226,-82.51907,1,3,2,6,1,1,2,2,1,3,N,55,2020,O,098-CS-1222  -000,0.762,0,0,0,1,0,0,1,0,0,0,0,0,0,1,DAC,1,0
72582685,20210107,2355,CHLOE,098 KY-1460,KY1460,N,4.469,0,0,1,1,N,N,35,37.47738,-82.50492,9,5,2,3,1,5,3,7,7,3,N,51,2021,O,098-KY-1460  -000,4.469,0,0,0,0,0,0,0,0,0,0,0,1,0,1,Non-DAC,0,1
72423842,20191021,1343,KILGORE,098 CS-1105,CS1105,N,0.011,0,0,1,1,N,N,15,37.47586,-82.52229,9,97,1,6,1,1,2,2,5,3,N,40,2019,O,098-CS-1105  -000,0.011,0,0,1,0,0,0,1,0,0,0,0,1,0,1,DAC,1,0
72446819,20191123,1623,US23,098 US-23,US0023,N,23.062,4,0,2,2,N,N,55,37.46593,-82.52809,5,3,4,6,1,5,6,2,1,3,Y,35,2019,A,098-US-0023  -000,23.062,1,0,0,0,0,0,0,0,0,0,1,0,0,1,DAC,1,0
72839047,20221206,1715,,,,N,0.001,0,0,2,2,N,N,35,37.47928,-82.54309,5,3,4,5,1,5,6,5,1,3,N,85,2022,O,098-US-0023  -241,0.001,0,0,0,1,0,0,1,0,0,0,0,0,0,1,DAC,1,0
72804358,20220907,1520,US23,098 US-23,US0023,N,24.601,0,0,2,2,N,N,55,37.48305,-82.54325,5,3,4,6,1,1,2,2,7,3,N,49,2022,O,098-US-0023  -000,24.601,0,0,0,0,0,0,0,0,0,0,0,0,0,1,Non-DAC,0,1
72811922,20221002,1809,CASSIDY,098 CS-1191,CS1191,N,0.261,0,0,2,2,N,N,35,37.50465,-82.53613,1,3,4,6,1,5,6,2,7,3,N,55,2022,O,098-CS-1191  -000,0.261,0,0,0,0,0,0,0,0,0,0,0,1,1,1,Non-DAC,0,1
72452978,20191218,830,BYPASS,098 KY-1426,KY1426,N,6.261,0,0,2,2,N,N,55,37.47852,-82.51559,5,3,2,6,1,1,2,2,1,3,N,49,2019,O,098-KY-1426  -000,6.261,0,0,0,0,0,0,1,0,0,0,0,0,0,1,DAC,0,1
72658667,20210810,1534,US23,098 US-23,US0023,N,27.366,0,0,2,2,N,N,55,37.51106,-82.54951,8,3,4,6,1,1,2,2,1,3,N,53,2021,O,098-US-0023  -000,27.366,0,0,0,1,0,0,1,0,0,0,0,1,0,1,Non-DAC,1,0
72833153,20221111,1137,KY1426,098 KY-1426,KY1426,N,8.099,1,0,1,1,N,N,55,37.49245,-82.49087,9,3,2,1,1,5,6,2,7,3,Y,70,2022,B,098-KY-1426  -000,8.099,0,0,0,1,0,0,0,0,0,0,0,1,0,1,Non-DAC,0,1
72558634,20201029,2036,KY3495,098 KY-3495,KY3495,N,0.6,0,0,1,1,N,N,45,37.4924,-82.53487,9,3,2,6,1,5,6,9,7,3,N,38,2020,O,098-KY-3495  -000,0.6,0,0,0,0,0,0,0,0,0,0,0,0,0,1,Non-DAC,0,1
72441578,20191116,2237,BYPASS,098 KY-1426,KY1426,N,6.141,1,0,2,1,N,N,45,37.47716,-82.51679,9,3,2,5,1,1,2,5,7,3,Y,36,2019,A,098-KY-1426  -000,6.141,0,0,0,0,1,0,0,0,0,0,0,0,0,1,DAC,0,1
72576120,20201216,1752,HAROLDS BRANCH,,,N,0.412,0,0,2,2,Y,N,55,37.46959,-82.51728,7,3,1,1,1,5,6,6,6,3,N,54,2020,O,098-CS-1223  -000,0.412,0,0,0,0,0,0,0,1,0,0,0,1,0,1,Non-DAC,0,1
72401510,20190831,1915,HIGH,,,N,,0,0,2,2,N,Y,15,37.47923,-82.52158,2,3,1,4,1,1,2,2,1,3,N,56,2019,O,098-CS-1166  -000,0.012,0,0,1,0,0,0,1,0,0,0,0,0,0,1,DAC,1,0
72736554,20220301,6,TOWN MOUNTAIN,098 KY-1426,KY1426,N,8.171,0,0,2,2,N,N,55,37.49376,-82.49116,7,3,2,6,1,1,2,6,1,3,N,54,2022,O,098-KY-1426  -000,8.171,0,0,0,0,0,0,0,0,0,0,0,1,0,1,Non-DAC,0,1
72509495,20200607,703,US23,,,N,26.158,0,0,2,2,N,N,55,37.50187,-82.53194,5,3,4,6,1,1,2,2,1,3,N,70,2020,O,098-US-0023  -000,26.158,0,0,0,0,0,0,1,0,0,0,0,0,0,1,Non-DAC,0,1
72719539,20220104,835,US23,,,N,27.246,0,0,1,1,N,N,55,37.51052,-82.54617,9,5,4,6,1,1,3,2,7,3,N,51,2022,O,098-US-0023  -000,27.246,0,0,0,0,0,0,0,0,0,0,0,1,0,1,Non-DAC,0,1
72538163,20200901,159,KY1426,098 KY-1426,KY1426,N,7.856,0,0,2,2,N,N,55,37.49032,-82.49413,1,97,2,1,1,5,3,4,6,3,N,47,2020,O,098-KY-1426  -000,7.856,0,0,0,1,0,0,0,0,0,0,0,1,0,1,Non-DAC,1,0
72830742,20221116,1050,US23,098 US-23,US0023,N,24.765,0,0,2,2,N,N,55,37.48533,-82.54242,8,3,4,3,1,5,2,2,7,3,N,53,2022,O,098-US-0023  -000,24.765,0,0,0,0,0,0,1,0,0,0,0,1,0,1,Non-DAC,0,1
72731040,20220215,619,BYPASS,098 KY-1426,KY1426,N,5.739,0,0,1,1,N,N,35,37.47383,-82.52065,9,5,2,6,1,1,2,5,7,3,N,40,2022,O,098-KY-1426  -000,5.739,0,0,0,0,0,0,0,0,0,0,0,1,0,1,DAC,0,1
72577582,20201222,912,KEYSER HEIGHTS,098 CS-1188,CS1188,N,0.153,0,0,2,2,N,N,15,37.49154,-82.53233,2,3,1,6,1,1,2,2,6,3,N,47,2020,O,098-CS-1188  -000,0.153,0,0,0,0,0,0,0,0,0,0,0,0,0,1,Non-DAC,0,1
72792147,20220809,1642,US23,098 US-23,US0023,N,26.22,0,0,2,2,N,N,55,37.50277,-82.53203,5,3,4,6,1,1,3,2,7,3,N,49,2022,O,098-US-0023  -000,26.22,0,0,1,0,0,0,0,1,0,0,0,0,0,1,Non-DAC,0,1
72562257,20201106,1230,MAIN,,,N,,0,0,2,2,Y,N,25,37.47946,-82.5175,8,3,1,6,1,1,2,2,1,3,N,47,2020,O,098-CS-1112  -000,0.134,0,0,0,0,0,0,0,0,1,1,0,0,0,1,DAC,1,0
72327069,20190314,1927,NORTH MAYO,,,N,,0,0,2,2,N,N,55,37.50318,-82.53209,5,3,4,6,1,1,3,2,1,3,N,70,2019,O,098-US-0023  -000,26.25,0,0,0,0,0,0,1,0,0,0,0,0,0,1,Non-DAC,1,0
72376770,20190702,1332,BAIRD,,,N,5.395,0,0,2,2,N,N,25,37.47327,-82.52711,1,3,4,6,1,1,2,2,7,3,N,55,2019,O,098-KY-1426  -000,5.395,0,0,1,1,0,0,1,0,0,0,0,0,0,1,DAC,1,0
72544245,20200911,1555,US119,098 US-119,US0119,N,0.739,0,0,2,2,N,N,55,37.50767,-82.51961,5,3,4,6,1,1,3,2,7,3,N,49,2020,O,098-US-0119  -000,0.739,0,0,0,1,0,0,1,0,0,0,0,0,0,1,Non-DAC,1,0
72460544,20200106,1554,US23,098 US-23,US0023,N,26.914,5,0,2,2,N,N,55,37.50996,-82.53954,1,3,4,6,1,1,2,2,7,3,Y,55,2020,C,098-US-0023  -000,26.914,0,0,0,0,0,0,1,0,0,0,0,0,0,1,Non-DAC,1,0
72670182,20210913,1712,HAMBLEY,098 CS-1222,CS1222,N,0.66,0,0,4,4,N,N,25,37.48047,-82.51905,5,3,2,6,1,1,2,2,7,3,N,49,2021,O,098-CS-1222  -000,0.66,0,0,0,0,0,0,1,0,0,0,0,0,0,1,DAC,1,0
72593572,20210209,1047,HAMBLEY,098 CS-1222,CS1222,N,1.68,0,0,2,2,N,N,35,37.48198,-82.53281,8,3,2,6,1,5,3,2,7,3,N,53,2021,O,098-CS-1222  -000,1.68,0,0,0,0,0,0,1,0,0,0,0,1,0,1,DAC,1,0
72473795,20200205,1544,US23,,,N,26.051,0,0,2,2,N,N,55,37.50038,-82.53181,1,3,4,6,1,5,3,2,7,3,N,55,2020,O,098-US-0023  -000,26.051,0,1,1,0,0,0,1,0,0,0,0,0,0,1,Non-DAC,0,1
72767412,20220531,401,US23,098 US-23-10,US0023,N,29.666,0,0,1,1,N,N,55,37.53242,-82.57742,9,3,4,6,1,1,2,6,7,3,N,38,2022,O,098-US-0023  -000,29.666,0,0,0,0,0,0,0,0,0,0,0,0,0,1,Non-DAC,0,1
72395948,20190820,1838,HAMBLEY,098 CS-1222,CS1222,N,0.474,0,0,2,2,N,N,25,37.47812,-82.52067,2,5,3,6,1,5,6,2,1,3,N,47,2019,O,098-CS-1222  -000,0.474,0,0,0,0,0,0,0,0,0,0,0,0,0,1,DAC,0,1
72785823,20220722,1538,MAYO,,,N,27.321,0,0,2,2,N,N,55,37.51072,-82.54767,5,3,6,6,1,1,2,2,1,3,N,49,2022,O,098-US-0023  -000,27.321,0,0,0,0,0,0,1,0,0,0,0,0,0,1,Non-DAC,0,1
72444626,20191129,1615,CASSIDY,,,N,0.252,0,0,2,2,N,N,25,37.50454,-82.53599,1,3,4,6,1,1,2,2,7,3,N,55,2019,O,098-CS-1191  -000,0.252,0,0,0,0,0,0,1,0,0,0,0,0,0,1,Non-DAC,0,1
72556804,20201024,1523,TOWN MOUNTAIN,098 KY-1426,KY1426,N,8.557,1,0,1,1,N,N,45,37.49923,-82.49062,9,3,2,1,1,5,3,2,7,3,Y,44,2020,C,098-KY-1426  -000,8.557,0,0,0,0,0,0,1,1,0,1,0,1,0,1,Non-DAC,0,1
72431573,20191031,940,HAMBLEY,098 CS-1222,CS1222,N,0.818,2,0,2,2,N,N,25,37.48271,-82.51926,1,3,2,6,1,5,6,2,1,3,Y,55,2019,A,098-CS-1222  -000,0.818,0,0,0,1,0,0,1,1,0,1,0,0,0,1,DAC,1,0
72559384,20201031,2200,US23,,,N,30.983,0,0,1,1,N,N,55,37.53974,-82.59268,9,3,4,3,1,1,2,5,7,3,N,38,2020,O,098-US-0023  -000,30.983,0,0,0,0,0,0,0,0,0,0,0,0,0,1,Non-DAC,0,1
72417710,20191007,2344,MAYO,,,N,0.772,0,0,2,2,N,N,35,37.47207,-82.53004,1,3,2,6,1,5,6,5,1,3,N,55,2019,O,098-KY-3496  -000,0.772,0,0,1,0,0,0,1,0,0,0,0,1,0,1,DAC,0,1
72348496,20190504,2049,KY1426,,,N,5.339,1,0,2,2,N,N,35,37.47396,-82.52721,4,3,2,6,1,6,6,5,1,3,N,70,2019,C,098-KY-1426  -000,5.339,0,0,1,1,0,0,1,1,0,0,0,0,0,1,DAC,1,0
72819996,20221023,1908,KY3496,098 KY-3496,KY3496,N,0.069,0,0,1,1,N,N,15,37.46566,-82.52906,9,3,2,3,1,1,2,5,1,3,N,40,2022,O,098-KY-3496  -000,0.069,0,0,0,1,0,0,1,0,0,0,0,1,0,1,DAC,0,1
72457844,20191230,740,US23,,,N,22.593,1,0,2,2,N,N,55,37.46449,-82.52002,5,3,4,6,1,1,2,2,1,3,N,49,2019,B,098-US-0023  -000,22.593,0,0,0,0,0,0,1,1,0,0,0,0,0,1,Non-DAC,0,1
72574072,20201211,1939,CASSIDY,098 CS-1191,CS1191,N,0.298,0,0,2,2,N,N,15,37.50505,-82.53678,2,7,2,6,1,1,2,7,1,3,N,56,2020,O,098-CS-1191  -000,0.298,0,0,1,0,0,0,1,0,0,0,0,0,0,1,Non-DAC,0,1
72362543,20190605,848,KY1426,,,N,8.143,0,0,1,1,N,N,45,37.49332,-82.4911,9,3,2,1,1,5,3,2,1,3,N,40,2019,O,098-KY-1426  -000,8.143,0,0,0,0,0,0,0,0,0,0,0,1,0,1,Non-DAC,0,1
72315393,20190211,1654,US23,,,N,21.373,0,0,1,1,N,N,55,37.45015,-82.52435,9,5,4,6,1,1,3,2,1,3,N,4,2019,O,098-US-0023  -000,21.373,0,0,0,0,0,0,0,0,0,0,1,0,0,1,Non-DAC,1,0
72674759,20210921,930,HAMBLEY,098 CS-1222,CS1222,N,0.501,0,0,2,2,N,N,10,37.47836,-82.52016,1,97,2,4,1,1,2,2,7,3,N,47,2021,O,098-CS-1222  -000,0.501,0,0,1,0,0,0,1,0,0,0,0,0,0,1,DAC,0,1
72661833,20210817,852,HAMBLEY,098 CS-1222,CS1222,N,0.34,0,0,2,2,N,N,25,37.4766,-82.52217,8,5,3,6,1,5,3,2,1,3,N,47,2021,O,098-CS-1222  -000,0.34,0,0,0,0,0,0,0,0,1,0,0,1,0,1,DAC,0,1
72563573,20201111,1434,KY1426,098 KY-1426,KY1426,N,7.498,1,0,1,1,N,N,45,37.49044,-82.50043,9,3,2,3,1,5,6,2,1,3,N,70,2020,B,098-KY-1426  -000,7.498,0,0,0,0,0,0,0,0,0,0,0,1,0,1,Non-DAC,0,1
72317943,20190218,1718,KY1426 TURN LANE,,,N,0.03,0,0,2,2,N,N,55,37.51401,-82.48724,5,3,1,6,1,1,3,2,2,3,N,49,2019,O,098-KY-1426  -027,0.03,0,0,0,0,0,0,1,0,0,0,0,0,0,1,DAC,1,0
72847032,20221220,1351,US23,098 US-23,US0023,N,31.837,0,0,2,2,N,N,55,37.53746,-82.60585,5,7,4,6,1,1,2,2,7,3,N,47,2022,O,098-US-0023  -000,31.837,0,0,0,1,0,0,1,0,0,0,0,0,0,1,Non-DAC,0,1
72383571,20190722,2134,US23,098 US-23,US0023,N,23.021,0,0,1,1,N,N,55,37.46567,-82.52738,9,3,4,6,1,5,6,6,7,3,N,38,2019,O,098-US-0023  -000,23.021,0,0,0,0,0,0,0,0,0,0,0,0,0,1,DAC,0,1
72315866,20190206,1143,ZIEGLER,098 CR-1408,CR1408,N,0.002,2,0,3,3,N,N,55,37.5374,-82.60506,5,3,4,6,1,1,2,2,1,3,Y,49,2019,C,098-CR-1408  -000,0.002,0,0,0,0,0,0,0,0,0,0,0,1,0,1,Non-DAC,1,0
72561619,20201103,1632,HAMBLEY,,,N,0.307,0,0,2,2,N,N,25,37.47624,-82.52258,1,3,2,6,1,1,2,2,7,3,N,10,2020,O,098-CS-1222  -000,0.307,0,0,0,0,0,0,0,1,0,0,1,0,0,1,DAC,1,0
72563862,20201110,1331,KY1426,,,N,8.83,3,0,2,2,N,N,35,37.50286,-82.48975,5,3,2,4,1,1,2,2,7,3,Y,70,2020,C,098-KY-1426  -000,8.83,0,0,0,1,0,0,1,0,0,0,0,0,0,1,Non-DAC,0,1
72846678,20221221,2007,US23,098 US-23,US0023,N,22.517,0,0,1,1,N,N,55,37.46401,-82.51883,9,3,4,3,1,1,2,6,3,3,N,3,2022,O,098-US-0023  -000,22.517,0,0,0,0,0,0,0,0,0,0,1,0,0,1,Non-DAC,1,0