MasterFile,CollisionDate,CollisionTime,RoadwayName,RSEUniqueGIS,RoadwayIdentifier,ParkingLotIndicator,Milepoint,NumberInjured,NumberKilled,ofUnits,ofMotorVehicleUnits,Hit&RunIndicator,OneWayIndicator,SpeedLimitNumber,Latitude,Longitude,MannerofCollisionCode,LocationFirstEventCode,TotalLanes,RoadwayCharacterCode,RoadwaySurfaceCode,RoadwayConditionCode,WeatherCode,LightConditionCode,LandUseCode,SchoolBusRelatedCode,FirstAidSceneIndicator,DirectionalAnalysis,YR,KABCO,KTC_RT,KTC_MP,Motorcyclist,Commercial Vehicle,Young Driver,Mature Driver,Pedestrian,Bicyclist,Distracted,Aggressive,Impaired,Unrestrained,Intersection,Roadway Departure,Median Cross-over,CityCrash,DACid,Intersection Crash,Segment Crash
72848920,20221230,2354,US23,098 US-23,US0023,N,31.471,0,0,1,1,N,N,55,37.53659,-82.59927,9,6,4,3,1,1,2,5,1,3,N,40,2022,O,098-US-0023  -000,31.471,0,0,0,0,0,0,0,0,1,0,0,1,0,1,Non-DAC,0,1
72750637,20220408,1704,US23,098 US-23,US0023,N,26.204,0,0,3,3,N,N,55,37.50253,-82.532,5,3,4,6,1,5,3,2,7,3,N,70,2022,O,098-US-0023  -000,26.204,0,0,1,0,0,0,1,1,0,0,0,0,0,1,Non-DAC,0,1
72731525,20220208,1741,US23,098 US-23,US0023,N,21.672,0,0,2,2,N,N,55,37.45388,-82.52173,5,3,4,6,1,1,2,2,1,3,N,49,2022,O,098-US-0023  -000,21.672,0,1,0,1,0,0,1,0,0,0,0,0,0,1,Non-DAC,0,1
72787284,20220727,927,OWSLEY,098 KY-1384,KY1384,N,5.81,0,0,1,1,N,N,35,37.47768,-82.55916,9,3,2,6,1,5,3,2,7,3,N,38,2022,O,098-KY-1384  -000,5.81,0,0,0,0,0,0,0,0,0,0,0,0,0,1,Non-DAC,0,1
72676087,20210927,2350,BYPASS,,,N,5.576,0,0,1,1,N,N,45,37.48647,-82.52076,9,3,2,3,1,1,2,5,7,3,N,40,2021,O,098-KY-1460  -000,5.576,0,0,0,0,0,0,0,0,0,0,0,1,0,1,DAC,0,1
72482412,20200225,1245,JULIUS,098 CS-1156,CS1156,N,0.032,0,0,2,2,N,N,25,37.47663,-82.52286,5,3,1,4,1,1,2,2,6,3,N,47,2020,O,098-CS-1156  -000,0.032,0,0,0,0,0,0,0,0,0,0,0,1,0,1,DAC,0,1
72405616,20190911,1041,REDALE,098 CS-1244,CS1244,N,0.242,0,0,2,2,N,N,15,37.48684,-82.52843,8,3,1,4,1,1,2,2,1,3,N,53,2019,O,098-CS-1244  -000,0.242,0,0,0,0,0,0,0,0,0,0,0,1,0,1,DAC,1,0
72575524,20201216,1153,US23,098 US-23,US0023,N,20.512,0,0,1,1,N,N,55,37.44395,-82.51853,9,3,4,6,1,5,6,2,7,3,N,38,2020,O,098-US-0023  -000,20.512,0,0,0,0,0,0,0,0,0,0,0,0,0,1,Non-DAC,1,0
72796456,20220807,1531,BILLUPS,098 CS-1221,CS1221,N,0.21,0,0,1,1,N,N,15,37.50854,-82.55224,9,3,2,6,1,1,2,2,1,3,N,44,2022,O,098-CS-1221  -000,0.21,0,0,0,1,0,0,0,0,0,0,0,1,0,1,Non-DAC,1,0
72803452,20220909,1337,US23 TURN LANE,,,N,0.014,0,0,2,2,N,N,55,37.50383,-82.53249,5,3,8,6,1,1,2,2,1,3,N,49,2022,O,098-US-0023  -020,0.014,0,0,1,0,0,0,1,1,0,0,0,0,0,1,Non-DAC,1,0
72389181,20190805,1428,US23,,,N,32.36,0,0,1,1,N,N,55,37.53711,-82.61526,9,3,4,3,1,1,2,2,7,3,N,70,2019,O,098-US-0023  -000,32.36,0,0,0,1,0,0,0,0,0,0,0,1,0,1,Non-DAC,0,1
72544721,20200922,855,US23,098 US-23,US0023,N,31.595,0,0,1,1,N,N,55,37.53687,-82.60168,9,3,4,6,1,1,2,2,7,3,N,3,2020,O,098-US-0023  -000,31.595,0,0,0,0,0,0,0,0,0,0,1,0,0,1,Non-DAC,1,0
72610571,20210330,1601,CASSIDY,,,N,0.227,0,0,2,2,N,N,35,37.50429,-82.53561,8,3,4,6,1,1,2,2,1,3,N,53,2021,O,098-CS-1191  -000,0.227,0,0,0,0,0,0,1,0,0,0,0,1,0,1,Non-DAC,0,1
72313296,20190206,2240,MAYO,,,N,31.753,0,0,1,1,N,N,55,37.53734,-82.60432,9,3,4,6,1,5,6,6,7,3,N,40,2019,O,098-US-0023  -000,31.753,0,1,0,0,0,0,0,0,0,0,0,1,0,1,Non-DAC,0,1
72628836,20210526,1205,US23,098 US-23-10,US0023,N,23.051,0,0,2,2,N,N,55,37.46579,-82.52795,1,3,4,6,1,1,2,2,7,3,N,55,2021,O,098-US-0023  -000,23.051,0,0,0,1,0,0,0,0,0,0,0,0,0,1,DAC,1,0
72307349,20190123,1707,BYPASS,098 KY-1460,KY1460,N,6.212,0,0,2,2,N,N,45,37.48569,-82.53137,6,3,2,6,1,1,3,2,6,3,N,70,2019,O,098-KY-1460  -000,6.212,0,0,1,0,0,0,1,0,0,1,0,1,0,1,DAC,0,1
72356627,20190523,1456,BYPASS,098 KY-1426,KY1426,N,6.558,0,0,2,2,Y,N,45,37.48286,-82.5134,5,3,2,,1,1,2,2,7,3,N,49,2019,O,098-KY-1426  -000,6.558,0,0,1,0,0,0,1,1,0,0,0,0,0,1,DAC,1,0
72504073,20200519,1815,KY1460,,,N,6.648,0,0,2,2,N,N,45,37.48352,-82.53831,1,3,2,6,1,5,3,2,6,3,N,55,2020,O,098-KY-1460  -000,6.648,0,0,0,1,0,0,1,0,0,0,0,0,0,1,Non-DAC,1,0
72817740,20221011,1302,US23,098 US-23,US0023,N,27.34,1,0,2,2,N,N,55,37.51082,-82.54809,1,3,4,6,1,1,2,2,7,3,Y,55,2022,C,098-US-0023  -000,27.34,0,0,0,1,0,0,1,1,0,0,0,0,0,1,Non-DAC,1,0
72690467,20211029,1447,US23,098 US-23,US0023,N,24.125,2,0,1,1,N,N,55,37.47698,-82.54012,9,6,4,1,1,1,3,2,7,3,N,51,2021,C,098-US-0023  -000,24.125,0,0,0,0,0,0,0,0,0,0,0,1,0,1,DAC,0,1
72409461,20190914,251,MAIN,098 CS-1112,CS1112,N,0.182,0,0,2,2,N,Y,35,37.48005,-82.51704,5,3,2,6,1,7,2,5,6,3,N,49,2019,O,098-CS-1112  -000,0.182,0,0,0,0,0,0,0,0,1,1,0,0,0,1,DAC,0,1
72300298,20190108,1257,MAIN,098 CS-1112,CS1112,N,0.282,0,0,2,2,Y,N,15,37.48128,-82.51608,2,3,1,6,1,1,3,2,1,3,N,47,2019,O,098-CS-1112  -000,0.282,0,0,0,0,0,0,1,0,0,0,0,0,0,1,DAC,1,0
72430921,20191102,2330,US23 TURN LANE,,,N,0.015,0,0,2,2,N,N,55,37.50371,-82.53236,5,3,6,6,1,1,2,5,1,3,N,49,2019,O,098-US-0023  -020,0.015,0,0,0,0,0,0,1,0,0,0,0,0,0,1,Non-DAC,1,0
72508512,20200601,1514,BYPASS,098 KY-1426,KY1426,N,6.022,0,0,2,2,N,N,55,37.47586,-82.51821,1,3,2,6,1,1,2,2,7,3,N,55,2020,O,098-KY-1426  -000,6.022,0,0,0,1,0,0,1,0,0,0,0,0,0,1,DAC,0,1
72543660,20200916,2340,SUMMIT,098 CS-1064,CS1064,N,0.809,0,0,1,1,N,N,45,37.47298,-82.50722,9,5,2,1,1,1,2,6,7,3,N,51,2020,O,098-CS-1064  -000,0.809,0,0,0,0,0,0,1,0,0,0,0,1,0,1,Non-DAC,0,1
72602025,20210226,1640,US23,,,N,19.547,1,0,3,3,N,N,55,37.44808,-82.50529,1,3,4,3,1,5,6,2,7,3,Y,55,2021,C,098-US-0023  -000,19.547,0,1,0,0,0,0,0,0,0,0,0,0,0,1,Non-DAC,0,1
72372217,20190619,1531,KY1426,098 KY-1426,KY1426,N,7.392,2,0,2,2,N,N,45,37.49016,-82.50227,1,3,2,6,1,1,2,2,7,3,Y,55,2019,C,098-KY-1426  -000,7.392,0,0,0,0,0,0,1,0,0,0,0,0,0,1,Non-DAC,1,0
72437224,20191114,1204,US23,098 US-23-10,US0023,N,29.591,2,0,2,2,N,N,55,37.53138,-82.57702,1,3,6,6,1,1,2,2,7,3,Y,55,2019,C,098-US-0023  -000,29.591,0,0,1,0,0,0,1,1,0,0,0,0,0,1,Non-DAC,1,0
72320443,20190220,1217,KY1426 TURN LANE,,,N,0.021,0,0,2,2,N,N,45,37.47239,-82.52701,5,3,4,3,1,5,6,2,7,3,N,49,2019,O,098-KY-1426  -025,0.021,0,0,0,1,0,0,1,0,0,0,0,0,0,1,DAC,1,0
72396009,20190819,2142,CHLOE,098 KY-1460,KY1460,N,,0,0,1,1,N,N,45,37.46644,-82.47878,9,3,2,1,1,1,2,6,6,3,N,38,2019,O,098-KY-1460  -000,2.558,0,0,0,0,0,0,0,0,0,0,0,0,0,1,Non-DAC,0,1
72661577,20210821,1518,KY3496,098 KY-3496,KY3496,N,0.016,0,0,2,2,N,N,35,37.46574,-82.52818,5,3,2,6,1,1,2,2,7,3,N,49,2021,O,098-KY-3496  -000,0.016,0,0,0,1,0,0,1,0,0,0,0,0,0,1,DAC,1,0
72739458,20220304,1831,US23,098 US-23,US0023,N,22.223,0,0,1,1,N,N,55,37.46108,-82.51694,9,3,4,6,1,1,2,2,1,3,N,41,2022,O,098-US-0023  -000,22.223,0,0,0,0,0,0,0,0,0,0,0,1,0,1,Non-DAC,1,0
72751204,20220414,1646,US23,098 US-23-10,US0023,N,26.365,0,0,1,1,N,N,55,37.50478,-82.53254,9,3,4,6,1,1,2,2,7,3,N,70,2022,O,098-US-0023  -000,26.365,1,0,0,0,0,0,0,0,0,0,0,1,0,1,Non-DAC,0,1
72594988,20210216,747,US23,098 US-23,US0023,N,23.704,0,0,1,1,N,N,55,37.47272,-82.53463,9,5,4,6,1,2,3,2,7,3,N,40,2021,O,098-US-0023  -000,23.704,0,0,0,0,0,0,0,0,0,0,0,1,0,1,DAC,0,1
72420185,20191010,1735,US23,,,N,25.543,1,0,2,2,N,N,55,37.49361,-82.53309,5,3,4,6,1,1,2,2,7,3,Y,49,2019,C,098-US-0023  -000,25.543,0,0,1,0,0,0,1,0,0,0,0,0,0,1,Non-DAC,0,1
72672432,20210917,1223,OWSLEY,098 KY-1384,KY1384,N,6.527,0,0,2,2,N,N,35,37.47703,-82.54698,5,3,2,4,1,1,2,2,6,3,N,49,2021,O,098-KY-1384  -000,6.527,0,0,0,0,0,0,1,0,0,0,0,0,0,1,Non-DAC,1,0
72596120,20210218,1741,KY1426 TURN LANE,098 KY-1426-25,KY1426,N,0.03,0,0,2,2,N,N,55,37.47227,-82.52707,5,3,2,3,1,5,3,2,7,3,N,49,2021,O,098-KY-1426  -025,0.03,0,0,0,0,0,0,1,0,0,0,0,0,0,1,DAC,1,0
72733000,20220220,229,4TH,098 CS-1133,CS1133,N,0.005,0,0,2,2,Y,N,25,37.48262,-82.51918,1,3,3,3,1,1,2,5,1,3,N,10,2022,O,098-CS-1133  -000,0.005,0,0,0,0,0,0,0,0,0,0,1,0,1,1,DAC,1,0
72562888,20201105,707,US23,098 US-23,US0023,N,25.406,2,0,2,2,N,N,55,37.49228,-82.53486,1,3,4,6,1,1,2,2,7,3,Y,55,2020,A,098-US-0023  -000,25.406,0,0,0,1,0,0,1,0,0,0,0,1,0,1,Non-DAC,1,0
72527938,20200804,837,US23,098 US-23,US0023,N,31.591,0,0,2,2,N,N,55,37.53688,-82.60184,5,3,4,6,1,1,2,2,7,3,N,49,2020,O,098-US-0023  -000,31.591,0,0,0,0,0,0,0,0,0,0,0,0,0,1,Non-DAC,1,0
72450459,20191212,1325,CHLOE,098 KY-1460,KY1460,N,,0,0,2,2,N,N,35,37.47734,-82.50409,7,3,2,3,1,5,2,2,6,3,N,54,2019,O,098-KY-1460  -000,4.425,0,0,0,0,0,0,0,0,0,0,0,1,0,1,Non-DAC,0,1
72823237,20221025,1546,US23,098 US-23-10,US0023,N,22.293,2,0,2,2,N,N,55,37.46138,-82.51698,5,3,4,3,1,1,3,2,7,3,Y,49,2022,C,098-US-0023  -000,22.293,0,0,0,1,0,0,1,0,0,1,0,0,0,1,Non-DAC,1,0
72675364,20210923,1444,US23,,,N,19.125,0,0,1,1,N,N,55,37.4422,-82.50584,9,3,4,6,1,1,2,2,1,3,N,38,2021,O,098-US-0023  -000,19.125,0,0,0,0,0,0,0,0,0,0,0,0,0,1,Non-DAC,0,1
72467617,20200124,2119,US23,,,N,26.333,1,0,2,2,N,N,55,37.50436,-82.53243,5,3,4,6,1,5,6,5,1,3,Y,49,2020,C,098-US-0023  -000,26.333,0,0,1,0,0,0,1,0,0,0,0,0,0,1,Non-DAC,0,1
72602222,20210305,1359,BYPASS ROAD,,,N,,0,0,2,2,Y,N,15,37.47215,-82.52272,2,97,2,6,2,1,2,2,1,3,N,47,2021,O,098-CS-1223  -000,0.041,0,0,0,0,0,0,1,0,0,0,0,0,0,1,Non-DAC,0,1
72396415,20190813,1536,OWSLEY,,,N,6.814,0,0,2,2,N,N,45,37.47942,-82.54279,4,3,4,6,2,1,2,2,7,3,N,16,2019,O,098-KY-1384  -000,6.814,0,0,0,0,0,0,1,0,0,1,1,0,0,1,DAC,1,0
72617447,20210422,1521,US23,098 US-23-10,US0023,N,26.33,0,0,2,2,N,N,55,37.50377,-82.53218,5,3,4,6,1,1,3,2,7,3,N,35,2021,O,098-US-0023  -000,26.33,0,0,0,0,0,0,1,0,0,0,1,0,0,1,Non-DAC,0,1
72568326,20201122,1623,HAMBLEY,098 CS-1222,CS1222,N,0.347,1,0,4,4,N,N,35,37.47679,-82.52225,8,3,2,6,1,1,3,2,1,3,Y,47,2020,C,098-CS-1222  -000,0.347,0,0,0,0,0,0,0,0,1,0,0,0,0,1,DAC,0,1
72550686,20201005,1752,BYPASS,,,N,5.705,0,0,2,2,N,N,35,37.47286,-82.5226,5,3,3,6,1,1,2,2,1,3,N,49,2020,O,098-KY-1426  -000,5.705,0,0,0,0,0,0,1,1,0,0,0,0,0,1,DAC,1,0
72348353,20190425,1156,CASSIDY,098 CS-1191,CS1191,N,0.269,0,0,2,2,N,N,25,37.50459,-82.53625,1,3,4,6,1,1,2,2,1,3,N,55,2019,O,098-CS-1191  -000,0.269,0,0,0,1,0,0,1,0,0,0,0,0,0,1,Non-DAC,0,1
72523098,20200720,1843,KY1426,098 KY-1426,KY1426,N,8.245,0,0,2,2,N,N,55,37.49486,-82.4911,8,3,2,4,1,1,3,2,6,3,N,53,2020,O,098-KY-1426  -000,8.245,0,0,0,0,0,0,0,0,0,0,0,1,0,1,Non-DAC,0,1
72696280,20211112,1530,US23,098 US-23-10,US0023,N,31.99,0,0,1,1,N,N,55,37.53747,-82.6086,9,4,4,6,1,1,2,2,7,3,N,51,2021,O,098-US-0023  -000,31.99,0,0,0,1,0,0,1,1,0,0,0,1,0,1,Non-DAC,0,1
72822226,20221029,1053,KY1460,098 KY-1460,KY1460,N,6.634,0,0,2,1,N,N,45,37.48349,-82.53806,9,3,2,6,1,1,2,2,6,3,N,36,2022,O,098-KY-1460  -000,6.634,0,0,0,0,1,0,1,0,0,0,0,0,0,1,Non-DAC,1,0
72685970,20211021,1530,BYPASS,098 KY-1426,KY1426,N,6.111,0,0,2,2,N,N,35,37.47684,-82.51714,5,3,2,6,1,1,3,2,7,3,N,49,2021,O,098-KY-1426  -000,6.111,0,0,1,0,0,0,0,0,0,0,0,0,0,1,DAC,1,0
72382465,20190721,1131,MAYO,098 US-23,US0023,N,26.296,0,0,2,2,N,N,55,37.50384,-82.53216,1,3,4,6,1,1,2,2,7,3,N,55,2019,O,098-US-0023  -000,26.296,0,0,0,0,0,0,0,1,0,0,0,1,0,1,Non-DAC,1,0
72462443,20200111,2140,MAIN,098 CS-1112,CS1112,N,0.081,0,0,2,2,N,N,15,37.47879,-82.51795,2,3,1,6,1,5,3,5,1,3,N,47,2020,O,098-CS-1112  -000,0.081,0,0,0,0,0,0,1,0,0,0,0,0,0,1,DAC,1,0
72532275,20200803,1750,US23,098 US-23-10,US0023,N,23.96,0,0,1,1,N,N,55,37.47527,-82.53799,9,5,4,6,1,1,2,2,7,3,N,40,2020,O,098-US-0023  -000,23.96,0,0,0,0,0,0,1,0,0,0,0,1,0,1,DAC,0,1
72370750,20190622,5,2ND,,,N,0.137,0,0,2,2,N,Y,15,37.48183,-82.5169,1,3,2,6,1,1,2,5,6,3,N,10,2019,O,098-CS-1117  -000,0.137,0,0,0,0,0,0,1,1,0,0,1,0,0,1,DAC,1,0
72323001,20190116,1447,BOB AMOS,098 CS-1025,CS1025,N,1.017,1,2,1,1,N,N,35,37.46568,-82.54294,9,97,2,4,1,1,3,2,1,3,Y,44,2019,K,098-CS-1025  -000,1.017,0,0,0,0,0,0,0,1,0,1,0,1,0,1,Non-DAC,1,0
72681409,20211010,1312,HIBBARD,098 CS-1053,CS1053,N,0.24,0,0,1,1,N,N,25,37.47516,-82.52378,9,6,2,6,1,1,2,2,7,3,N,44,2021,O,098-CS-1053  -000,0.24,0,0,0,0,0,0,1,0,1,0,0,1,0,1,DAC,1,0
72355932,20190519,1923,BYPASS,,,N,5.709,0,0,1,1,N,N,45,37.48703,-82.52301,9,3,2,3,1,1,2,2,1,3,N,70,2019,O,098-KY-1460  -000,5.709,0,0,0,0,0,0,1,0,0,0,0,1,0,1,DAC,0,1
72661329,20210819,1519,US23,098 US-23-10,US0023,N,18.313,0,0,1,1,N,N,55,37.43338,-82.51427,9,3,4,3,1,5,6,2,7,3,N,40,2021,O,098-US-0023  -000,18.313,0,0,1,0,0,0,0,0,0,0,0,1,0,1,Non-DAC,0,1
72390331,20190803,1748,THOMPSON,098 CS-1215,CS1215,N,0.593,0,0,2,2,N,N,35,37.50558,-82.54207,1,3,3,6,1,1,2,2,1,3,N,55,2019,O,098-CS-1215  -000,0.593,0,0,1,0,0,0,1,0,0,0,0,0,0,1,Non-DAC,1,0
72591039,20210111,1533,HIBBARD,,,N,0.042,0,0,2,2,N,N,20,37.47367,-82.52674,2,3,2,6,1,1,3,2,7,3,N,56,2021,O,098-CS-1053  -000,0.042,0,0,0,0,0,0,1,1,0,0,0,0,0,1,DAC,1,0
72319106,20190215,822,KY1426,,,N,6.883,4,0,2,2,N,N,45,37.48581,-82.50965,5,3,2,6,1,1,2,2,7,3,Y,49,2019,C,098-KY-1426  -000,6.883,0,0,0,0,0,0,1,0,0,0,0,0,0,1,Non-DAC,0,1
72438196,20191111,1505,HAROLDS BRANCH,098 CS-1223,CS1223,N,,0,0,2,1,N,N,15,37.47128,-82.52117,1,97,2,1,2,1,2,2,5,3,N,47,2019,O,098-CS-1223  -000,0.135,0,0,0,0,0,0,1,0,0,0,0,0,0,1,Non-DAC,0,1
72781589,20220710,1406,US460,098 US-460,US0460,N,0.222,2,0,2,2,N,N,55,37.43933,-82.50941,4,3,2,6,1,5,6,2,7,3,Y,70,2022,C,098-US-0460  -000,0.222,0,0,1,0,0,0,1,1,0,0,0,0,0,1,Non-DAC,1,0
72747164,20220329,1436,CEDAR HILLS,098 KY-1426,KY1426,N,4.677,0,0,2,2,N,N,55,37.46246,-82.52626,3,3,2,3,1,1,3,2,1,3,N,52,2022,O,098-KY-1426  -000,4.677,0,0,0,0,0,0,0,0,0,0,0,1,0,1,Non-DAC,0,1
72648212,20210711,1823,HAMBLEY,098 CS-1222,CS1222,N,,4,0,2,2,N,N,35,37.47401,-82.5273,3,3,4,6,1,1,2,2,1,3,Y,52,2021,B,098-CS-1222  -000,0,0,0,0,0,0,0,1,1,0,0,0,1,0,1,DAC,1,0
72709187,20211212,2231,US23,,,N,27.375,2,0,2,2,N,N,55,37.51085,-82.54896,5,3,4,6,1,1,2,5,1,3,N,49,2021,C,098-US-0023  -000,27.375,0,0,0,0,0,0,0,0,0,0,0,1,0,1,Non-DAC,1,0
72391987,20190806,1340,POPLAR,098 CS-1160,CS1160,N,0.101,0,0,2,2,N,N,15,37.48,-82.52204,8,3,1,6,1,1,2,2,1,3,N,53,2019,O,098-CS-1160  -000,0.101,0,0,1,0,0,0,0,0,0,1,0,1,0,1,DAC,0,1
72595627,20201207,702,US23,098 US-23,US0023,N,25.718,0,1,2,2,N,N,55,37.49564,-82.5312,1,3,4,6,1,5,3,6,1,3,Y,55,2020,K,098-US-0023  -000,25.718,0,1,0,0,0,0,0,0,1,1,0,1,1,1,Non-DAC,1,0
72561463,20201106,652,BYPASS,098 KY-1426,KY1426,N,5.613,0,0,2,2,N,N,15,37.47252,-82.52423,3,3,2,4,1,1,3,2,1,3,N,52,2020,O,098-KY-1426  -000,5.613,0,0,0,0,0,0,1,1,0,0,0,1,0,1,DAC,0,1
72603182,20210312,1629,US23,098 US-23-10,US0023,N,26.878,0,0,2,2,N,N,55,37.50974,-82.53897,5,3,4,6,1,1,3,2,7,3,N,49,2021,O,098-US-0023  -000,26.878,0,0,0,0,0,0,1,0,0,0,0,0,0,1,Non-DAC,0,1
72472796,20200202,1644,BYPASS,,,N,5.795,0,0,2,2,N,N,35,37.47342,-82.5211,5,3,2,6,1,1,2,2,1,3,N,49,2020,O,098-KY-1426  -000,5.795,0,0,0,1,0,0,0,0,0,0,0,0,0,1,DAC,0,1
72319456,20190221,1909,US23,,,N,21.344,0,0,2,2,N,N,55,37.44976,-82.52455,5,3,4,6,1,1,3,6,7,3,N,49,2019,O,098-US-0023  -000,21.344,0,0,0,0,0,0,1,0,0,0,0,0,0,1,Non-DAC,0,1
72508890,20200608,905,NORTHGATE,,,N,0.019,0,0,2,2,N,N,15,37.48642,-82.50928,1,3,2,5,1,1,2,2,6,3,N,55,2020,O,098-CS-1021  -000,0.019,0,0,1,1,0,0,1,0,0,0,0,0,0,1,Non-DAC,1,0
72617432,20210419,1734,SCOTT,,,N,0.222,0,0,2,2,N,Y,15,37.48389,-82.51876,2,3,1,6,1,1,2,2,6,3,N,47,2021,O,098-CS-1116  -000,0.222,0,0,0,0,0,0,1,0,0,0,0,0,0,1,DAC,1,0
72500368,20200509,2023,US23,,,N,25.083,0,0,1,1,N,N,55,37.48911,-82.53921,9,6,4,6,1,1,2,2,7,3,N,44,2020,O,098-US-0023  -000,25.083,0,0,0,0,0,0,0,0,0,0,0,1,0,1,Non-DAC,0,1
72700833,20211123,1822,US23,098 US-23,US0023,N,26.626,0,0,2,2,Y,N,55,37.5078,-82.53523,8,3,6,3,1,1,2,6,7,3,N,53,2021,O,098-US-0023  -000,26.626,0,1,0,0,0,0,0,0,0,0,0,1,0,1,Non-DAC,0,1
72347962,20190501,1819,MULLINS SCHOOL STREET,,,N,,0,0,1,1,N,N,15,37.53828,-82.58092,9,5,2,3,1,1,2,2,1,3,N,44,2019,O,098-CR-1426N -000,0.004,0,0,1,0,0,0,0,0,0,0,0,1,0,1,Non-DAC,1,0
72795192,20220818,819,ISLAND CREEK,098 CS-1123,CS1123,N,,0,0,1,1,N,N,25,37.47703,-82.51733,9,4,2,3,1,1,2,2,1,3,N,44,2022,O,098-CS-1123  -000,0.017,0,0,0,0,0,0,0,0,0,0,0,1,0,1,DAC,1,0
72543688,20200917,2042,MAYO,098 US-23,US0023,N,20.975,1,0,1,1,N,N,55,37.44464,-82.52542,9,97,4,3,1,5,5,5,1,3,Y,70,2020,C,098-US-0023  -000,20.975,0,0,0,0,0,0,0,0,0,1,0,0,0,1,Non-DAC,0,1
72667757,20210906,823,WELLS,,,N,0.022,0,0,2,2,N,N,15,37.48154,-82.51632,3,3,1,6,1,1,3,2,6,3,N,52,2021,O,098-CS-1122  -000,0.022,0,0,0,0,0,0,0,0,0,0,0,1,0,1,DAC,0,1
72567389,20201119,1554,BYPASS,,,N,6.544,0,0,2,1,N,N,45,37.48228,-82.51382,1,3,3,6,1,1,2,2,7,3,N,55,2020,O,098-KY-1426  -000,6.544,0,0,0,0,0,0,1,0,0,0,0,0,0,1,DAC,0,1
72499053,20200505,1033,US23,098 US-23,US0023,N,23.061,0,0,2,2,N,N,55,37.46593,-82.52804,5,3,4,6,1,5,6,2,7,3,N,49,2020,O,098-US-0023  -000,23.061,0,0,0,1,0,0,0,0,0,0,0,0,0,1,DAC,1,0
72630796,20210530,1805,US23,098 US-23,US0023,N,21.424,2,0,2,2,N,N,55,37.45084,-82.52402,1,3,4,6,1,1,3,2,7,3,Y,55,2021,C,098-US-0023  -000,21.424,0,0,0,1,0,0,1,0,0,0,0,0,0,1,Non-DAC,0,1
72348214,20190503,1723,THOMPSON,,,N,0.276,0,0,2,2,N,N,35,37.50723,-82.54755,5,3,2,6,1,1,3,2,1,3,N,70,2019,O,098-CS-1215  -000,0.276,0,0,0,0,0,0,1,0,0,0,0,0,0,1,Non-DAC,0,1
72575160,20201214,1342,MAIN,,,N,0.023,0,0,1,1,N,Y,15,37.47801,-82.51836,9,6,1,6,1,5,3,2,1,3,N,51,2020,O,098-CS-1112  -000,0.023,0,0,0,0,0,0,1,0,0,0,0,1,0,1,DAC,1,0
72502676,20200519,756,KY1426,098 KY-1426,KY1426,N,7.529,0,0,1,1,N,N,45,37.49048,-82.49986,9,4,2,4,1,5,6,2,7,3,N,40,2020,O,098-KY-1426  -000,7.529,0,0,0,0,0,0,0,0,0,0,0,1,0,1,Non-DAC,1,0
72419159,20191008,810,KY3496,098 KY-3496,KY3496,N,0.089,0,0,2,2,N,N,35,37.46592,-82.52934,1,3,2,6,1,5,6,2,1,3,N,55,2019,O,098-KY-3496  -000,0.089,0,0,0,0,0,0,1,0,0,0,0,0,0,1,DAC,0,1
72739364,20220310,2057,DUDLEY,098 CR-1407-30,CR1407,N,0.002,0,0,2,2,N,N,5,37.5374,-82.60646,2,97,1,6,1,1,2,5,7,3,N,47,2022,O,098-CR-1407  -030,0.002,0,0,0,0,0,0,0,0,0,0,0,0,0,1,Non-DAC,1,0
72693091,20211105,936,CEDAR HILLS,098 KY-3417,KY3417,N,0.648,0,0,1,1,N,N,35,37.47072,-82.55771,9,4,2,4,1,1,2,2,6,3,N,40,2021,O,098-KY-3417  -000,0.648,0,0,0,0,0,0,1,0,1,1,0,1,0,1,Non-DAC,1,0
72839642,20221201,2336,CHLOE,098 KY-1460,KY1460,N,2.929,0,0,1,1,N,N,45,37.47065,-82.48123,9,6,2,4,1,1,2,6,7,3,N,44,2022,O,098-KY-1460  -000,2.929,0,0,1,0,0,0,1,0,0,0,0,1,0,1,Non-DAC,0,1
72633922,20210607,1853,US23 TURN LANE,098 US-23-21,US0023,N,0.031,0,0,1,1,N,N,55,37.50339,-82.53235,9,3,4,6,1,5,3,2,7,3,N,35,2021,O,098-US-0023  -021,0.031,0,0,0,0,0,0,0,0,0,0,1,0,0,1,Non-DAC,1,0
72828860,20221111,1434,US119,098 US-119-10,US0119,N,2.699,0,0,1,1,N,N,55,37.51418,-82.48703,9,3,4,6,1,5,6,2,7,3,N,41,2022,O,098-US-0119  -000,2.699,0,0,0,0,0,0,0,0,0,0,0,1,0,1,DAC,1,0