MasterFile,CollisionDate,CollisionTime,RoadwayName,RSEUniqueGIS,RoadwayIdentifier,ParkingLotIndicator,Milepoint,NumberInjured,NumberKilled,ofUnits,ofMotorVehicleUnits,Hit&RunIndicator,OneWayIndicator,SpeedLimitNumber,Latitude,Longitude,MannerofCollisionCode,LocationFirstEventCode,TotalLanes,RoadwayCharacterCode,RoadwaySurfaceCode,RoadwayConditionCode,WeatherCode,LightConditionCode,LandUseCode,SchoolBusRelatedCode,FirstAidSceneIndicator,DirectionalAnalysis,YR,KABCO,KTC_RT,KTC_MP,Motorcyclist,Commercial Vehicle,Young Driver,Mature Driver,Pedestrian,Bicyclist,Distracted,Aggressive,Impaired,Unrestrained,Intersection,Roadway Departure,Median Cross-over,CityCrash,DACid,Intersection Crash,Segment Crash
72444988,20191127,1442,US23,098 US-23,US0023,N,22.509,5,0,2,2,N,N,55,37.46392,-82.51894,5,3,4,6,1,1,2,2,1,3,Y,35,2019,C,098-US-0023  -000,22.509,0,0,0,0,0,0,1,0,0,0,1,0,0,1,Non-DAC,1,0
72666489,20210813,1336,HUFFMAN,,,N,0.086,0,0,2,2,N,N,15,37.47759,-82.51835,1,3,2,6,1,1,3,2,7,3,N,55,2021,O,098-CS-1123  -000,0.086,0,0,0,0,0,0,1,0,0,0,0,0,0,1,DAC,1,0
72553761,20201016,1800,US23,,,N,30.584,0,0,2,2,N,N,55,37.54279,-82.58644,8,3,4,3,1,1,2,2,7,3,N,53,2020,O,098-US-0023  -000,30.584,0,0,1,0,0,0,1,1,0,0,0,1,0,1,Non-DAC,0,1
72771813,20220531,1341,US23,098 US-23,US0023,N,31.184,2,0,1,1,N,N,55,37.53624,-82.5977,9,3,4,6,1,1,2,2,1,3,Y,40,2022,C,098-US-0023  -000,31.184,0,0,0,0,0,0,0,0,0,0,0,1,0,1,Non-DAC,0,1
72415432,20191002,1502,HAROLDS BRANCH,098 CS-1223,CS1223,N,0.045,0,0,2,2,N,N,15,37.47225,-82.52233,5,3,2,3,2,1,2,2,7,3,N,49,2019,O,098-CS-1223  -000,0.045,0,0,1,0,0,0,1,0,0,0,0,0,0,1,Non-DAC,0,1
72644785,20210701,2044,KENTUCKY,098 CS-1162,CS1162,N,0.056,0,0,2,2,Y,N,15,37.48314,-82.52132,2,3,,,1,5,6,3,6,3,N,6,2021,O,098-CS-1162  -000,0.056,0,0,0,0,0,0,1,0,0,1,1,0,0,1,DAC,1,0
72736553,20220228,228,MAYO,098 US-23-10,US0023,N,19.588,1,0,2,2,N,N,55,37.4486,-82.50562,4,3,4,3,1,1,2,5,1,3,Y,70,2022,B,098-US-0023  -000,19.588,0,0,0,0,0,0,1,1,0,0,0,0,0,1,Non-DAC,0,1
72749779,20220408,1701,BAIRD,,,N,5.398,0,0,2,2,N,N,35,37.47322,-82.52709,1,3,4,6,1,5,3,2,1,3,N,55,2022,O,098-KY-1426  -000,5.398,0,0,1,1,0,0,1,0,0,0,0,0,0,1,DAC,1,0
72421873,20191016,1607,CASSIDY,,,N,0.319,0,0,2,2,N,N,25,37.50521,-82.53723,1,3,2,3,1,1,3,2,7,3,N,55,2019,O,098-CS-1191  -000,0.319,0,0,0,1,0,0,1,0,0,0,0,0,0,1,Non-DAC,0,1
72427159,20191026,1108,US23,098 US-23,US0023,N,25.734,1,0,1,1,N,N,55,37.49585,-82.53107,9,3,4,3,1,5,6,2,1,3,Y,40,2019,C,098-US-0023  -000,25.734,0,0,0,1,0,0,0,0,0,0,0,1,0,1,Non-DAC,1,0
72465177,20200117,806,BAIRD AVENUE,,,N,,0,0,2,2,N,N,15,37.47322,-82.5271,1,3,4,6,1,1,2,2,7,3,N,55,2020,O,098-KY-1426  -000,5.398,0,0,0,1,0,0,1,0,0,0,0,0,0,1,DAC,1,0
72795770,20220809,1631,US23,098 US-23-10,US0023,N,27.016,0,0,2,2,Y,N,55,37.51031,-82.5416,8,3,4,6,1,1,2,2,7,3,N,53,2022,O,098-US-0023  -000,27.016,0,0,0,1,0,0,0,1,0,0,0,1,0,1,Non-DAC,0,1
72476154,20200211,2254,US119,098 US-119-10,US0119,N,1.385,1,0,1,1,N,N,55,37.51122,-82.50962,9,2,4,1,1,5,10,7,7,3,N,70,2020,B,098-US-0119  -000,1.385,0,0,1,0,0,0,1,0,0,0,0,1,0,1,Non-DAC,0,1
72599453,20210224,1637,COMBS,,,N,0.003,2,0,2,2,N,N,35,37.48167,-82.51417,3,3,2,6,1,1,2,2,1,3,Y,52,2021,B,098-CS-1115  -000,0.003,0,0,0,1,0,0,1,0,0,0,0,1,0,1,DAC,1,0
72747097,20220329,2103,SAAD,098 CS-1165,CS1165,N,0.065,0,0,2,2,N,Y,10,37.48243,-82.51991,2,3,1,4,1,1,2,6,6,3,N,47,2022,O,098-CS-1165  -000,0.065,0,0,0,0,0,0,0,0,0,0,0,0,0,1,DAC,0,1
72360584,20190528,2334,SUMMIT,,,N,0.225,0,0,1,1,N,N,35,37.47578,-82.51546,9,3,2,1,1,1,2,6,6,3,N,44,2019,O,098-CS-1064  -000,0.225,0,0,1,0,0,0,0,0,0,1,0,1,0,1,Non-DAC,0,1
72793403,20220805,1725,US23,098 US-23,US0023,N,23.121,0,0,2,2,N,N,55,37.46599,-82.52908,5,3,4,6,1,5,3,2,7,3,N,49,2022,O,098-US-0023  -000,23.121,0,0,0,1,0,0,0,0,1,0,0,0,0,1,DAC,0,1
72741257,20220315,1700,US23,,,N,31.582,0,0,2,2,N,N,55,37.53695,-82.60123,5,3,4,6,1,1,2,2,1,3,N,49,2022,O,098-US-0023  -000,31.582,1,0,0,0,0,0,0,1,0,0,0,0,0,1,Non-DAC,0,1
72320680,20190220,1503,BAIRDE AVE TURN LANE,,,N,,0,0,2,2,N,N,35,37.47393,-82.52711,5,3,2,3,1,5,6,2,6,3,N,70,2019,O,098-KY-1426  -026,0.022,0,0,0,0,0,0,1,0,0,0,0,0,0,1,DAC,1,0
72603675,20210312,1642,US23,,,N,26.235,0,0,2,2,Y,N,55,37.50296,-82.53206,5,3,4,6,1,1,3,2,7,3,N,70,2021,O,098-US-0023  -000,26.235,0,0,0,0,0,0,1,0,0,0,0,0,0,1,Non-DAC,1,0
72620128,20210501,700,US23,098 US-23,US0023,N,20.679,0,0,1,1,N,N,55,37.44287,-82.52156,9,97,4,6,1,1,2,2,1,3,N,44,2021,O,098-US-0023  -000,20.679,0,0,0,0,0,0,0,0,0,0,0,1,0,1,Non-DAC,0,1
72776558,20220625,157,US23,098 US-23,US0023,N,27.002,0,0,1,1,N,N,55,37.5104,-82.54124,9,3,4,6,1,1,2,7,7,3,N,38,2022,O,098-US-0023  -000,27.002,0,0,0,0,0,0,0,0,0,0,0,0,0,1,Non-DAC,0,1
72353961,20190506,1552,CASSIDY,,,N,0.033,0,0,2,2,N,N,55,37.50371,-82.53271,1,3,1,6,1,1,2,2,7,3,N,55,2019,O,098-CS-1191  -000,0.033,0,0,1,0,0,0,0,1,0,0,0,0,0,1,Non-DAC,1,0
72791525,20220802,1340,ELM,,,N,,0,0,2,2,N,N,25,37.47704,-82.52175,1,3,3,6,1,1,2,2,7,3,N,10,2022,O,098-CS-1107  -000,0,0,0,1,1,0,0,1,1,0,0,1,0,0,1,DAC,1,0
72418279,20191007,731,US23,,,N,,3,0,2,2,N,N,55,37.53677,-82.60106,1,3,4,6,1,5,3,1,1,3,Y,55,2019,A,098-US-0023  -000,31.568,0,0,0,0,0,0,0,1,0,0,0,0,0,1,Non-DAC,0,1
72322147,20190301,1217,NORTH MAYO TRAIL,,,N,,1,0,3,3,N,N,35,37.48691,-82.54237,1,3,2,6,1,5,6,2,8,3,Y,55,2019,C,098-KY-3495  -000,0.045,0,0,0,0,0,0,0,1,0,0,0,0,0,1,Non-DAC,1,0
72301796,20190105,1545,JULIUS,098 CS-1156,CS1156,N,0.028,0,0,2,2,N,N,25,37.47658,-82.52283,7,3,2,4,1,1,2,2,6,3,Y,54,2019,O,098-CS-1156  -000,0.028,0,0,0,1,0,0,0,0,0,0,0,1,0,1,DAC,1,0
72797041,20220822,1309,CASSIDY,098 CS-1191,CS1191,N,0.157,0,0,2,2,Y,N,35,37.50368,-82.53461,1,3,,3,1,1,3,2,7,3,N,55,2022,O,098-CS-1191  -000,0.157,0,0,1,0,0,0,0,1,0,0,0,0,0,1,Non-DAC,0,1
72808276,20220920,1052,US23,098 US-23,US0023,N,21.127,0,0,2,2,N,N,55,37.44683,-82.52578,5,3,4,3,1,1,2,2,7,3,N,70,2022,O,098-US-0023  -000,21.127,0,0,0,1,0,0,0,1,0,0,0,0,0,1,Non-DAC,1,0
72345908,20190429,1432,HAMBLEY,098 CS-1222,CS1222,N,0.663,0,0,2,2,N,N,25,37.48051,-82.51904,1,3,2,6,1,1,2,2,7,3,N,55,2019,O,098-CS-1222  -000,0.663,0,0,1,0,0,0,0,1,0,0,0,0,1,1,DAC,1,0
72571961,20201204,1531,US23,,,N,26.21,1,0,1,1,N,N,55,37.50262,-82.53222,9,5,5,6,1,5,6,2,7,3,N,40,2020,C,098-US-0023  -000,26.21,0,0,0,0,0,0,0,0,0,0,0,1,0,1,Non-DAC,0,1
72305976,20190118,558,CHLOE,,,N,3.328,0,0,1,1,N,N,35,37.4745,-82.48597,9,97,2,1,1,5,3,6,7,3,N,44,2019,O,098-KY-1460  -000,3.328,0,0,0,0,0,0,0,0,0,0,0,1,0,1,Non-DAC,0,1
72323016,20190303,2033,CASSIDY,,,N,0.162,0,0,2,2,N,N,35,37.5037,-82.53468,4,3,4,3,1,5,9,5,1,3,N,70,2019,O,098-CS-1191  -000,0.162,0,0,0,0,0,0,1,1,0,0,0,0,0,1,Non-DAC,0,1
72304566,20190118,1450,KY3496,,,N,,0,0,2,2,N,N,35,37.46573,-82.52809,5,3,4,3,1,5,3,2,1,3,N,49,2019,O,098-KY-3496  -000,0.015,0,0,0,0,0,0,1,0,0,0,0,0,0,1,DAC,1,0
72537496,20200818,1658,US23,098 US-23-10,US0023,N,20.627,0,0,2,2,N,N,55,37.44309,-82.51971,5,3,4,3,1,1,2,2,7,3,N,49,2020,O,098-US-0023  -000,20.627,0,0,0,0,0,0,0,1,0,0,0,0,0,1,Non-DAC,0,1
72450332,20191210,1608,US23,,,N,26.283,0,0,2,2,N,N,55,37.50365,-82.53214,4,3,4,6,1,5,9,5,7,3,N,16,2019,O,098-US-0023  -000,26.283,0,0,0,0,0,0,1,0,0,0,1,0,0,1,Non-DAC,1,0
72750975,20220408,1321,CASSIDY,098 CS-1191,CS1191,N,0.062,2,0,2,2,N,N,35,37.50368,-82.53316,1,3,3,6,1,5,8,2,1,3,Y,55,2022,B,098-CS-1191  -000,0.062,0,0,0,1,0,0,1,0,0,0,0,0,0,1,Non-DAC,0,1
72414942,20190928,920,US23,,,N,21.483,0,0,2,2,N,N,55,37.45161,-82.52359,5,3,4,6,1,1,2,2,7,3,Y,49,2019,O,098-US-0023  -000,21.483,0,0,0,0,0,0,1,0,0,1,0,0,0,1,Non-DAC,0,1
72552003,20201012,2116,THOMPSON,098 CS-1215,CS1215,N,0.249,0,0,1,1,N,Y,25,37.50745,-82.54804,9,3,2,6,1,1,2,6,7,3,N,70,2020,O,098-CS-1215  -000,0.249,0,0,0,0,0,0,0,0,0,0,0,0,0,1,Non-DAC,0,1
72570691,20201130,1740,US23,098 US-23-10,US0023,N,17.681,0,0,2,2,N,N,55,37.42468,-82.51705,3,3,4,6,1,5,1,6,7,3,N,52,2020,O,098-US-0023  -000,17.681,0,0,0,0,0,0,1,1,0,0,0,1,1,1,Non-DAC,1,0
72809742,20220927,1024,2ND,098 CS-1117,CS1117,N,0.025,0,0,2,2,N,Y,15,37.48321,-82.51585,1,5,1,6,1,1,2,2,1,3,N,47,2022,O,098-CS-1117  -000,0.025,0,0,0,0,0,0,0,0,0,0,0,0,0,1,DAC,0,1
72338891,20190410,1013,,,,N,0.083,0,0,2,2,N,N,55,37.43706,-82.51049,8,3,4,2,1,1,2,2,7,3,N,53,2019,O,098-US-0023  -421,0.083,0,0,0,1,0,0,0,1,0,0,0,1,0,1,Non-DAC,1,0
72729005,20220202,1912,BYPASS,098 KY-1426,KY1426,N,5.624,0,0,2,2,N,N,35,37.47252,-82.52403,5,3,2,6,1,5,6,5,1,3,N,70,2022,O,098-KY-1426  -000,5.624,0,0,0,0,0,0,1,0,0,0,0,0,0,1,DAC,1,0
72530783,20200812,1005,CASSIDY,098 CS-1191,CS1191,N,0.036,0,0,2,2,N,N,55,37.5037,-82.53276,1,3,4,6,1,1,2,2,7,3,N,55,2020,O,098-CS-1191  -000,0.036,0,0,1,1,0,0,0,1,0,0,0,0,0,1,Non-DAC,1,0
72476388,20200212,1342,THOMPSON,,,N,0.676,1,0,3,3,N,N,35,37.50508,-82.54073,3,3,4,6,1,5,6,2,7,3,N,52,2020,C,098-CS-1215  -000,0.676,0,0,1,1,0,0,1,1,0,0,0,1,0,1,Non-DAC,0,1
72561863,20201106,1544,CASSIDY,098 CS-1191,CS1191,N,0.201,0,0,2,2,N,N,25,37.50403,-82.53524,3,3,2,3,1,1,2,2,1,3,N,52,2020,O,098-CS-1191  -000,0.201,0,0,0,1,0,0,1,0,0,0,0,1,0,1,Non-DAC,0,1
72818948,20221018,1153,CHLOE,098 KY-1460,KY1460,N,3.859,0,0,1,1,N,N,35,37.47717,-82.4953,9,5,2,3,1,1,2,2,6,3,N,44,2022,O,098-KY-1460  -000,3.859,0,0,0,0,0,0,0,0,0,0,0,1,0,1,Non-DAC,1,0
72419090,20191003,1513,HUFFMAN,098 CS-1123,CS1123,N,0.188,0,0,1,1,N,N,25,37.47873,-82.5201,9,97,2,3,1,1,2,2,1,3,N,4,2019,O,098-CS-1123  -000,0.188,0,1,0,0,0,0,0,0,0,0,1,0,0,1,DAC,1,0
72682366,20211012,1549,US23,098 US-23-10,US0023,N,29.619,1,0,3,3,N,N,55,37.53127,-82.57684,8,3,5,6,1,1,2,2,1,3,Y,53,2021,B,098-US-0023  -000,29.619,0,0,0,1,0,0,1,0,0,0,0,1,0,1,Non-DAC,1,0
72430700,20191101,1722,US23,098 US-23,US0023,N,25.116,0,0,2,2,N,N,55,37.48948,-82.53882,5,3,4,6,1,1,2,2,1,3,N,49,2019,O,098-US-0023  -000,25.116,0,0,1,0,0,0,1,0,0,0,0,0,0,1,Non-DAC,0,1
72597474,20210224,632,BYPASS,098 KY-1460,KY1460,N,5.108,0,0,2,2,N,N,45,37.483,-82.51331,1,3,2,6,1,1,2,5,7,3,N,55,2021,O,098-KY-1460  -000,5.108,0,0,0,1,0,0,0,1,0,0,0,1,0,1,DAC,1,0
72465050,20200106,817,US23,,,N,18.726,0,0,2,2,N,N,55,37.4381,-82.50969,8,3,4,6,1,1,2,2,7,3,N,53,2020,O,098-US-0023  -000,18.726,0,0,0,0,0,0,1,1,0,0,0,1,0,1,Non-DAC,0,1
72794843,20220810,1127,CASSIDY,098 CS-1191,CS1191,N,0.008,0,0,2,2,N,N,55,37.50375,-82.53229,3,3,4,6,1,1,2,2,7,3,N,52,2022,O,098-CS-1191  -000,0.008,0,0,0,0,0,0,1,1,0,0,1,0,0,1,Non-DAC,1,0
72358620,20190528,1233,CASSIDY,098 CS-1191,CS1191,N,,0,0,2,2,N,Y,15,37.50631,-82.53948,2,97,1,6,1,1,2,2,1,3,N,56,2019,O,098-CS-1191  -000,0.375,0,0,0,1,0,0,1,0,0,0,0,0,0,1,Non-DAC,0,1
72556928,20201008,1937,FIFE FORK,098 CS-1077,CS1077,N,0.109,0,0,2,2,N,N,15,37.47457,-82.48353,2,97,1,5,1,1,2,6,6,3,N,47,2020,O,098-CS-1077  -000,0.109,0,0,0,0,0,0,1,0,0,0,0,0,0,1,Non-DAC,0,1
72431981,20191106,323,CEDAR HILLS,098 KY-1426,KY1426,N,2.134,1,0,1,1,N,N,35,37.46021,-82.55761,9,4,2,6,1,1,2,5,6,3,N,44,2019,B,098-KY-1426  -000,2.134,0,0,0,0,0,0,0,0,0,0,0,1,0,1,Non-DAC,0,1
72377987,20190710,1155,US23,,,N,30.196,0,0,2,2,N,N,55,37.53951,-82.5812,8,3,2,6,1,1,2,2,7,3,N,53,2019,O,098-US-0023  -000,30.196,0,0,0,0,0,0,1,0,0,0,0,1,0,1,Non-DAC,0,1
72578909,20201210,1411,US23,098 US-23,US0023,N,25.418,0,0,2,2,N,N,55,37.49226,-82.53463,8,3,4,6,1,1,2,2,7,3,N,19,2020,O,098-US-0023  -000,25.418,0,0,0,0,0,0,1,1,0,0,1,0,0,1,Non-DAC,1,0
72358305,20190527,851,US119,098 US-119,US0119,N,0.416,0,0,1,1,N,N,55,37.50605,-82.52518,9,3,2,6,1,1,3,2,3,3,N,38,2019,O,098-US-0119  -000,0.416,0,0,0,0,0,0,0,0,0,0,0,0,0,1,Non-DAC,0,1
72626786,20210520,1500,US23,,,N,25.096,0,0,2,2,N,N,55,37.48925,-82.53906,5,6,4,6,1,1,2,2,7,3,N,70,2021,O,098-US-0023  -000,25.096,0,0,1,0,0,0,0,0,0,0,0,0,0,1,Non-DAC,0,1
72413074,20190927,1908,KY1426 TURN LANE,098 KY-1426-27,KY1426,N,0.009,0,0,2,2,N,N,55,37.51379,-82.4875,5,3,2,6,1,1,2,3,1,3,N,49,2019,O,098-KY-1426  -027,0.009,0,0,0,1,0,0,1,0,0,0,0,0,0,1,Non-DAC,1,0
72602221,20210304,1752,HAMBLEY,,,N,1.441,0,0,2,2,N,N,15,37.48381,-82.5291,8,3,1,6,1,1,2,2,6,3,N,53,2021,O,098-CS-1222  -000,1.441,0,0,1,0,0,0,1,0,0,0,0,1,0,1,DAC,0,1
72741840,20220317,1424,US23,098 US-23-10,US0023,N,20.762,0,0,2,2,N,N,55,37.44283,-82.52219,3,3,4,3,1,1,2,2,1,3,N,52,2022,O,098-US-0023  -000,20.762,0,0,0,1,0,0,0,0,0,0,0,1,0,1,Non-DAC,1,0
72834101,20221125,1305,BYPASS,098 KY-1426,KY1426,N,6.116,0,0,2,2,N,N,45,37.47689,-82.51707,5,3,2,6,1,5,3,2,7,3,N,49,2022,O,098-KY-1426  -000,6.116,0,0,0,0,0,0,1,0,0,0,0,0,0,1,DAC,1,0
72344032,20190423,1842,KILGORE,098 CS-1105,CS1105,N,,0,0,2,2,Y,N,15,37.47625,-82.52258,2,3,,1,1,1,2,2,1,3,N,18,2019,O,098-CS-1105  -000,0,0,0,0,0,0,0,0,0,0,0,1,0,0,1,DAC,1,0
72807473,20220920,1643,KY3496 TURN LANE,098 KY-3496-20,KY3496,N,0.025,0,0,2,2,N,N,35,37.46557,-82.52829,5,3,2,6,1,1,2,2,1,3,N,49,2022,O,098-KY-3496  -020,0.025,0,0,0,0,0,0,1,0,0,0,0,0,0,1,DAC,1,0
72655703,20210708,1018,CHLOE,098 KY-1460,KY1460,N,2.74,0,0,1,1,Y,N,45,37.4689,-82.47841,9,,2,,1,1,2,2,6,3,N,44,2021,O,098-KY-1460  -000,2.74,0,0,0,0,0,0,0,0,0,0,0,1,0,1,Non-DAC,0,1
72746034,20220331,1939,CEMETERY,,,N,0.145,0,0,2,2,N,Y,25,37.48031,-82.52086,2,3,1,6,1,1,2,2,8,3,N,56,2022,O,098-CS-1167  -000,0.145,0,0,1,0,0,0,1,1,0,0,0,0,0,1,DAC,0,1
72682592,20211014,808,BYPASS,098 KY-1426,KY1426,N,6.534,0,0,2,2,N,N,55,37.48215,-82.51388,1,3,2,6,1,1,3,2,1,3,N,55,2021,O,098-KY-1426  -000,6.534,0,0,0,0,0,0,1,0,0,0,0,0,0,1,DAC,0,1
72614832,20210417,1705,MAYO,098 US-23-10,US0023,N,31.792,0,0,2,2,N,N,55,37.53728,-82.60504,1,3,4,6,1,1,3,2,7,3,N,55,2021,O,098-US-0023  -000,31.792,0,0,0,1,0,0,1,1,0,0,0,0,0,1,Non-DAC,1,0
72299232,20190103,1530,BYPASS,,,N,5.171,1,0,3,3,N,N,45,37.48405,-82.51447,5,3,2,6,1,1,2,2,7,3,Y,70,2019,C,098-KY-1460  -000,5.171,0,0,0,1,0,0,1,0,0,0,0,0,0,1,DAC,0,1
72617448,20210423,1528,US23,098 US-23,US0023,N,26.291,0,0,2,2,N,N,55,37.50376,-82.53215,5,3,4,6,1,1,2,2,7,3,N,35,2021,O,098-US-0023  -000,26.291,0,0,1,0,0,0,1,0,1,0,1,0,0,1,Non-DAC,1,0
72592240,20210206,1816,KY3496,098 KY-3496,KY3496,N,0.125,0,0,2,2,N,N,35,37.46607,-82.52995,5,7,2,6,1,1,2,7,1,3,N,49,2021,O,098-KY-3496  -000,0.125,0,0,0,1,0,0,1,0,0,0,0,0,0,1,DAC,0,1
72651783,20210720,1906,THOMPSON,098 CS-1215,CS1215,N,0.547,1,0,2,2,N,N,35,37.50583,-82.54285,4,3,2,6,1,1,2,2,7,3,N,70,2021,B,098-CS-1215  -000,0.547,0,0,1,0,0,0,1,0,0,0,0,0,0,1,Non-DAC,0,1
72709930,20211210,1657,US23,098 US-23,US0023,N,26.197,1,0,3,3,N,N,55,37.50245,-82.53191,5,3,6,6,1,5,6,2,7,3,N,49,2021,C,098-US-0023  -000,26.197,0,0,0,0,0,0,0,0,0,0,0,0,0,1,Non-DAC,0,1
72705432,20211205,552,KY1426,098 KY-1426,KY1426,N,8.116,1,0,1,1,N,N,45,37.49277,-82.49089,9,6,2,2,1,1,2,6,7,3,Y,44,2021,C,098-KY-1426  -000,8.116,0,0,0,0,0,0,1,0,1,0,0,1,0,1,Non-DAC,0,1
72498716,20200430,1730,KY1460,,,N,7.02,0,0,2,2,N,N,35,37.48573,-82.54362,4,3,2,4,1,5,6,2,7,3,N,70,2020,O,098-KY-1460  -000,7.02,0,0,1,1,0,0,1,1,0,0,0,0,0,1,Non-DAC,0,1
72297899,20190102,1019,US119,098 US-119-10,US0119,N,2.288,0,0,1,1,N,N,55,37.51334,-82.49432,9,3,2,6,1,1,3,2,7,3,N,44,2019,O,098-US-0119  -000,2.288,0,0,1,0,0,0,1,0,0,0,0,1,0,1,DAC,0,1
72368738,20190619,1204,US23,,,N,26.178,0,0,2,2,N,N,55,37.50217,-82.53194,5,3,4,6,1,5,3,2,1,3,N,70,2019,O,098-US-0023  -000,26.178,0,0,0,1,0,0,0,1,0,0,0,0,0,1,Non-DAC,0,1
72317670,20190219,737,US23,098 US-23,US0023,N,24.568,0,0,1,1,N,N,55,37.48258,-82.5435,9,4,4,6,1,1,2,2,1,3,N,51,2019,O,098-US-0023  -000,24.568,0,0,1,0,0,0,0,0,0,0,0,1,0,1,Non-DAC,0,1
72598488,20210221,1744,SAAD,098 CS-1165,CS1165,N,0.028,0,0,2,2,Y,N,15,37.48267,-82.52058,8,3,1,1,1,1,2,2,6,3,N,47,2021,O,098-CS-1165  -000,0.028,0,0,1,0,0,0,1,0,0,0,0,0,0,1,DAC,0,1
72571783,20201204,1821,ZIEGLER,098 CR-1408,CR1408,N,0.001,0,0,2,2,N,N,55,37.5374,-82.60503,1,3,4,6,1,5,6,6,6,3,N,8,2020,O,098-CR-1408  -000,0.001,0,0,0,0,0,0,1,0,0,0,1,0,0,1,Non-DAC,1,0
72425689,20191017,1700,US23,,,N,26.09,0,0,2,2,N,N,55,37.50092,-82.53199,5,3,4,6,1,1,2,2,7,3,N,49,2019,O,098-US-0023  -000,26.09,0,0,0,1,0,0,1,0,0,0,0,0,0,1,Non-DAC,0,1
72304666,20190111,1105,US23,,,N,26.29,2,0,2,2,N,N,55,37.50376,-82.53216,1,3,4,6,1,1,2,2,7,3,Y,10,2019,B,098-US-0023  -000,26.29,0,0,0,1,0,0,1,1,0,1,1,0,0,1,Non-DAC,1,0
72694792,20211110,1149,CASSIDY,098 CS-1191,CS1191,N,0.45,0,0,2,2,N,N,35,37.50417,-82.53905,1,3,2,6,1,1,2,2,7,3,N,10,2021,O,098-CS-1191  -000,0.45,0,0,0,1,0,0,1,0,0,0,1,0,0,1,Non-DAC,1,0
72310641,20190131,1755,KEYSER HEIGHTS,,,N,0.084,0,0,2,2,N,N,35,37.49173,-82.53333,1,3,2,6,1,1,3,5,7,3,N,55,2019,O,098-CS-1187  -000,0.084,0,0,0,0,0,0,0,0,0,0,0,0,0,1,Non-DAC,0,1
72561462,20201105,819,US23,098 US-23,US0023,N,27.311,0,0,2,2,N,N,55,37.5107,-82.54745,5,3,4,6,1,1,3,2,7,3,N,49,2020,O,098-US-0023  -000,27.311,0,0,0,0,0,0,1,0,0,0,0,0,0,1,Non-DAC,0,1
72739129,20220309,1510,US119,098 US-119-10,US0119,N,1.984,0,0,2,2,N,N,25,37.51251,-82.49979,5,3,2,4,1,1,3,2,8,3,N,70,2022,O,098-US-0119  -000,1.984,0,0,1,0,0,0,0,1,0,0,0,0,0,1,Non-DAC,0,1
72695282,20211111,1502,HOLLY,098 CR-1374,CR1374,N,0.113,1,0,1,1,N,N,25,37.50424,-82.54475,9,97,2,6,1,1,2,2,7,3,Y,70,2021,B,098-CR-1374  -000,0.113,0,0,0,0,0,0,1,0,0,1,0,0,0,1,Non-DAC,0,1
72757619,20220502,1833,KY1426,,,N,9.119,0,0,1,1,N,N,45,37.50686,-82.48898,9,5,3,1,1,1,2,2,7,3,N,44,2022,O,098-KY-1426  -000,9.119,0,0,0,0,0,0,0,0,0,0,0,1,0,1,Non-DAC,0,1
72845864,20221221,1735,KY3496,098 KY-3496,KY3496,N,0.012,1,0,2,2,N,N,35,37.46581,-82.52815,5,3,2,6,1,1,3,3,7,3,N,49,2022,C,098-KY-3496  -000,0.012,0,0,0,0,0,0,1,0,0,0,0,0,0,1,DAC,1,0
72421183,20191015,2008,OWSLEY,,,N,7.173,0,0,1,1,N,N,45,37.48042,-82.53656,9,3,2,6,1,1,2,6,7,3,N,38,2019,O,098-KY-1384  -000,7.173,0,0,0,0,0,0,0,0,0,0,0,0,0,1,DAC,0,1
72760566,20220507,1853,BYPASS,098 KY-1426,KY1426,N,5.877,0,0,2,2,N,N,35,37.47417,-82.51989,1,3,2,6,1,1,3,2,7,3,N,55,2022,O,098-KY-1426  -000,5.877,0,0,0,0,0,0,0,0,0,0,0,0,0,1,DAC,0,1
72552290,20201009,2117,OWSLEY,098 KY-1384,KY1384,N,7.26,0,0,1,1,Y,N,35,37.48106,-82.53519,9,5,4,5,1,1,2,5,6,3,N,51,2020,O,098-KY-1384  -000,7.26,0,0,0,0,0,0,0,0,0,0,0,1,0,1,DAC,0,1
72538139,20200829,1400,MAYO,,,N,20.5,0,0,1,1,N,N,55,37.44417,-82.51794,9,3,4,3,1,1,2,2,1,3,N,70,2020,O,098-US-0023  -000,20.5,0,0,0,0,0,0,0,0,0,0,0,1,0,1,Non-DAC,0,1