MasterFile,CollisionDate,CollisionTime,RoadwayName,RSEUniqueGIS,RoadwayIdentifier,ParkingLotIndicator,Milepoint,NumberInjured,NumberKilled,ofUnits,ofMotorVehicleUnits,Hit&RunIndicator,OneWayIndicator,SpeedLimitNumber,Latitude,Longitude,MannerofCollisionCode,LocationFirstEventCode,TotalLanes,RoadwayCharacterCode,RoadwaySurfaceCode,RoadwayConditionCode,WeatherCode,LightConditionCode,LandUseCode,SchoolBusRelatedCode,FirstAidSceneIndicator,DirectionalAnalysis,YR,KABCO,KTC_RT,KTC_MP,Motorcyclist,Commercial Vehicle,Young Driver,Mature Driver,Pedestrian,Bicyclist,Distracted,Aggressive,Impaired,Unrestrained,Intersection,Roadway Departure,Median Cross-over,CityCrash,DACid,Intersection Crash,Segment Crash
72799739,20220812,947,US23,098 US-23,US0023,N,26.289,0,0,2,2,N,N,55,37.50374,-82.53215,1,3,4,6,1,1,2,2,7,3,N,10,2022,O,098-US-0023  -000,26.289,0,0,0,1,0,0,1,1,0,0,1,0,0,1,Non-DAC,1,0
72588715,20210122,708,BYPASS,,,N,6.498,0,0,2,2,N,N,45,37.48164,-82.51412,5,3,2,6,1,1,2,2,7,3,N,49,2021,O,098-KY-1426  -000,6.498,0,0,0,1,0,0,1,0,0,0,0,0,0,1,DAC,1,0
72741716,20220318,728,US23,098 US-23,US0023,N,21.003,0,0,1,1,N,N,55,37.44505,-82.52557,9,3,4,6,1,1,2,2,7,3,N,38,2022,O,098-US-0023  -000,21.003,0,0,0,0,0,0,0,0,0,0,0,0,0,1,Non-DAC,0,1
72470042,20200124,1303,KY1426,098 KY-1426,KY1426,N,8.12,0,0,1,1,N,N,45,37.49285,-82.49091,9,3,2,2,1,5,6,2,7,3,N,44,2020,O,098-KY-1426  -000,8.12,0,0,0,0,0,0,0,1,0,0,0,1,0,1,Non-DAC,0,1
72595381,20210217,1304,US 23 SOUTH,,,N,,1,0,2,2,N,N,45,37.52974,-82.57612,5,3,6,6,1,1,2,2,7,3,Y,70,2021,C,098-US-0023  -000,29.469,0,0,0,1,0,0,1,0,0,1,0,0,0,1,Non-DAC,1,0
72403389,20190903,1045,BAIRD,,,N,,0,0,2,1,N,Y,15,37.4731,-82.52789,9,97,1,6,1,1,2,2,1,3,Y,36,2019,O,098-KY-1426  -000,5.399,0,0,0,1,1,0,0,0,0,0,0,0,0,1,DAC,1,0
72757878,20220504,1601,US23,098 US-23-10,US0023,N,18.456,0,0,2,2,Y,N,55,37.4352,-82.51292,8,3,4,5,1,1,2,2,7,3,N,53,2022,O,098-US-0023  -000,18.456,0,1,0,0,0,0,0,0,0,0,0,1,0,1,Non-DAC,0,1
72810316,20220928,1620,CASSIDY,098 CS-1191,CS1191,N,0.314,0,0,2,2,N,N,35,37.50542,-82.53721,5,3,2,6,1,1,3,2,1,3,N,49,2022,O,098-CS-1191  -000,0.314,0,0,0,1,0,0,1,0,0,0,0,0,0,1,Non-DAC,0,1
72834610,20221121,1140,US23,098 US-23,US0023,N,23.968,0,0,1,1,N,N,55,37.47545,-82.53799,9,3,4,6,1,1,2,2,1,3,N,70,2022,O,098-US-0023  -000,23.968,0,0,0,0,0,0,0,0,0,0,0,0,0,1,DAC,0,1
72756387,20220412,1532,US23,098 US-23-10,US0023,N,26.317,0,0,2,2,N,N,55,37.50413,-82.53242,5,3,4,6,1,1,2,2,1,3,N,49,2022,O,098-US-0023  -000,26.317,0,0,0,1,0,0,1,0,0,0,0,0,0,1,Non-DAC,1,0
72366152,20190603,1624,US23,098 US-23-10,US0023,N,26.267,0,0,2,2,N,N,55,37.50343,-82.53233,5,3,4,6,1,1,2,2,1,3,N,49,2019,O,098-US-0023  -000,26.267,0,0,0,0,0,0,1,0,0,0,0,0,0,1,Non-DAC,1,0
72410863,20190922,1254,US23,,,N,26.587,0,0,2,2,N,N,55,37.50756,-82.53458,5,3,4,5,1,1,2,2,7,3,N,49,2019,O,098-US-0023  -000,26.587,0,0,0,0,0,0,0,0,0,0,0,0,0,1,Non-DAC,0,1
72584124,20210113,1637,HAMBLEY,098 CS-1222,CS1222,N,1.311,0,0,2,2,N,N,35,37.48487,-82.52714,4,3,2,6,1,1,2,2,6,3,N,70,2021,O,098-CS-1222  -000,1.311,0,0,0,1,0,0,1,0,0,0,0,0,0,1,DAC,1,0
72559595,20201030,1427,MAYO,098 US-23-10,US0023,N,21.093,0,0,1,1,N,N,55,37.44634,-82.52599,9,3,4,3,1,1,3,2,7,3,N,38,2020,O,098-US-0023  -000,21.093,0,0,0,1,0,0,0,0,0,0,0,0,0,1,Non-DAC,0,1
72758935,20220503,2022,CHLOE,098 KY-1460,KY1460,N,4.846,0,0,1,1,N,N,45,37.47792,-82.51212,9,3,2,3,1,5,6,6,7,3,N,40,2022,O,098-KY-1460  -000,4.846,0,0,0,0,0,0,0,0,0,0,0,1,0,1,Non-DAC,0,1
72737615,20220305,1726,KY1460,098 KY-1460,KY1460,N,6.759,0,0,1,1,N,N,45,37.48378,-82.54048,9,6,2,6,1,1,2,2,7,3,N,44,2022,O,098-KY-1460  -000,6.759,0,0,1,0,0,0,0,0,0,0,0,1,0,1,Non-DAC,1,0
72745386,20220326,2037,HAMBLEY,098 CS-1222,CS1222,N,0.619,0,0,2,2,N,N,35,37.47992,-82.51931,1,3,2,6,1,1,2,5,1,3,N,55,2022,O,098-CS-1222  -000,0.619,0,0,0,0,0,0,0,0,0,0,0,0,0,1,DAC,1,0
72775291,20220615,928,MAIN,098 CS-1112,CS1112,N,0.12,0,0,2,2,N,Y,15,37.47929,-82.51762,2,97,2,6,1,1,2,2,7,3,N,47,2022,O,098-CS-1112  -000,0.12,0,0,0,0,0,0,1,0,0,0,0,0,0,1,DAC,1,0
72499980,20200508,2137,US23,,,N,25.563,0,0,1,1,N,N,55,37.49382,-82.53286,9,97,4,6,1,5,10,6,7,3,N,44,2020,O,098-US-0023  -000,25.563,0,0,1,0,0,0,0,0,0,0,0,1,0,1,Non-DAC,0,1
72613448,20210405,1545,KY1426,098 KY-1426,KY1426,N,6.925,2,0,2,2,N,N,45,37.48621,-82.50909,4,3,2,4,1,1,2,2,1,3,Y,16,2021,C,098-KY-1426  -000,6.925,0,0,0,1,0,0,0,1,0,0,1,0,0,1,Non-DAC,1,0
72419871,20191012,1830,BYPASS,,,N,6.258,0,0,2,2,N,N,35,37.47844,-82.51556,8,2,3,6,1,1,2,2,1,3,N,53,2019,O,098-KY-1426  -000,6.258,0,0,0,0,0,0,1,1,0,0,0,1,0,1,DAC,0,1
72732727,20220212,2205,US23,098 US-23-10,US0023,N,21.523,0,0,2,2,Y,N,55,37.45213,-82.52325,1,3,4,6,1,1,2,6,7,3,N,55,2022,O,098-US-0023  -000,21.523,0,0,1,0,0,0,1,0,0,0,0,0,0,1,Non-DAC,1,0
72794826,20220811,832,US23,098 US-23-10,US0023,N,26.835,0,0,2,2,N,N,45,37.50933,-82.53844,5,3,4,6,1,5,3,2,7,3,N,70,2022,O,098-US-0023  -000,26.835,0,0,0,1,0,0,1,0,0,0,0,0,0,1,Non-DAC,0,1
72659719,20210725,1552,MAYO,098 US-23-10,US0023,N,19.804,6,2,3,3,N,N,55,37.44988,-82.50865,1,3,4,3,1,5,6,2,7,3,Y,55,2021,K,098-US-0023  -000,19.804,0,0,0,0,0,0,0,1,0,1,0,1,1,1,Non-DAC,0,1
72471799,20200204,747,KY1426,098 KY-1426,KY1426,N,7.583,0,0,2,2,N,N,45,37.49038,-82.4985,5,6,2,6,1,5,6,2,1,3,N,47,2020,O,098-KY-1426  -000,7.583,0,0,0,0,0,0,0,0,0,0,0,0,0,1,Non-DAC,1,0
72688063,20211027,733,US23 TURN LANE,098 US-23-20,US0023,N,0.007,0,0,2,1,N,N,55,37.5041,-82.53221,5,3,4,6,1,1,2,2,7,3,N,49,2021,O,098-US-0023  -020,0.007,0,0,1,0,0,0,0,0,0,0,0,0,0,1,Non-DAC,1,0
72842577,20221213,1452,US23,098 US-23,US0023,N,27.359,0,0,2,2,N,N,55,37.51087,-82.5484,5,3,4,6,1,1,2,2,7,3,N,49,2022,O,098-US-0023  -000,27.359,0,0,1,0,0,0,0,0,0,0,0,0,0,1,Non-DAC,1,0
72428919,20191030,1600,KY3496,098 KY-3496,KY3496,N,0.739,0,0,2,2,N,N,35,37.47198,-82.53065,1,3,2,6,1,5,3,2,7,3,N,55,2019,O,098-KY-3496  -000,0.739,0,0,0,1,0,0,1,0,0,0,0,0,0,1,DAC,1,0
72691731,20211103,709,US23,098 US-23,US0023,N,27.031,0,0,1,1,N,N,55,37.51051,-82.54179,9,3,4,6,1,1,2,6,7,2,N,38,2021,O,098-US-0023  -000,27.031,0,0,1,0,0,0,0,0,0,0,0,0,0,1,Non-DAC,0,1
72677003,20210929,1257,US23,098 US-23-10,US0023,N,23.058,0,0,2,2,N,N,55,37.46584,-82.52805,1,3,4,6,1,1,2,2,7,3,N,55,2021,O,098-US-0023  -000,23.058,0,0,0,1,0,0,1,0,0,0,0,0,0,1,DAC,1,0
72448993,20191210,1429,US23,098 US-23-10,US0023,N,29.468,0,0,2,2,N,N,45,37.52975,-82.57605,5,3,6,6,1,5,6,2,7,3,N,70,2019,O,098-US-0023  -000,29.468,0,0,0,0,0,0,0,0,0,0,0,0,0,1,Non-DAC,1,0
72782096,20220706,1627,US23,098 US-23-10,US0023,N,21.527,0,0,2,2,N,N,55,37.45218,-82.52322,4,3,4,6,1,5,3,2,7,3,N,70,2022,O,098-US-0023  -000,21.527,0,0,0,1,0,0,1,1,0,0,0,0,0,1,Non-DAC,1,0
72408373,20190917,1703,KY1460,,,N,7.031,0,0,2,2,N,N,45,37.48586,-82.5435,1,3,2,5,1,1,2,2,7,3,N,55,2019,O,098-KY-1460  -000,7.031,0,0,1,0,0,0,1,1,0,0,0,0,0,1,Non-DAC,0,1
72481965,20200228,1750,THOMPSON,098 CS-1215,CS1215,N,0.529,0,0,2,2,N,N,35,37.50591,-82.54317,1,3,2,6,1,1,2,2,1,3,N,55,2020,O,098-CS-1215  -000,0.529,0,0,1,0,0,0,0,1,0,0,0,0,0,1,Non-DAC,0,1
72826147,20221104,939,US23,098 US-23,US0023,N,31.582,0,0,2,2,N,N,55,37.53682,-82.60129,5,3,4,6,1,1,2,2,7,3,N,49,2022,O,098-US-0023  -000,31.582,0,0,0,0,0,0,0,0,0,0,0,0,0,1,Non-DAC,0,1
72606747,20210324,1623,COLLEGE,098 CS-1108,CS1108,N,0.157,0,0,2,2,Y,N,25,37.47738,-82.52003,2,3,,6,1,1,2,2,6,3,N,56,2021,O,098-CS-1108  -000,0.157,0,0,0,0,0,0,1,0,0,0,0,0,0,1,DAC,1,0
72527308,20200723,2032,BYPASS,098 KY-1426,KY1426,N,6.551,1,0,1,1,N,N,55,37.48233,-82.5137,9,3,2,6,1,5,3,2,7,3,N,40,2020,C,098-KY-1426  -000,6.551,0,0,1,0,0,0,0,0,0,1,0,1,0,1,DAC,1,0
72420733,20191009,1650,MAY HOLLOW,,,N,,0,0,2,2,N,N,45,37.49039,-82.50096,1,3,2,6,1,1,2,2,7,3,N,10,2019,O,098-CS-1080  -000,0,0,0,0,1,0,0,1,1,0,0,1,0,0,1,Non-DAC,1,0
72592436,20210208,834,US23,098 US-23,US0023,N,23.378,0,0,2,2,N,N,55,37.4683,-82.53283,5,3,4,6,1,1,2,2,7,3,N,49,2021,O,098-US-0023  -000,23.378,0,0,0,0,0,0,1,0,0,0,0,0,0,1,DAC,0,1
72819538,20221021,1618,US23,,,N,27.403,0,0,2,2,N,N,55,37.51095,-82.54919,5,3,3,6,1,1,2,2,1,3,N,49,2022,O,098-US-0023  -000,27.403,0,0,1,0,0,0,0,1,0,0,0,0,0,1,Non-DAC,1,0
72578683,20201225,825,,,,N,0.033,0,0,1,1,N,N,55,37.43682,-82.51057,9,5,2,2,1,4,9,2,7,3,N,72,2020,O,098-US-0023  -422,0.033,0,0,0,0,0,0,1,0,0,0,0,1,0,1,Non-DAC,1,0
72773915,20220603,908,BYPASS,098 KY-1460,KY1460,N,6.368,1,0,1,1,N,N,45,37.48427,-82.53345,9,6,2,3,1,1,2,2,7,3,Y,40,2022,C,098-KY-1460  -000,6.368,0,0,0,0,0,0,0,0,0,0,0,1,0,1,DAC,0,1
72723008,20220118,837,US23,098 US-23,US0023,N,23.096,0,0,1,1,N,N,55,37.46609,-82.52859,9,3,4,6,1,1,3,2,7,3,N,38,2022,O,098-US-0023  -000,23.096,0,0,0,0,0,0,0,0,0,0,0,0,0,1,DAC,0,1
72842575,20221213,1326,US23,098 US-23,US0023,N,26.277,0,0,2,2,N,N,55,37.50357,-82.53214,8,3,4,6,1,5,3,2,7,3,N,53,2022,O,098-US-0023  -000,26.277,0,0,1,0,0,0,1,0,0,0,0,1,0,1,Non-DAC,1,0
72571957,20201201,1133,KY3417,,,N,0.565,0,0,1,1,N,N,35,37.4695,-82.55748,9,4,2,4,1,2,3,2,1,3,N,51,2020,O,098-KY-3417  -000,0.565,0,0,0,0,0,0,0,0,0,0,0,1,0,1,Non-DAC,0,1
72723538,20220119,2056,BYPASS,098 KY-1460,KY1460,N,6.237,0,0,1,1,N,N,45,37.48544,-82.53165,9,3,2,6,1,5,6,5,6,3,N,70,2022,O,098-KY-1460  -000,6.237,0,0,0,0,0,0,0,0,0,0,0,0,0,1,DAC,1,0
72800546,20220818,1539,US23,098 US-23-10,US0023,N,25.057,0,0,2,2,N,N,55,37.48894,-82.5397,8,3,4,6,1,1,2,2,7,3,N,53,2022,O,098-US-0023  -000,25.057,0,0,1,0,0,0,1,1,0,0,0,1,0,1,Non-DAC,0,1
72802195,20220831,2253,US23,098 US-23,US0023,N,24.668,0,0,1,1,N,N,55,37.48399,-82.54289,9,3,4,6,1,1,3,5,7,3,N,70,2022,O,098-US-0023  -000,24.668,0,0,0,0,0,0,0,0,0,0,0,0,0,1,Non-DAC,0,1
72509113,20200608,1445,CHLOE,098 KY-1460,KY1460,N,3.426,0,0,2,2,N,N,35,37.47517,-82.48742,5,3,2,6,1,1,2,2,1,3,N,49,2020,O,098-KY-1460  -000,3.426,0,0,0,0,0,0,1,0,0,0,0,0,0,1,Non-DAC,0,1
72692062,20211014,2331,BYPASS,098 KY-1426,KY1426,N,5.61,0,0,2,2,N,N,35,37.47303,-82.52279,1,3,2,6,1,1,2,5,1,3,N,55,2021,O,098-KY-1426  -000,5.61,0,0,0,0,0,0,1,1,0,0,0,0,0,1,DAC,0,1
72303194,20190115,712,US23,098 US-23-10,US0023,N,17.584,1,0,2,2,N,N,55,37.42356,-82.51699,5,3,4,4,1,5,5,1,7,3,Y,49,2019,C,098-US-0023  -000,17.584,0,0,0,1,0,0,0,0,0,0,0,0,0,1,Non-DAC,0,1
72391827,20190811,933,BOB AMOS,098 CS-1025,CS1025,N,0.59,0,0,1,1,N,N,15,37.47161,-82.54137,9,3,2,6,1,1,2,2,5,3,N,40,2019,O,098-CS-1025  -000,0.59,0,0,0,1,0,0,0,0,0,0,0,1,0,1,Non-DAC,0,1
72670685,20210913,1716,US119,,,N,0.052,0,0,2,2,N,N,55,37.50397,-82.53111,5,3,6,3,1,1,2,2,7,3,N,49,2021,O,098-US-0119  -000,0.052,0,0,1,0,0,0,0,0,0,0,0,0,0,1,Non-DAC,1,0
72510323,20200610,1227,KY3496,,,N,0.011,0,0,2,2,N,N,35,37.46581,-82.52814,5,3,2,6,1,1,2,2,7,3,N,35,2020,O,098-KY-3496  -000,0.011,0,0,0,1,0,0,1,1,0,0,1,0,0,1,DAC,1,0
72635275,20210610,1651,JULIUS,098 CS-1156,CS1156,N,0.032,0,0,2,2,N,N,15,37.47664,-82.52287,7,3,1,6,1,5,3,2,1,3,N,47,2021,O,098-CS-1156  -000,0.032,0,0,1,0,0,0,1,0,0,0,0,0,0,1,DAC,0,1
72460370,20200107,820,US119,098 US-119-10,US0119,N,2.265,0,0,1,1,N,N,55,37.51321,-82.4947,9,5,2,5,1,4,9,2,7,3,N,40,2020,O,098-US-0119  -000,2.265,0,0,0,0,0,0,0,0,0,0,0,1,0,1,Non-DAC,0,1
72679146,20211005,500,US23,098 US-23,US0023,N,32.79,0,0,1,1,N,N,55,37.53168,-82.61981,9,3,4,6,1,1,2,4,7,3,N,38,2021,O,098-US-0023  -000,32.79,0,0,0,1,0,0,0,0,0,0,0,0,0,1,Non-DAC,1,0
72388165,20190802,1640,CASSIDY,098 CS-1191,CS1191,N,0.266,0,0,2,2,N,N,25,37.5047,-82.53621,4,3,3,6,1,1,2,2,7,3,N,70,2019,O,098-CS-1191  -000,0.266,0,0,0,1,0,0,1,1,0,0,0,0,0,1,Non-DAC,0,1
72782070,20220706,1543,US460,098 US-460,US0460,N,0.246,2,0,2,2,N,N,45,37.43904,-82.50968,5,3,2,6,1,5,3,2,1,3,N,70,2022,C,098-US-0460  -000,0.246,0,0,0,0,0,0,1,0,0,0,0,0,0,1,Non-DAC,1,0
72368306,20190618,1159,BAIRD,098 KY-1426,KY1426,N,5.394,3,0,2,2,N,N,25,37.47328,-82.52711,1,3,2,6,1,5,6,2,7,3,Y,55,2019,C,098-KY-1426  -000,5.394,0,0,0,0,0,0,1,0,0,0,0,0,0,1,DAC,1,0
72686584,20211023,1904,US119,098 US-119,US0119,N,0.218,0,0,1,1,N,N,55,37.50463,-82.52827,9,3,2,6,1,1,2,6,1,3,N,38,2021,O,098-US-0119  -000,0.218,0,0,0,0,0,0,0,0,0,0,0,0,0,1,Non-DAC,0,1
72820357,20221024,1455,SUMMIT,098 CS-1064,CS1064,N,0.017,0,0,2,2,N,N,15,37.47679,-82.51678,5,3,2,5,1,1,2,2,1,3,N,49,2022,O,098-CS-1064  -000,0.017,0,0,0,0,0,0,1,0,0,0,0,0,0,1,DAC,1,0
72538801,20200903,1041,HAMBLEY,098 CS-1222,CS1222,N,,0,0,2,2,N,N,35,37.47402,-82.52729,1,3,4,6,1,1,3,2,7,3,N,10,2020,O,098-CS-1222  -000,0,0,0,0,1,0,0,0,1,0,0,1,0,0,1,DAC,1,0
72373108,20190624,1822,US119,,,N,0.087,1,0,2,2,N,N,55,37.50408,-82.5305,1,3,4,6,1,5,6,2,7,3,Y,55,2019,B,098-US-0119  -000,0.087,0,0,1,0,0,0,0,0,0,0,0,0,1,1,Non-DAC,0,1
72610972,20210405,2052,HAMBLEY,,,N,,3,0,2,2,N,N,45,37.47929,-82.54307,3,3,4,6,1,1,2,1,1,3,Y,52,2021,B,098-KY-1384  -000,6.795,0,0,1,0,0,0,0,1,0,0,0,1,0,1,DAC,1,0
72519084,20200702,1921,FIFE FORK,098 CS-1077,CS1077,N,0.056,0,0,1,1,N,N,15,37.4743,-82.48414,9,97,1,1,1,1,2,2,6,3,N,40,2020,O,098-CS-1077  -000,0.056,0,0,0,0,0,0,0,0,0,0,0,1,0,1,Non-DAC,1,0
72358142,20190524,400,SUMMIT,098 CS-1064,CS1064,N,0.587,0,0,1,1,N,N,25,37.47585,-82.51212,9,4,2,1,1,1,2,5,6,3,N,51,2019,O,098-CS-1064  -000,0.587,0,0,1,0,0,0,0,1,0,0,0,1,0,1,Non-DAC,0,1
72444625,20191128,1327,US23,,,N,21.926,0,0,2,2,Y,N,55,37.45655,-82.5187,8,3,4,6,1,1,2,2,7,3,N,53,2019,O,098-US-0023  -000,21.926,0,0,0,0,0,0,1,0,0,0,0,1,0,1,Non-DAC,0,1
72474083,20200209,1226,MYRA BARNES,,,N,0.073,0,0,2,2,Y,N,15,37.48373,-82.53085,6,7,1,6,1,1,3,5,6,3,N,47,2020,O,098-CS-1150  -000,0.073,0,0,0,0,0,0,0,0,0,0,0,0,0,1,DAC,0,1
72598608,20210222,949,BAIRD,098 KY-1426,KY1426,N,5.39,0,0,2,2,N,N,55,37.47334,-82.52714,1,3,2,6,1,1,2,2,1,3,N,55,2021,O,098-KY-1426  -000,5.39,0,0,0,1,0,0,1,0,0,0,0,0,0,1,DAC,1,0
72833463,20221122,1735,US23,098 US-23,US0023,N,21.113,0,0,2,2,N,N,55,37.44664,-82.5258,8,3,4,3,1,1,2,2,7,3,N,53,2022,O,098-US-0023  -000,21.113,0,0,1,0,0,0,1,0,0,0,0,1,0,1,Non-DAC,1,0
72394637,20190817,2100,US460,098 US-460,US0460,N,0.322,0,0,2,2,N,N,55,37.43819,-82.51058,5,3,2,6,1,1,2,5,1,3,N,49,2019,O,098-US-0460  -000,0.322,0,0,1,0,0,0,1,0,0,0,0,0,0,1,Non-DAC,0,1
72766283,20220521,1529,KY3496,098 KY-3496,KY3496,N,0.095,0,0,2,2,N,N,35,37.46595,-82.52943,4,3,2,6,1,1,2,2,1,3,N,70,2022,O,098-KY-3496  -000,0.095,0,0,0,1,0,0,1,0,0,0,0,0,0,1,DAC,0,1
72656376,20210728,1849,US119 TURN LANE,098 US-119-21,US0119,N,0.018,0,0,2,2,N,N,55,37.50385,-82.53217,5,3,2,6,1,1,2,2,1,3,N,49,2021,O,098-US-0119  -021,0.018,0,0,0,0,0,0,0,0,0,0,0,0,0,1,Non-DAC,1,0
72704180,20211201,,HAMBLEY,098 CS-1222,CS1222,N,0.565,0,0,2,2,Y,N,35,37.47923,-82.51977,8,7,,6,1,1,2,3,1,3,N,47,2021,O,098-CS-1222  -000,0.565,0,0,0,0,0,0,1,0,0,0,0,0,0,1,DAC,1,0
72657769,20210809,1534,CASSIDY,098 CS-1191,CS1191,N,0.293,0,0,2,2,N,N,15,37.50641,-82.53716,1,97,2,6,1,1,2,2,1,3,N,55,2021,O,098-CS-1191  -000,0.293,0,0,1,0,0,0,1,0,0,0,0,0,0,1,Non-DAC,0,1
72407478,20190913,1433,BYPASS,,,N,5.107,0,0,2,2,N,N,45,37.4831,-82.51358,5,3,2,6,1,1,2,2,1,3,N,49,2019,O,098-KY-1460  -000,5.107,0,0,0,1,0,0,1,0,0,0,0,0,0,1,DAC,1,0
72337972,20190404,1347,US460,098 US-460,US0460,N,0.152,0,0,2,2,N,N,55,37.43987,-82.5084,2,97,2,6,1,1,2,2,1,3,N,56,2019,O,098-US-0460  -000,0.152,0,0,0,1,0,0,1,0,0,0,0,0,0,1,Non-DAC,0,1
72740779,20220120,753,US23,098 US-23,US0023,N,23.062,1,2,2,2,N,N,55,37.46583,-82.52811,1,3,4,6,1,5,8,2,7,3,Y,55,2022,K,098-US-0023  -000,23.062,0,1,0,0,0,0,1,0,0,1,0,0,0,1,DAC,1,0
72555282,20201021,946,HAROLDS BRANCH,098 CS-1223,CS1223,N,0.059,0,0,1,1,N,Y,5,37.47207,-82.52223,9,97,1,3,2,1,2,2,1,3,N,40,2020,O,098-CS-1223  -000,0.059,0,0,0,0,0,0,0,0,0,0,0,1,0,1,Non-DAC,0,1
72555349,20201016,1257,KY3417,,,N,0.244,0,0,1,1,N,N,35,37.46503,-82.55932,9,5,2,4,1,1,3,2,6,3,N,51,2020,O,098-KY-3417  -000,0.244,0,0,1,0,0,0,0,0,0,0,0,1,0,1,Non-DAC,0,1
72776620,20220621,1642,US23 TURN LANE,098 US-23-21,US0023,N,0.01,0,0,1,1,N,N,55,37.50364,-82.53255,9,3,4,6,1,1,2,2,7,3,N,70,2022,O,098-US-0023  -021,0.01,0,0,0,0,0,0,0,0,0,0,0,1,0,1,Non-DAC,1,0
72569933,20201121,1627,US23,,,N,20.567,2,0,2,2,N,N,55,37.44358,-82.5188,1,3,4,3,1,1,2,2,7,3,Y,55,2020,C,098-US-0023  -000,20.567,0,0,0,1,0,0,1,0,0,0,0,0,0,1,Non-DAC,0,1
72676308,20210817,2051,US23,,,N,31.08,0,0,1,1,N,N,55,37.53875,-82.59377,9,3,4,6,1,5,6,6,7,3,N,44,2021,O,098-US-0023  -000,31.08,0,0,0,0,0,0,1,1,0,0,0,1,0,1,Non-DAC,0,1
72541700,20200830,517,US23,098 US-23,US0023,N,30.886,3,1,1,1,N,N,55,37.54099,-82.59171,9,6,4,3,1,1,2,6,7,3,Y,51,2020,K,098-US-0023  -000,30.886,0,0,0,0,0,0,0,1,1,1,0,1,0,1,Non-DAC,0,1
72317748,20190218,1334,US23,098 US-23,US0023,N,31.531,0,0,2,2,N,N,55,37.53678,-82.60033,5,3,4,6,1,1,2,2,7,3,N,49,2019,O,098-US-0023  -000,31.531,0,0,0,0,0,0,0,1,0,0,0,0,0,1,Non-DAC,0,1
72811921,20221001,1716,US23,098 US-23,US0023,N,23.11,1,0,1,1,N,N,55,37.46611,-82.52883,9,3,4,6,1,5,6,2,7,3,Y,70,2022,C,098-US-0023  -000,23.11,0,0,0,0,0,0,0,0,0,0,0,1,0,1,DAC,0,1
72311800,20190204,1916,US23,,,N,26.338,0,0,2,2,N,N,55,37.50444,-82.53233,5,3,4,6,1,5,6,5,1,3,N,49,2019,O,098-US-0023  -000,26.338,0,0,0,0,0,0,0,0,0,0,0,0,0,1,Non-DAC,0,1
72378411,20190705,2110,REDALE,,,N,0.186,0,0,2,2,N,N,15,37.48713,-82.52748,7,3,1,6,1,1,2,5,6,3,N,47,2019,O,098-CS-1244  -000,0.186,0,0,0,0,0,0,0,0,0,0,0,0,0,1,DAC,1,0
72508199,20200605,1404,MAYO,098 US-23-10,US0023,N,31.6,0,0,2,2,N,N,55,37.53688,-82.60175,5,3,4,6,1,5,6,2,7,3,N,49,2020,O,098-US-0023  -000,31.6,0,0,1,0,0,0,1,0,0,0,0,0,0,1,Non-DAC,1,0
72740611,20220314,1255,KY3496,098 KY-3496,KY3496,N,0.898,0,0,2,2,N,N,35,37.4721,-82.52771,5,3,2,6,1,1,2,2,1,3,N,70,2022,O,098-KY-3496  -000,0.898,0,0,0,0,0,0,0,0,0,0,0,0,0,1,DAC,0,1
72601490,20210309,759,,,,N,0.244,0,0,2,2,N,N,35,37.47334,-82.53337,5,3,1,6,1,1,2,2,1,3,N,85,2021,O,098-US-0023  -131,0.244,0,0,0,0,0,0,1,0,0,0,0,0,0,1,DAC,0,1
72524071,20200723,1837,MAYO,098 US-23-10,US0023,N,25.707,0,0,2,2,N,N,55,37.49553,-82.53142,1,3,4,6,1,5,6,2,7,3,N,55,2020,O,098-US-0023  -000,25.707,0,0,0,0,0,0,1,0,0,0,0,0,0,1,Non-DAC,0,1
72576501,20201213,2045,TOWN MOUNTAIN,098 KY-1426,KY1426,N,6.852,0,0,1,1,N,N,45,37.48552,-82.51006,9,3,2,6,1,1,2,6,1,3,N,38,2020,O,098-KY-1426  -000,6.852,0,0,1,0,0,0,0,0,0,0,0,0,0,1,Non-DAC,0,1
72307063,20190124,1215,US460,,,N,0.238,0,0,2,2,N,N,35,37.43914,-82.50961,1,3,4,6,1,5,6,2,7,3,N,10,2019,O,098-US-0460  -000,0.238,0,0,0,0,0,0,1,0,0,0,1,0,0,1,Non-DAC,1,0