MasterFile,CollisionDate,CollisionTime,RoadwayName,RSEUniqueGIS,RoadwayIdentifier,ParkingLotIndicator,Milepoint,NumberInjured,NumberKilled,ofUnits,ofMotorVehicleUnits,Hit&RunIndicator,OneWayIndicator,SpeedLimitNumber,Latitude,Longitude,MannerofCollisionCode,LocationFirstEventCode,TotalLanes,RoadwayCharacterCode,RoadwaySurfaceCode,RoadwayConditionCode,WeatherCode,LightConditionCode,LandUseCode,SchoolBusRelatedCode,FirstAidSceneIndicator,DirectionalAnalysis,YR,KABCO,KTC_RT,KTC_MP,Motorcyclist,Commercial Vehicle,Young Driver,Mature Driver,Pedestrian,Bicyclist,Distracted,Aggressive,Impaired,Unrestrained,Intersection,Roadway Departure,Median Cross-over,CityCrash,DACid,Intersection Crash,Segment Crash
72590572,20210201,755,BYPASS,098 KY-1460,KY1460,N,5.192,0,0,2,2,N,N,45,37.48427,-82.51471,1,97,2,6,1,5,9,2,1,3,N,55,2021,O,098-KY-1460  -000,5.192,0,0,1,0,0,0,1,0,0,0,0,0,0,1,DAC,0,1
72438207,20191113,1300,THOMPSON,098 CS-1215,CS1215,N,0.388,0,0,2,2,N,N,35,37.50648,-82.54529,1,2,2,6,1,1,2,2,1,3,N,55,2019,O,098-CS-1215  -000,0.388,0,0,0,1,0,0,1,1,0,0,0,0,0,1,Non-DAC,1,0
72364392,20190603,948,BYPASS,,,N,6.44,0,0,2,2,N,N,35,37.48087,-82.51441,5,3,2,6,1,1,2,2,1,3,N,49,2019,O,098-KY-1426  -000,6.44,0,0,0,0,0,0,0,0,0,0,0,0,0,1,DAC,0,1
72414936,20191002,1017,HAMBLEY,098 CS-1222,CS1222,N,0.567,0,0,2,2,N,N,25,37.47926,-82.51977,1,7,2,6,1,1,2,2,1,3,N,47,2019,O,098-CS-1222  -000,0.567,0,0,1,0,0,0,0,0,0,0,0,0,0,1,DAC,1,0
72415354,20191001,1233,BYPASS,098 KY-1426,KY1426,N,5.639,1,0,2,2,N,N,55,37.47261,-82.52362,1,3,2,6,1,1,2,2,1,3,Y,55,2019,C,098-KY-1426  -000,5.639,0,0,0,1,0,0,1,0,0,0,0,0,0,1,DAC,1,0
72435425,20191106,1115,BAIRD,098 KY-1426,KY1426,N,5.389,1,0,2,2,N,N,55,37.47334,-82.52718,1,3,2,5,1,1,2,2,1,3,N,55,2019,C,098-KY-1426  -000,5.389,0,0,0,0,0,0,1,1,0,0,0,0,0,1,DAC,1,0
72686339,20211022,1143,HAMBLEY,098 CS-1222,CS1222,N,0.029,0,0,2,2,N,N,35,37.47417,-82.52684,1,3,3,6,1,1,2,2,7,3,N,55,2021,O,098-CS-1222  -000,0.029,0,0,0,0,0,0,1,0,0,0,0,0,0,1,DAC,1,0
72632443,20210604,1738,KY3496,,,N,0.931,0,0,2,2,N,N,35,37.47223,-82.52709,1,3,2,6,2,1,2,2,1,3,N,55,2021,O,098-KY-3496  -000,0.931,0,0,0,0,0,0,1,1,0,0,0,0,0,1,DAC,1,0
72503359,20200520,1140,THOMPSON,098 CS-1215,CS1215,N,0.673,0,0,2,2,N,N,35,37.50518,-82.54089,8,3,2,6,1,1,3,2,7,3,N,53,2020,O,098-CS-1215  -000,0.673,0,0,1,1,0,0,1,0,0,0,0,1,0,1,Non-DAC,0,1
72318385,20190215,2100,US23,,,N,,0,0,2,2,Y,N,55,37.50312,-82.53208,5,3,4,6,1,1,3,5,1,3,N,49,2019,O,098-US-0023  -000,26.245,0,0,0,0,0,0,0,0,0,0,0,0,0,1,Non-DAC,1,0
72447586,20191206,1644,US23,,,N,27.378,0,0,2,2,N,N,55,37.51096,-82.54877,5,3,4,6,1,1,2,2,1,3,N,35,2019,O,098-US-0023  -000,27.378,0,1,0,0,0,0,1,0,0,0,1,0,0,1,Non-DAC,1,0
72357716,20190511,1324,US23,098 US-23,US0023,N,29.474,0,0,2,2,N,N,45,37.52966,-82.57579,5,3,6,6,1,5,3,2,7,3,N,49,2019,O,098-US-0023  -000,29.474,0,0,1,0,0,0,1,0,0,0,0,0,0,1,Non-DAC,1,0
72468756,20200123,1930,SUMMIT,098 CS-1064,CS1064,N,0.115,0,0,1,1,N,N,15,37.4763,-82.51591,9,3,2,4,1,1,2,5,7,3,N,70,2020,O,098-CS-1064  -000,0.115,0,0,1,0,0,0,0,0,0,0,0,0,0,1,Non-DAC,0,1
72342714,20190422,214,US23,098 US-23,US0023,N,20.725,0,0,1,1,N,N,55,37.44287,-82.52146,9,3,4,3,1,1,2,5,7,3,N,38,2019,O,098-US-0023  -000,20.725,0,0,0,0,0,0,0,0,0,0,0,0,0,1,Non-DAC,0,1
72590550,20210202,1154,WOODLAND HILL,098 CS-1223,CS1223,N,,0,0,1,1,N,N,5,37.46904,-82.49283,9,4,1,4,1,4,3,2,6,3,N,44,2021,O,098-CS-1223  -000,2.006,0,0,0,0,0,0,0,0,0,0,0,1,0,1,Non-DAC,0,1
72761804,20220513,745,COLLEGE,098 CS-1152,CS1152,N,0.25,0,0,2,2,N,N,15,37.47481,-82.52515,7,3,1,1,1,1,2,2,6,3,N,54,2022,O,098-CS-1152  -000,0.25,0,0,0,0,0,0,1,0,0,0,0,1,0,1,DAC,0,1
72749161,20220410,1909,US23 SOUTH,,,N,,0,0,2,2,N,Y,55,37.47297,-82.53516,8,3,1,3,1,1,2,2,1,3,N,53,2022,O,098-US-0023  -131,0.155,0,0,0,0,0,0,0,0,0,0,0,1,0,1,DAC,0,1
72831878,20221116,2110,CASSIDY,098 CS-1191,CS1191,N,0.007,0,0,2,2,N,N,55,37.50375,-82.53227,3,3,4,6,1,1,2,5,7,3,N,52,2022,O,098-CS-1191  -000,0.007,0,0,1,0,0,0,1,1,0,0,1,0,0,1,Non-DAC,1,0
72847708,20221227,1028,KY1426,098 KY-1426,KY1426,N,6.917,0,0,2,2,N,N,55,37.48624,-82.50922,1,3,2,6,1,1,2,2,7,3,N,55,2022,O,098-KY-1426  -000,6.917,0,0,0,1,0,0,1,1,0,0,0,0,0,1,Non-DAC,1,0
72420447,20191014,806,KY3495,098 KY-3495,KY3495,N,,0,0,2,2,N,N,35,37.4864,-82.5429,1,3,2,1,1,1,2,2,1,3,N,55,2019,O,098-KY-3495  -000,0,0,0,1,0,0,0,1,1,0,0,0,0,0,1,Non-DAC,1,0
72430242,20191031,924,SOUTH MAYO,,,N,,0,0,2,2,N,N,55,37.46547,-82.52594,5,3,4,6,1,5,6,2,1,3,N,49,2019,O,098-US-0023  -000,22.94,0,0,1,0,0,0,1,0,0,0,0,0,0,1,DAC,1,0
72794716,20220810,1655,US23,098 US-23-10,US0023,N,21.321,0,0,4,4,N,N,55,37.44946,-82.52471,3,3,4,6,1,1,3,2,1,3,Y,47,2022,O,098-US-0023  -000,21.321,0,0,0,0,0,0,0,0,0,0,0,1,0,1,Non-DAC,0,1
72757442,20220503,1612,US23,,,N,27.312,0,0,2,2,N,N,55,37.51067,-82.54749,5,3,4,6,1,1,2,2,2,3,N,70,2022,O,098-US-0023  -000,27.312,0,0,0,0,0,0,1,0,0,0,0,0,0,1,Non-DAC,0,1
72367904,20190617,1034,CASSIDY,098 CS-1191,CS1191,N,0.282,0,0,2,2,N,N,25,37.50479,-82.53646,8,3,3,6,1,1,3,2,1,3,N,53,2019,O,098-CS-1191  -000,0.282,0,0,0,0,0,0,1,0,0,0,0,1,0,1,Non-DAC,0,1
72745056,20220322,2119,MAYO,,,N,22.782,0,0,2,2,N,N,55,37.46509,-82.52325,8,3,4,6,1,1,2,6,7,3,N,53,2022,O,098-US-0023  -000,22.782,0,0,0,1,0,0,1,0,0,0,0,1,0,1,Non-DAC,0,1
72530957,20200811,1436,US23,,,N,26.301,2,0,3,3,N,N,55,37.50391,-82.53238,5,3,4,6,1,1,2,2,7,3,Y,70,2020,B,098-US-0023  -000,26.301,1,0,0,0,0,0,1,0,0,0,0,0,0,1,Non-DAC,1,0
72681116,20211010,1337,HAMBLEY,098 CS-1222,CS1222,N,0.151,0,0,2,2,N,N,25,37.47484,-82.52477,7,7,3,6,1,1,2,2,6,3,N,47,2021,O,098-CS-1222  -000,0.151,0,0,0,0,0,0,0,0,1,0,0,0,0,1,DAC,0,1
72759628,20220509,1642,US23,098 US-23,US0023,N,26.013,0,0,2,2,N,N,55,37.49982,-82.53152,5,3,4,6,1,1,2,2,7,3,N,49,2022,O,098-US-0023  -000,26.013,0,0,0,0,0,0,1,0,0,0,0,0,0,1,Non-DAC,0,1
72687351,20211025,1239,US23,098 US-23,US0023,N,23.054,0,0,3,3,N,N,55,37.46593,-82.52791,5,3,4,6,1,5,6,2,1,3,N,49,2021,O,098-US-0023  -000,23.054,0,0,1,0,0,0,1,0,0,0,0,0,0,1,DAC,1,0
72331917,20190320,1316,HIBBARD,098 CS-1053,CS1053,N,0.171,0,0,2,2,N,N,15,37.47462,-82.52483,2,3,2,6,1,1,2,2,1,3,N,47,2019,O,098-CS-1053  -000,0.171,0,0,0,0,0,0,1,0,0,0,0,0,0,1,DAC,1,0
72788045,20220729,1245,US23,098 US-23,US0023,N,20.499,0,0,2,2,N,N,55,37.4437,-82.51862,8,3,4,6,1,1,3,2,7,3,N,53,2022,O,098-US-0023  -000,20.499,0,0,0,1,0,0,1,0,0,0,0,1,0,1,Non-DAC,0,1
72842205,20221207,1228,CASSIDY,098 CS-1191,CS1191,N,0.263,1,0,2,2,N,N,35,37.50465,-82.53615,1,3,4,3,1,5,3,2,1,3,Y,55,2022,B,098-CS-1191  -000,0.263,0,0,0,1,0,0,0,1,0,0,0,0,0,1,Non-DAC,0,1
72425288,20191018,1947,KY1426,098 KY-1426,KY1426,N,,0,0,2,2,N,N,55,37.47379,-82.52819,8,3,2,3,1,1,2,5,1,3,N,53,2019,O,098-KY-1426  -000,5.303,0,0,0,0,0,0,0,0,1,0,0,1,0,1,DAC,1,0
72326691,20190314,753,OWSLEY,,,N,6.68,0,0,1,1,N,N,35,37.47843,-82.54486,9,3,2,3,1,1,2,1,6,3,N,38,2019,O,098-KY-1384  -000,6.68,0,0,0,0,0,0,0,0,0,0,0,0,0,1,Non-DAC,0,1
72602985,20210313,2030,US23,098 US-23,US0023,N,19.342,0,0,2,2,N,N,55,37.44516,-82.50481,2,3,4,1,1,1,3,4,7,3,N,47,2021,O,098-US-0023  -000,19.342,0,0,0,0,0,0,0,0,1,0,0,0,0,1,Non-DAC,0,1
72663378,20210825,1425,HAMBLEY,098 CS-1222,CS1222,N,0.439,0,0,2,2,N,N,15,37.47772,-82.52106,8,97,1,6,2,1,2,2,3,3,N,47,2021,O,098-CS-1222  -000,0.439,0,0,1,0,0,0,0,0,0,0,0,0,0,1,DAC,0,1
72837476,20221123,637,US23,098 US-23-10,US0023,N,18.376,0,0,1,1,N,N,55,37.43425,-82.51392,9,3,4,6,1,1,2,6,7,3,N,38,2022,O,098-US-0023  -000,18.376,0,0,0,0,0,0,0,0,0,0,0,0,0,1,Non-DAC,0,1
72420729,20191007,1810,KILGORE,,,N,,0,0,2,2,N,N,25,37.47624,-82.52258,1,3,2,6,1,5,6,2,7,3,N,10,2019,O,098-CS-1105  -000,0,0,0,0,0,0,0,0,1,0,0,1,0,0,1,DAC,1,0
72612954,20210411,1343,HAMBLEY,098 CS-1222,CS1222,N,0.002,3,0,2,2,N,N,45,37.47403,-82.52726,3,3,4,6,1,1,2,2,7,3,N,52,2021,B,098-CS-1222  -000,0.002,0,0,1,0,0,0,0,1,0,0,0,1,0,1,DAC,1,0
72424974,20191023,910,SCOTT,098 CS-1116,CS1116,N,0.16,0,0,2,2,N,N,15,37.48343,-82.51784,1,3,1,6,1,1,2,2,6,3,N,55,2019,O,098-CS-1116  -000,0.16,0,0,0,0,0,0,1,0,0,0,0,0,0,1,DAC,1,0
72445910,20191204,651,US23,098 US-23,US0023,N,21.787,0,0,1,1,N,N,55,37.45507,-82.52034,9,3,4,6,1,1,2,5,7,3,N,38,2019,O,098-US-0023  -000,21.787,0,0,0,0,0,0,0,0,0,0,0,0,0,1,Non-DAC,0,1
72766145,20220519,1854,US119,098 US-119-10,US0119,N,2.697,0,0,2,2,N,N,55,37.51401,-82.48712,5,3,2,6,1,1,3,2,7,3,N,49,2022,O,098-US-0119  -000,2.697,0,0,0,0,0,0,1,0,0,0,0,0,0,1,DAC,1,0
72539646,20200906,1610,OWSLEY,,,N,6.122,0,0,2,2,N,N,35,37.47591,-82.55405,5,3,2,4,1,1,2,2,6,3,N,49,2020,O,098-KY-1384  -000,6.122,0,0,1,0,0,0,1,0,0,0,0,0,0,1,Non-DAC,0,1
72593532,20210207,1703,KY3496,098 KY-3496,KY3496,N,0.338,0,0,2,2,N,N,35,37.46793,-82.53296,7,3,2,6,1,1,3,2,7,3,N,54,2021,O,098-KY-3496  -000,0.338,0,0,0,0,0,0,1,0,0,1,0,1,0,1,DAC,0,1
72334529,20190330,1400,CEDAR HILLS,098 KY-1426,KY1426,N,2.356,0,0,2,2,N,N,5,37.45874,-82.55421,7,97,2,6,1,1,2,2,7,3,N,54,2019,O,098-KY-1426  -000,2.356,0,0,0,0,0,0,1,0,0,0,0,1,0,1,Non-DAC,0,1
72753220,20220418,1136,US23,098 US-23,US0023,N,26.282,0,0,2,2,N,N,55,37.50363,-82.53214,5,3,4,6,1,5,6,2,7,3,N,70,2022,O,098-US-0023  -000,26.282,0,0,0,0,0,0,0,0,1,0,0,0,0,1,Non-DAC,1,0
72510463,20200612,1610,POPLAR,098 CS-1178,CS1178,N,0.111,1,0,2,1,Y,N,15,37.48396,-82.52416,9,3,2,3,1,1,2,2,6,3,N,36,2020,C,098-CS-1160  -000,0.111,0,0,0,0,1,0,0,0,0,0,0,0,0,1,DAC,0,1
72533890,20200821,1255,CHLOE,,,N,4.351,1,0,2,2,N,N,35,37.4771,-82.50277,3,3,2,3,1,5,6,2,1,3,Y,52,2020,B,098-KY-1460  -000,4.351,0,0,0,0,0,0,1,0,0,0,0,1,0,1,Non-DAC,0,1
72315865,20190207,652,US23,098 US-23,US0023,N,26.287,3,0,3,3,N,N,55,37.50372,-82.53215,1,3,4,6,1,5,6,5,7,3,Y,55,2019,C,098-US-0023  -000,26.287,0,0,0,1,0,0,0,1,0,0,0,0,0,1,Non-DAC,1,0
72585900,20210115,847,BYPASS,098 KY-1426,KY1426,N,6.445,1,0,2,2,N,N,35,37.48224,-82.51395,1,3,3,6,1,5,6,2,1,3,Y,55,2021,C,098-KY-1426  -000,6.445,0,0,1,0,0,0,1,0,0,0,0,0,0,1,DAC,0,1
72407514,20190914,1022,US23,,,N,19.135,0,0,2,2,N,N,55,37.44232,-82.50577,8,3,4,6,1,1,2,2,7,3,N,53,2019,O,098-US-0023  -000,19.135,0,0,0,0,0,0,1,0,0,0,0,1,0,1,Non-DAC,0,1
72481436,20200227,1614,THOMPSON,098 CS-1215,CS1215,N,0.502,0,0,2,2,N,N,35,37.50612,-82.54359,8,3,3,6,1,1,2,2,1,3,N,53,2020,O,098-CS-1215  -000,0.502,0,0,0,1,0,0,1,0,0,0,0,1,0,1,Non-DAC,0,1
72497864,20200425,2022,US23,098 US-23,US0023,N,25.898,0,0,1,1,N,N,55,37.4982,-82.53125,9,3,4,6,1,5,6,6,7,3,N,40,2020,O,098-US-0023  -000,25.898,0,0,0,0,0,0,0,0,0,0,0,1,0,1,Non-DAC,0,1
72390316,20190731,1604,US23,098 US-23,US0023,N,31.893,1,0,2,2,N,N,55,37.53755,-82.60686,8,3,4,6,1,1,2,2,7,3,N,53,2019,C,098-US-0023  -000,31.893,0,0,0,1,0,0,1,0,0,0,0,1,0,1,Non-DAC,1,0
72665212,20210831,1249,CASSIDY,098 CS-1191,CS1191,N,0.311,0,0,2,2,N,N,15,37.50518,-82.53706,1,3,2,3,1,5,6,2,1,3,N,55,2021,O,098-CS-1191  -000,0.311,0,0,0,0,0,0,1,0,0,0,0,0,0,1,Non-DAC,0,1
72476981,20200216,1059,CHLOE,098 KY-1460,KY1460,N,4.579,0,0,2,2,N,N,35,37.4775,-82.5077,7,3,2,6,1,1,3,2,7,3,N,54,2020,O,098-KY-1460  -000,4.579,0,0,0,1,0,0,0,0,0,0,0,1,0,1,Non-DAC,1,0
72810260,20220919,1549,HAMBLEY,098 CS-1222,CS1222,N,1.711,0,0,2,2,N,N,35,37.48166,-82.53331,1,3,2,6,1,1,2,2,1,3,N,55,2022,O,098-CS-1222  -000,1.711,0,0,1,0,0,0,1,1,0,0,0,0,0,1,DAC,1,0
72764675,20220507,724,KY1426,098 KY-1426,KY1426,N,8.016,0,0,1,1,N,N,55,37.49131,-82.49161,9,3,2,2,1,5,6,2,1,3,N,44,2022,O,098-KY-1426  -000,8.016,0,0,0,0,0,0,0,0,0,0,0,1,0,1,Non-DAC,0,1
72402709,20190825,1100,ACCESS RD 1,098 CR-1426K,CR1426K,N,0.211,1,0,1,1,N,N,15,37.53828,-82.58084,9,5,2,6,1,1,2,2,7,3,Y,51,2019,C,098-CR-1426K -000,0.211,0,0,0,1,0,0,0,0,0,0,0,1,0,1,Non-DAC,1,0
72728614,20220202,1803,US119,098 US-119,US0119,N,0.124,0,0,2,2,N,N,55,37.50412,-82.52982,7,3,2,6,1,5,6,6,7,3,N,54,2022,O,098-US-0119  -000,0.124,0,0,0,0,0,0,0,0,0,0,0,1,0,1,Non-DAC,0,1
72829162,20221110,1832,CASSIDY,098 CS-1191,CS1191,N,0.05,2,0,2,2,N,N,25,37.50368,-82.53297,8,3,4,6,1,1,3,6,7,3,Y,53,2022,C,098-CS-1191  -000,0.05,0,0,0,0,0,0,0,0,0,0,0,1,0,1,Non-DAC,1,0
72746872,20220325,1927,US23,098 US-23,US0023,N,23.062,4,0,2,2,N,N,55,37.46593,-82.52807,1,3,6,6,1,1,2,2,1,3,N,10,2022,B,098-US-0023  -000,23.062,0,0,0,1,0,0,1,1,0,1,1,0,0,1,DAC,1,0
72366139,20190607,1035,KY1426,098 KY-1426,KY1426,N,9.562,0,0,2,2,N,N,55,37.51289,-82.48761,5,3,2,6,1,1,2,2,7,3,N,49,2019,O,098-KY-1426  -000,9.562,0,0,0,1,0,0,1,1,0,0,0,0,0,1,Non-DAC,0,1
72688833,20211028,1148,MAIN,098 CS-1112,CS1112,N,0.201,0,0,2,2,N,N,15,37.48028,-82.51686,8,5,2,6,1,1,2,2,1,3,N,47,2021,O,098-CS-1112  -000,0.201,0,0,0,0,0,0,0,0,0,0,0,0,0,1,DAC,1,0
72576639,20201217,1233,CEDAR HILLS,098 KY-3417,KY3417,N,0.883,0,0,3,3,N,N,35,37.47396,-82.55717,5,3,2,6,1,5,3,2,6,3,N,47,2020,O,098-KY-3417  -000,0.883,0,0,1,0,0,0,0,0,0,0,0,1,0,1,Non-DAC,1,0
72653583,20210731,2013,BYPASS,098 KY-1426,KY1426,N,6.601,0,0,2,2,N,N,35,37.48299,-82.5133,1,3,3,6,1,1,2,3,1,3,N,55,2021,O,098-KY-1426  -000,6.601,0,0,0,0,0,0,0,1,1,0,0,0,0,1,DAC,1,0
72395544,20190819,1814,CHLOE,098 KY-1460,KY1460,N,3.903,0,0,1,1,N,N,35,37.47698,-82.49506,9,6,2,3,1,1,2,2,7,3,N,44,2019,O,098-KY-1460  -000,3.903,0,0,0,0,0,0,1,0,0,0,0,1,0,1,Non-DAC,0,1
72699460,20211119,1532,KY1426,098 KY-1426,KY1426,N,7.208,0,0,2,2,N,N,35,37.48893,-82.50521,5,3,2,6,1,1,2,2,1,3,N,49,2021,O,098-KY-1426  -000,7.208,0,0,1,0,0,0,1,1,0,0,0,0,0,1,Non-DAC,0,1
72835223,20221117,1608,HAMBLEY,098 CS-1222,CS1222,N,0.002,0,0,2,2,N,N,35,37.47399,-82.52731,1,3,2,6,1,1,2,2,1,3,N,55,2022,O,098-CS-1222  -000,0.002,0,0,1,0,0,0,1,0,0,0,0,0,0,1,DAC,1,0
72423288,20191017,1654,DIVISION,098 CS-1130,CS1130,N,0.158,0,0,1,1,N,N,15,37.47915,-82.51677,9,97,1,6,1,1,2,2,5,3,N,40,2019,O,098-CS-1130  -000,0.158,0,0,0,0,0,0,0,0,0,0,0,1,0,1,DAC,0,1
72595260,20210213,1855,US23,098 US-23,US0023,N,27.463,0,0,2,2,N,N,55,37.51139,-82.55019,8,3,4,6,1,5,3,7,7,3,N,53,2021,O,098-US-0023  -000,27.463,0,0,0,0,0,0,1,0,0,0,0,1,0,1,Non-DAC,1,0
72435498,20191106,1321,US23,098 US-23,US0023,N,23.572,0,0,2,2,N,N,55,37.47097,-82.53368,1,3,4,6,1,1,2,2,7,3,N,41,2019,O,098-US-0023  -000,23.572,0,0,0,1,0,0,0,0,0,0,0,1,0,1,DAC,1,0
72606211,20210322,2353,THOMPSON,098 CS-1215,CS1215,N,0.702,0,0,1,1,N,N,35,37.50494,-82.54045,9,4,2,6,1,1,2,5,1,3,N,51,2021,O,098-CS-1215  -000,0.702,0,0,0,0,0,0,0,0,1,1,0,1,0,1,Non-DAC,0,1
72631812,20210602,1414,US23 TURN LANE,098 US-23-21,US0023,N,0.017,0,0,2,2,N,N,55,37.50358,-82.53235,5,3,4,6,1,1,2,2,7,3,N,70,2021,O,098-US-0023  -021,0.017,0,0,0,0,0,0,0,0,1,0,0,0,0,1,Non-DAC,1,0
72693092,20211106,1503,THOMPSON,098 CS-1215,CS1215,N,0.095,0,0,2,2,N,N,35,37.50944,-82.54842,5,3,2,6,1,1,2,2,1,3,N,70,2021,O,098-CS-1215  -000,0.095,0,0,0,0,0,0,1,0,0,0,0,0,0,1,Non-DAC,0,1
72447158,20191202,1400,KY3218,098 KY-3218,KY3218,N,0.291,0,0,1,1,N,N,55,37.53995,-82.5984,9,7,2,6,1,5,6,2,1,3,N,40,2019,O,098-KY-3218  -000,0.291,0,0,0,0,0,0,1,0,0,0,0,1,0,1,Non-DAC,0,1
72685547,20211019,1700,US23,098 US-23-10,US0023,N,20.64,0,0,2,2,N,N,55,37.44302,-82.51992,1,3,4,3,1,1,2,2,1,3,N,55,2021,O,098-US-0023  -000,20.64,0,0,0,0,0,0,0,0,0,0,0,0,0,1,Non-DAC,0,1
72469441,20200129,1700,MAYO,098 US-23-10,US0023,N,27.475,0,0,2,2,N,N,55,37.51127,-82.55048,5,3,6,6,1,1,3,2,8,3,N,49,2020,O,098-US-0023  -000,27.475,0,0,0,1,0,0,0,1,0,0,0,0,0,1,Non-DAC,1,0
72737996,20220306,1758,US23,098 US-23,US0023,N,26.277,0,0,2,2,N,N,55,37.50357,-82.53212,5,3,4,6,1,1,3,2,2,3,N,49,2022,O,098-US-0023  -000,26.277,0,0,0,0,0,0,1,0,0,0,0,0,0,1,Non-DAC,1,0
72738302,20220304,1421,CASSIDY,098 CS-1191,CS1191,N,0.007,4,0,2,2,N,N,55,37.50375,-82.53226,1,3,4,6,1,1,2,2,7,3,Y,40,2022,C,098-CS-1191  -000,0.007,0,0,0,0,0,0,1,0,0,0,0,1,0,1,Non-DAC,1,0
72567788,20201122,1838,US23,,,N,30.19,0,0,1,1,N,N,55,37.53932,-82.58137,9,3,4,6,1,5,6,7,1,3,N,38,2020,O,098-US-0023  -000,30.19,0,0,0,0,0,0,0,0,0,0,0,0,0,1,Non-DAC,0,1
72743997,20220318,1548,BYPASS,098 KY-1426,KY1426,N,6.472,0,0,2,2,N,N,35,37.48168,-82.51417,3,3,2,6,1,1,2,2,7,3,N,52,2022,O,098-KY-1426  -000,6.472,0,0,0,0,0,0,0,0,0,0,1,0,0,1,DAC,1,0
72567388,20201118,1710,US460,098 US-460,US0460,N,0.232,1,0,2,2,N,N,55,37.43921,-82.50954,1,3,2,6,1,1,2,5,7,3,Y,55,2020,C,098-US-0460  -000,0.232,0,0,1,0,0,0,1,0,0,0,0,0,0,1,Non-DAC,1,0
72470412,20200131,1757,US23,098 US-23,US0023,N,23.057,0,0,2,2,N,N,55,37.46585,-82.52814,1,3,4,6,1,5,3,5,1,3,N,55,2020,O,098-US-0023  -000,23.057,0,0,0,1,0,0,0,1,0,0,0,0,0,1,DAC,1,0
72348549,20190504,2051,HAMBLEY,098 CS-1222,CS1222,N,0.849,0,0,2,2,Y,N,35,37.48307,-82.51961,8,3,2,6,1,5,6,5,7,3,N,53,2019,O,098-CS-1222  -000,0.849,0,0,0,0,0,0,0,0,0,0,0,1,0,1,DAC,0,1
72523380,20200720,1715,THOMPSON,,,N,0.647,0,0,3,3,N,N,35,37.50528,-82.54118,1,3,3,6,1,1,2,2,7,3,Y,55,2020,O,098-CS-1215  -000,0.647,0,0,0,1,0,0,1,0,0,0,0,0,0,1,Non-DAC,0,1
72792921,20220809,1002,BYPASS,,,N,6.57,0,0,2,2,N,N,45,37.48259,-82.51357,5,3,4,6,1,1,2,2,7,3,N,35,2022,O,098-KY-1426  -000,6.57,0,0,0,0,0,0,1,0,0,0,1,0,0,1,DAC,1,0
72659528,20210809,1742,US23,,,N,24.814,0,0,2,2,N,N,55,37.48601,-82.54214,8,3,5,6,1,1,2,2,7,3,N,53,2021,O,098-US-0023  -000,24.814,0,0,0,0,0,0,1,0,0,0,0,1,0,1,Non-DAC,1,0
72809378,20220926,1332,CASSIDY,098 CS-1191,CS1191,N,0.225,0,0,2,2,N,N,35,37.5043,-82.53558,1,3,4,6,1,1,2,2,1,3,N,55,2022,O,098-CS-1191  -000,0.225,0,0,0,1,0,0,1,1,0,0,0,0,0,1,Non-DAC,0,1
72561520,20201101,1434,US460,,,N,0.295,0,0,2,2,N,N,45,37.43849,-82.51028,4,3,2,6,1,1,2,2,7,3,N,70,2020,O,098-US-0460  -000,0.295,0,0,1,0,0,0,1,0,0,0,0,0,0,1,Non-DAC,0,1
72758699,20220506,2230,CHLOE,098 KY-1460,KY1460,N,4.173,0,0,2,2,N,N,35,37.47629,-82.49979,7,3,2,6,1,5,6,7,7,3,N,54,2022,O,098-KY-1460  -000,4.173,0,0,1,0,0,0,0,0,0,0,0,1,0,1,Non-DAC,0,1
72336272,20190404,447,US23,,,N,22.974,1,0,2,2,N,N,55,37.46552,-82.52656,5,3,4,6,1,1,2,2,7,3,Y,70,2019,C,098-US-0023  -000,22.974,0,0,0,1,0,0,1,0,0,0,0,0,0,1,DAC,0,1
72720067,20220112,1212,CASSIDY,098 CS-1191,CS1191,N,0.242,0,0,2,2,N,N,15,37.50449,-82.53583,1,3,3,6,1,1,2,2,1,3,N,55,2022,O,098-CS-1191  -000,0.242,0,0,0,1,0,0,1,0,0,0,0,0,0,1,Non-DAC,0,1
72794819,20220810,1614,US23,,,N,25.545,0,0,2,2,N,N,45,37.49363,-82.53308,5,3,4,6,1,5,3,2,7,3,N,49,2022,O,098-US-0023  -000,25.545,0,0,0,1,0,0,1,1,0,0,0,0,0,1,Non-DAC,0,1
72825585,20221106,342,CHLOE,098 KY-1460,KY1460,N,4.775,0,0,1,1,N,N,45,37.47806,-82.51073,9,6,2,6,1,1,2,6,7,3,N,44,2022,O,098-KY-1460  -000,4.775,0,0,0,0,0,0,1,0,1,0,0,1,0,1,Non-DAC,0,1