MasterFile,CollisionDate,CollisionTime,RoadwayName,RSEUniqueGIS,RoadwayIdentifier,ParkingLotIndicator,Milepoint,NumberInjured,NumberKilled,ofUnits,ofMotorVehicleUnits,Hit&RunIndicator,OneWayIndicator,SpeedLimitNumber,Latitude,Longitude,MannerofCollisionCode,LocationFirstEventCode,TotalLanes,RoadwayCharacterCode,RoadwaySurfaceCode,RoadwayConditionCode,WeatherCode,LightConditionCode,LandUseCode,SchoolBusRelatedCode,FirstAidSceneIndicator,DirectionalAnalysis,YR,KABCO,KTC_RT,KTC_MP,Motorcyclist,Commercial Vehicle,Young Driver,Mature Driver,Pedestrian,Bicyclist,Distracted,Aggressive,Impaired,Unrestrained,Intersection,Roadway Departure,Median Cross-over,CityCrash,DACid,Intersection Crash,Segment Crash
72730606,20220213,1823,KY3496,098 KY-3496,KY3496,N,0.78,0,0,2,2,N,N,35,37.47206,-82.52989,1,3,2,6,1,1,3,3,7,3,N,55,2022,O,098-KY-3496  -000,0.78,0,0,1,0,0,0,0,1,0,0,0,0,0,1,DAC,1,0
72758020,20220504,1743,CASSIDY,098 CS-1191,CS1191,N,0.285,0,0,2,2,N,N,25,37.50499,-82.53653,8,3,3,6,1,1,2,2,1,3,N,53,2022,O,098-CS-1191  -000,0.285,0,0,0,0,0,0,0,0,0,0,0,1,0,1,Non-DAC,0,1
72343999,20190419,1305,KY3496,,,N,,0,0,2,1,Y,N,35,37.47233,-82.52676,1,3,,6,1,5,6,2,1,3,N,55,2019,O,098-KY-1426  -029,0.022,0,0,0,0,0,0,0,1,1,1,0,0,0,1,DAC,1,0
72306263,20190117,1754,US460,098 US-460,US0460,N,0.163,2,0,2,2,Y,N,55,37.43983,-82.50893,8,3,2,6,1,5,3,5,7,3,N,53,2019,C,098-US-0460  -000,0.163,0,0,0,0,0,0,0,1,1,0,0,1,0,1,Non-DAC,0,1
72574466,20201212,1515,KY3496,,,N,0.106,3,0,2,2,N,N,35,37.46598,-82.52962,1,3,2,6,1,5,6,2,1,3,N,55,2020,B,098-KY-3496  -000,0.106,0,0,0,1,0,0,1,1,0,0,0,1,0,1,DAC,0,1
72347096,20190426,1636,KY1426,,,N,7.463,0,0,2,2,N,N,45,37.49038,-82.50103,5,3,2,6,1,1,2,2,7,3,N,49,2019,O,098-KY-1426  -000,7.463,0,0,1,0,0,0,1,0,0,0,0,0,0,1,Non-DAC,1,0
72707893,20211210,1912,US460,,,N,0.26,1,0,2,2,N,N,35,37.43869,-82.51006,1,3,2,6,1,5,3,5,1,3,Y,55,2021,B,098-US-0460  -000,0.26,0,0,0,0,0,0,1,0,0,0,0,0,0,1,Non-DAC,1,0
72628665,20210523,2005,BYPASS,098 KY-1426,KY1426,N,6.547,1,0,2,1,N,N,45,37.4823,-82.51377,9,3,2,6,1,1,2,2,1,3,Y,37,2021,B,098-KY-1426  -000,6.547,0,0,0,0,0,1,0,1,0,0,0,0,0,1,DAC,0,1
72334158,20190401,1635,CASSIDY,,,N,0.343,0,0,2,2,N,N,55,37.50521,-82.53774,5,3,4,6,1,1,2,2,1,3,N,70,2019,O,098-CS-1191  -000,0.343,0,0,0,0,0,0,0,0,1,0,0,0,0,1,Non-DAC,0,1
72714942,20211217,1618,US23,098 US-23,US0023,N,21.496,4,0,3,3,Y,N,55,37.45173,-82.52335,1,3,4,6,1,1,3,2,1,3,N,55,2021,B,098-US-0023  -000,21.496,0,0,1,0,0,0,0,1,1,1,0,0,0,1,Non-DAC,0,1
72539483,20200902,1801,US23,098 US-23,US0023,N,26.28,0,0,2,2,N,N,55,37.50362,-82.53214,1,2,4,4,1,5,3,2,7,3,N,55,2020,O,098-US-0023  -000,26.28,0,0,0,0,0,0,1,0,0,0,0,0,0,1,Non-DAC,1,0
72300564,20190104,1713,US23,,,N,22.946,0,0,2,2,N,N,55,37.46538,-82.52605,5,3,4,6,1,1,2,3,1,3,N,49,2019,O,098-US-0023  -000,22.946,0,0,1,0,0,0,0,1,0,0,0,0,0,1,DAC,1,0
72378014,20190710,1430,STEEL,098 CS-1147,CS1147,N,0.001,0,0,2,2,N,N,15,37.4827,-82.53113,7,3,2,6,1,1,2,2,7,3,N,54,2019,O,098-CS-1147  -000,0.001,0,0,1,0,0,0,0,0,0,0,0,1,0,1,DAC,1,0
72703877,20211201,1454,CASSIDY,098 CS-1191,CS1191,N,,0,0,2,2,N,N,15,37.5053,-82.53633,2,97,2,6,1,1,2,2,1,3,N,56,2021,O,098-CS-1191  -000,0.281,0,0,0,1,0,0,1,0,0,0,0,0,0,1,Non-DAC,0,1
72778539,20220701,1220,MAYO TRAIL,,,N,,0,0,2,2,N,N,45,37.53157,-82.5771,5,3,6,6,1,1,2,2,7,3,N,70,2022,O,098-US-0023  -000,29.585,0,0,1,0,0,0,0,0,0,0,0,0,0,1,Non-DAC,1,0
72419663,20191009,1705,BYPASS,098 KY-1426,KY1426,N,5.517,0,0,2,2,N,N,25,37.47233,-82.52596,1,3,2,6,1,1,2,2,1,3,N,55,2019,O,098-KY-1426  -000,5.517,0,0,0,0,0,0,0,0,0,0,0,0,0,1,DAC,0,1
72505166,20200522,1230,US23,,,N,23.061,3,0,2,2,N,N,55,37.46582,-82.52809,3,3,5,6,1,5,6,2,7,3,Y,52,2020,B,098-US-0023  -000,23.061,0,0,0,0,0,0,1,1,0,0,1,0,0,1,DAC,1,0
72533075,20200812,1540,OWSLEY,098 KY-1384,KY1384,N,7.378,0,0,2,2,N,N,45,37.48167,-82.53328,1,3,4,6,1,1,2,2,6,3,N,55,2020,O,098-KY-1384  -000,7.378,0,0,0,1,0,0,1,1,0,0,0,0,0,1,DAC,1,0
72339461,20190403,1053,KY3495,098 KY-3495,KY3495,N,0.309,1,0,2,1,N,N,45,37.48964,-82.53897,9,3,2,6,1,1,2,2,7,3,Y,37,2019,C,098-KY-3495  -000,0.309,0,0,0,0,0,1,1,0,0,0,0,0,0,1,Non-DAC,0,1
72511113,20200609,843,BYPASS,098 KY-1426,KY1426,N,5.656,0,0,2,2,N,N,35,37.47263,-82.52345,5,3,2,6,1,1,2,2,7,3,N,49,2020,O,098-KY-1426  -000,5.656,0,0,0,1,0,0,0,0,0,0,0,0,0,1,DAC,1,0
72370610,20190623,1750,US23,,,N,25.735,0,0,2,2,N,N,55,37.49587,-82.53106,7,3,4,3,1,1,2,2,7,3,N,17,2019,O,098-US-0023  -000,25.735,0,0,0,1,0,0,1,1,0,0,1,0,0,1,Non-DAC,1,0
72824354,20221026,800,BYPASS,098 KY-1426,KY1426,N,5.633,3,0,2,2,N,N,25,37.47262,-82.52348,5,3,3,6,1,1,2,2,7,3,Y,49,2022,C,098-KY-1426  -000,5.633,0,0,0,0,0,0,1,0,1,0,0,0,0,1,DAC,1,0
72478360,20200217,1716,MAYO,098 US-23,US0023,N,26.175,0,0,2,2,N,N,55,37.50212,-82.53194,5,3,4,6,1,1,3,2,1,3,N,70,2020,O,098-US-0023  -000,26.175,0,0,0,0,0,0,1,0,0,0,0,0,0,1,Non-DAC,0,1
72329459,20190306,1000,RIVER,098 CS-1054,CS1054,N,0.06,0,0,2,2,Y,N,15,37.47197,-82.52193,2,7,2,6,1,1,2,2,1,3,N,47,2019,O,098-CS-1054  -000,0.06,0,0,0,0,0,0,1,0,0,0,0,0,0,1,DAC,0,1
72612742,20210407,532,US23,098 US-23-10,US0023,N,31.18,0,0,1,1,N,N,55,37.53755,-82.59462,9,3,4,3,1,1,2,6,1,3,N,40,2021,O,098-US-0023  -000,31.18,0,0,0,0,0,0,0,0,0,0,0,1,0,1,Non-DAC,0,1
72695772,20211112,1232,US23,098 US-23-10,US0023,N,,0,0,2,2,N,N,55,37.5336,-82.57809,8,3,4,6,1,1,2,2,7,3,N,53,2021,O,098-US-0023  -000,29.754,0,0,0,0,0,0,1,0,0,0,0,1,0,1,Non-DAC,0,1
72843714,20221218,400,US23,098 US-23,US0023,N,19.668,0,0,1,1,N,N,55,37.44937,-82.50663,9,3,4,3,1,1,3,6,3,3,N,40,2022,O,098-US-0023  -000,19.668,0,0,0,0,0,0,0,0,0,0,0,1,0,1,Non-DAC,0,1
72573380,20201209,1608,MAYO,098 US-23-10,US0023,N,22.296,0,0,2,2,N,N,55,37.46141,-82.51699,8,3,4,6,1,1,3,2,7,3,N,53,2020,O,098-US-0023  -000,22.296,0,0,0,0,0,0,1,0,0,0,0,1,0,1,Non-DAC,1,0
72394486,20190817,1114,CASSIDY,098 CS-1191,CS1191,N,,0,0,2,2,N,N,25,37.5041,-82.5353,8,3,4,6,1,1,2,2,1,3,N,53,2019,O,098-CS-1191  -000,0.186,0,0,0,1,0,0,0,0,0,0,0,1,0,1,Non-DAC,0,1
72561461,20201105,930,MAYO,098 US-23-10,US0023,N,29.603,0,0,2,2,N,N,55,37.53154,-82.57711,5,3,5,6,1,1,2,2,1,3,N,70,2020,O,098-US-0023  -000,29.603,0,0,0,1,0,0,0,1,0,0,0,0,0,1,Non-DAC,1,0
72554451,20200925,2105,US23,,,N,31.651,0,0,1,1,N,N,55,37.537,-82.6025,9,3,4,6,1,1,2,6,7,1,N,38,2020,O,098-US-0023  -000,31.651,0,0,0,1,0,0,1,0,0,0,0,0,0,1,Non-DAC,0,1
72579582,20201223,2232,BYPASS,098 KY-1426,KY1426,N,6.027,1,0,1,1,N,N,55,37.47586,-82.51809,9,4,2,6,1,1,3,6,7,3,N,44,2020,C,098-KY-1426  -000,6.027,0,0,0,0,0,0,0,0,0,1,0,1,0,1,DAC,0,1
72378833,20190712,1855,MAYO,098 KY-3495,KY3495,N,0.605,0,0,2,2,N,N,55,37.49247,-82.53481,5,3,2,6,1,1,2,2,7,3,N,49,2019,O,098-KY-3495  -000,0.605,0,0,1,0,0,0,1,0,0,0,0,0,0,1,Non-DAC,0,1
72815475,20221008,1703,CEDAR HILLS,098 KY-1426,KY1426,N,4.699,1,0,1,1,N,N,55,37.46271,-82.52608,9,3,2,6,1,1,2,2,7,3,N,70,2022,B,098-KY-1426  -000,4.699,0,0,0,1,0,0,0,0,0,0,0,1,0,1,Non-DAC,0,1
72642305,20210629,1620,HUFFMAN,098 CS-1123,CS1123,N,0.019,0,0,2,2,N,N,25,37.47704,-82.51736,5,3,2,6,1,1,2,2,1,3,N,49,2021,O,098-CS-1123  -000,0.019,0,0,0,0,0,0,1,0,0,0,0,0,0,1,DAC,1,0
72622790,20210509,1020,OWSLEY,098 KY-1384,KY1384,N,7.187,0,0,2,2,N,N,45,37.4805,-82.53633,4,3,4,6,1,1,2,2,7,3,N,70,2021,O,098-KY-1384  -000,7.187,0,0,0,1,0,0,0,1,0,0,0,0,0,1,DAC,0,1
72459458,20200103,1550,2ND,098 CS-1117,CS1117,N,0.276,0,0,2,2,N,N,15,37.48011,-82.51826,8,3,1,6,1,5,6,2,1,3,N,47,2020,O,098-CS-1117  -000,0.276,0,0,0,0,0,0,1,0,0,0,0,0,0,1,DAC,1,0
72525786,20200728,1554,CASSIDY,,,N,,0,0,2,2,N,Y,15,37.50654,-82.53915,2,97,1,4,1,1,2,2,7,3,N,56,2020,O,098-CS-1191  -000,0.366,0,0,0,1,0,0,1,0,0,0,0,0,0,1,Non-DAC,0,1
72835224,20221122,1643,US23 TURN LANE,098 US-23-20,US0023,N,0.008,0,0,2,2,N,N,55,37.50395,-82.53219,5,3,4,6,1,1,2,2,1,3,N,70,2022,O,098-US-0023  -020,0.008,0,0,1,0,0,0,0,0,0,0,0,0,0,1,Non-DAC,1,0
72515043,20200617,1400,US23,,,N,20.596,0,0,2,2,N,N,55,37.4433,-82.51921,8,3,4,3,1,1,2,2,7,3,N,53,2020,O,098-US-0023  -000,20.596,0,0,0,0,0,0,1,0,0,0,0,1,0,1,Non-DAC,0,1
72488491,20200316,1916,HAMBLEY,,,N,0.421,0,0,2,2,N,N,25,37.47751,-82.52125,5,3,2,6,1,5,6,3,1,3,N,49,2020,O,098-CS-1222  -000,0.421,0,0,0,0,0,0,1,0,0,0,0,0,0,1,DAC,0,1
72488518,20200311,2003,SOUTH BYPASS ROAD,,,N,,1,0,2,2,N,N,35,37.47228,-82.52685,4,3,2,6,1,1,2,5,1,3,Y,16,2020,C,098-KY-1426  -000,5.464,0,0,0,0,0,0,0,1,0,0,1,0,0,1,DAC,1,0
72432661,20191104,800,US119,098 US-119-10,US0119,N,1.976,0,0,2,2,N,N,55,37.51247,-82.49979,5,3,2,1,1,1,2,2,8,3,N,49,2019,O,098-US-0119  -000,1.976,0,0,0,0,0,0,1,0,0,0,0,0,0,1,Non-DAC,0,1
72343965,20190424,1540,US119,098 US-119-10,US0119,N,1.958,0,0,2,2,N,Y,55,37.51255,-82.50009,5,5,4,5,1,1,2,2,2,2,N,70,2019,O,098-US-0119  -000,1.958,0,0,1,0,0,0,0,0,0,0,0,0,0,1,Non-DAC,0,1
72813067,20221004,1520,US23,098 US-23-10,US0023,N,26.221,0,0,2,2,N,N,55,37.50278,-82.53223,8,3,4,6,1,1,2,2,1,3,N,53,2022,O,098-US-0023  -000,26.221,0,0,1,0,0,0,0,0,0,0,0,1,0,1,Non-DAC,0,1
72552293,20201013,1505,US23,098 US-23-10,US0023,N,26.259,0,0,2,2,N,N,55,37.50332,-82.53231,8,3,4,6,1,1,2,2,7,3,N,53,2020,O,098-US-0023  -000,26.259,0,0,0,0,0,0,0,0,0,0,0,1,0,1,Non-DAC,1,0
72664805,20210830,1717,KY1460,098 KY-1460,KY1460,N,6.657,0,0,2,2,N,N,45,37.48356,-82.53848,5,3,2,6,1,1,3,2,1,3,N,49,2021,O,098-KY-1460  -000,6.657,0,0,1,1,0,0,1,0,0,0,0,0,0,1,Non-DAC,1,0
72740480,20220313,2056,CEDAR HILLS,098 KY-1426,KY1426,N,4.776,0,0,2,1,N,N,35,37.46365,-82.52574,9,97,2,6,3,8,2,5,7,3,N,91,2022,O,098-KY-1426  -000,4.776,0,0,0,0,0,0,0,0,1,0,0,0,0,1,Non-DAC,1,0
72463863,20200114,616,BYPASS,098 KY-1426,KY1426,N,6.113,0,0,2,2,N,N,55,37.47696,-82.51708,8,3,2,6,1,5,6,5,1,3,N,53,2020,O,098-KY-1426  -000,6.113,0,0,0,0,0,0,1,1,0,0,0,1,0,1,DAC,1,0
72739457,20220303,2243,KY1426 TURN LANE,098 KY-1426-28,KY1426,N,0.024,0,0,2,2,N,N,55,37.47397,-82.52733,1,3,2,6,1,1,2,4,1,3,N,55,2022,O,098-KY-1426  -028,0.024,0,0,1,0,0,0,1,0,0,0,0,0,0,1,DAC,1,0
72374803,20190703,916,US23,,,N,19.847,0,0,1,1,N,N,55,37.44998,-82.50938,9,3,4,3,1,6,6,2,1,3,N,40,2019,O,098-US-0023  -000,19.847,0,0,0,0,0,0,0,1,0,0,0,1,0,1,Non-DAC,0,1
72513393,20200621,405,CASSIDY,,,N,0.16,0,0,2,2,N,N,35,37.50369,-82.53465,1,3,2,3,1,1,2,6,7,3,N,55,2020,O,098-CS-1191  -000,0.16,0,0,0,0,0,0,1,1,0,0,0,0,0,1,Non-DAC,0,1
72585130,20210107,543,US23,,,N,18.799,0,0,1,1,N,N,55,37.43892,-82.50895,9,3,4,6,1,1,2,7,7,3,N,38,2021,O,098-US-0023  -000,18.799,0,0,0,0,0,0,0,0,0,0,0,0,0,1,Non-DAC,1,0
72513564,20200620,812,CEDAR HILLS,098 KY-1426,KY1426,N,4.151,0,0,1,1,N,N,35,37.45645,-82.52987,9,3,2,6,1,1,3,2,7,3,N,38,2020,O,098-KY-1426  -000,4.151,0,0,0,0,0,0,0,0,0,0,0,0,0,1,Non-DAC,0,1
72497920,20200424,750,US23,,,N,26.285,0,0,2,2,N,N,55,37.50368,-82.53215,5,3,4,6,1,5,6,2,7,3,N,70,2020,O,098-US-0023  -000,26.285,0,0,0,0,0,0,1,0,0,0,0,0,0,1,Non-DAC,1,0
72429709,20191010,1701,MAIN,098 CS-1112,CS1112,N,0.173,1,0,1,1,N,N,15,37.47995,-82.51713,9,3,2,6,1,1,2,2,1,3,Y,39,2019,A,098-CS-1112  -000,0.173,0,0,0,0,0,0,0,0,0,1,0,0,0,1,DAC,0,1
72667758,20210907,646,MAYO,098 US-23-10,US0023,N,21.418,0,0,1,1,N,N,55,37.45075,-82.52404,9,3,4,6,1,1,2,1,1,3,N,70,2021,O,098-US-0023  -000,21.418,0,0,0,0,0,0,0,0,0,0,0,1,0,1,Non-DAC,0,1
72560284,20201103,940,BYPASS,098 KY-1426,KY1426,N,5.83,0,0,2,2,N,N,55,37.47373,-82.52059,5,3,2,6,1,1,2,2,1,3,N,49,2020,O,098-KY-1426  -000,5.83,0,0,1,0,0,0,1,0,0,0,0,0,0,1,DAC,0,1
72732839,20220214,1449,US23,098 US-23,US0023,N,31.602,0,0,2,2,N,N,55,37.53698,-82.60163,5,3,4,6,1,1,2,2,7,3,N,35,2022,O,098-US-0023  -000,31.602,0,0,1,0,0,0,1,0,0,0,1,0,0,1,Non-DAC,1,0
72353768,20190516,1832,6TH,098 CS-1135,CS1135,N,0.018,0,0,2,2,N,N,15,37.48382,-82.52016,2,3,1,6,1,1,2,2,6,3,N,56,2019,O,098-CS-1135  -000,0.018,0,0,0,1,0,0,1,0,0,0,0,0,0,1,DAC,1,0
72559715,20201027,1441,HAMBLEY,098 CS-1222,CS1222,N,0.63,0,0,4,4,N,N,35,37.48006,-82.51923,8,3,2,6,1,1,2,2,1,3,N,53,2020,O,098-CS-1222  -000,0.63,0,0,0,0,0,0,1,0,0,0,0,1,0,1,DAC,1,0
72756653,20220423,1810,BYPASS,098 KY-1460,KY1460,N,5.192,1,0,2,2,N,N,45,37.48429,-82.51468,3,3,2,3,1,1,2,2,1,3,N,47,2022,B,098-KY-1460  -000,5.192,0,0,0,1,0,0,0,0,1,0,0,0,0,1,DAC,0,1
72532151,20200814,2317,US23,098 US-23,US0023,N,20.009,0,0,2,2,N,N,55,37.44933,-82.51221,1,3,4,6,1,1,2,4,1,3,N,55,2020,O,098-US-0023  -000,20.009,0,0,0,0,0,0,1,0,0,0,0,0,0,1,Non-DAC,0,1
72724785,20220126,1711,US119,,,N,0.019,0,0,2,2,N,N,55,37.50388,-82.53168,5,3,6,6,1,1,2,3,1,3,N,49,2022,O,098-US-0119  -000,0.019,0,0,0,0,0,0,1,0,0,0,0,0,0,1,Non-DAC,1,0
72700418,20211122,1450,LYKINS,,,N,,0,0,2,2,N,N,25,37.50779,-82.54859,1,3,1,3,1,1,2,2,7,3,N,10,2021,O,098-CS-1215  -000,0.211,0,0,1,0,0,0,1,0,0,0,1,0,0,1,Non-DAC,1,0
72461158,20200104,2252,HUFFMAN,098 CS-1123,CS1123,N,0.147,0,0,2,2,N,N,25,37.47817,-82.51919,2,97,1,6,1,1,2,4,1,3,N,47,2020,O,098-CS-1123  -000,0.147,0,0,0,0,0,0,1,0,0,0,0,0,0,1,DAC,1,0
72616866,20210421,1740,BYPASS,098 KY-1426,KY1426,N,6.556,2,0,2,2,N,N,55,37.48241,-82.51368,1,3,2,6,1,1,3,2,7,3,Y,55,2021,C,098-KY-1426  -000,6.556,0,0,1,1,0,0,1,1,0,0,0,0,0,1,DAC,1,0
72501361,20200513,1252,US119 TURN LANE FROM US23 N,098 US-119-20,US0119,N,0.057,0,0,1,1,N,N,55,37.50386,-82.5312,9,5,2,3,1,5,6,2,1,3,N,40,2020,O,098-US-0119  -020,0.057,0,0,0,0,0,0,0,0,0,0,0,1,0,1,Non-DAC,1,0
72567760,20201120,1758,CASSIDY,,,N,0.203,0,0,2,2,N,Y,15,37.50406,-82.53528,1,97,4,6,1,1,2,5,1,3,N,55,2020,O,098-CS-1191  -000,0.203,0,0,1,0,0,0,1,0,0,0,0,0,0,1,Non-DAC,0,1
72711938,20211220,921,MAYO,098 US-460,US0460,N,0.372,0,0,1,1,N,N,35,37.43757,-82.51109,9,5,2,6,1,1,2,2,1,3,N,40,2021,O,098-US-0460  -000,0.372,0,0,1,0,0,0,0,0,0,0,0,1,0,1,Non-DAC,1,0
72568874,20201125,1717,MAYO,098 US-23-10,US0023,N,29.656,0,0,3,3,N,N,55,37.53225,-82.57748,5,3,4,6,1,1,3,3,7,3,N,49,2020,O,098-US-0023  -000,29.656,0,0,0,0,0,0,1,0,0,1,0,0,0,1,Non-DAC,0,1
72612360,20210410,1630,MAYO,098 US-23-10,US0023,N,22.943,0,0,2,2,N,N,55,37.46536,-82.526,5,3,4,6,1,5,6,2,7,3,N,49,2021,O,098-US-0023  -000,22.943,0,0,0,0,0,0,1,0,0,0,0,0,0,1,DAC,1,0
72797641,20220816,1422,US23,098 US-23,US0023,N,22.405,1,0,3,3,N,N,45,37.46278,-82.51767,1,3,4,6,1,1,2,2,7,3,Y,55,2022,C,098-US-0023  -000,22.405,0,1,0,1,0,0,1,0,0,0,0,0,0,1,Non-DAC,0,1
72743908,20220311,1932,JOHNSON,098 CS-1007,CS1007,N,0.025,0,0,2,2,N,N,15,37.44373,-82.525,2,97,1,6,1,1,2,4,1,3,N,56,2022,O,098-CS-1007  -000,0.025,0,0,0,0,0,0,1,0,0,0,0,0,0,1,Non-DAC,0,1
72302966,20190112,2034,US23,098 US-23,US0023,N,32.765,0,0,1,1,N,N,55,37.53226,-82.61922,9,3,4,6,1,5,6,6,7,3,N,70,2019,O,098-US-0023  -000,32.765,0,0,0,0,0,0,0,0,0,0,0,1,0,1,Non-DAC,0,1
72557789,20201027,1419,US119,098 US-119-10,US0119,N,2.511,0,0,2,2,N,N,55,37.51405,-82.49041,1,3,2,6,1,1,2,2,7,3,N,55,2020,O,098-US-0119  -000,2.511,0,0,0,0,0,0,0,0,0,0,0,0,0,1,DAC,0,1
72430991,20191101,1621,US23,,,N,26.133,0,0,2,2,N,N,55,37.50152,-82.53182,5,3,4,6,1,1,2,2,7,3,N,70,2019,O,098-US-0023  -000,26.133,0,0,0,1,0,0,1,0,0,0,0,0,0,1,Non-DAC,0,1
72446574,20191205,1258,CASSIDY,098 CS-1191,CS1191,N,0.192,0,0,2,2,Y,N,25,37.50395,-82.53512,8,3,4,3,1,1,2,2,7,3,N,53,2019,O,098-CS-1191  -000,0.192,0,0,0,0,0,0,1,0,0,0,0,1,0,1,Non-DAC,0,1
72521987,20200716,1057,US23,,,N,21.557,1,0,2,2,N,N,55,37.45255,-82.52296,5,3,4,6,1,1,2,2,7,3,N,49,2020,C,098-US-0023  -000,21.557,0,0,0,1,0,0,1,1,0,0,0,0,0,1,Non-DAC,1,0
72491437,20200323,1407,US23,,,N,26.262,0,0,2,2,N,N,55,37.50335,-82.5321,5,3,4,6,1,5,6,2,7,3,N,35,2020,O,098-US-0023  -000,26.262,0,0,0,0,0,0,1,0,0,0,1,0,0,1,Non-DAC,1,0
72555085,20201020,1032,BYPASS,098 KY-1426,KY1426,N,5.576,0,0,2,2,N,N,55,37.47253,-82.52491,8,7,2,4,1,1,2,2,1,3,N,47,2020,O,098-KY-1426  -000,5.576,0,0,0,1,0,0,0,0,0,0,0,0,0,1,DAC,0,1
72693794,20211103,1512,SCOTT,098 CS-1116,CS1116,N,0.131,0,0,2,2,N,N,25,37.48317,-82.51736,2,7,1,6,1,1,3,2,6,3,N,47,2021,O,098-CS-1116  -000,0.131,0,0,0,0,0,0,1,0,0,0,0,0,0,1,DAC,1,0
72696679,20211113,1759,LYKINS,,,N,0.24,0,0,1,1,N,N,25,37.50481,-82.54839,9,97,1,3,1,1,2,6,6,3,N,40,2021,O,098-CS-1249  -000,0.24,0,0,0,0,0,0,0,0,0,0,0,1,0,1,Non-DAC,0,1
72350102,20190504,2318,US23,098 US-23-10,US0023,N,31.741,0,0,1,1,N,N,55,37.53716,-82.60412,9,5,4,6,1,5,6,4,1,3,N,44,2019,O,098-US-0023  -000,31.741,0,0,0,0,0,0,0,0,0,0,0,1,0,1,Non-DAC,0,1
72792327,20220802,1313,ELM,098 CS-1169,CS1169,N,0.079,1,0,1,1,N,N,15,37.478,-82.52245,9,5,2,1,1,1,2,2,1,3,Y,40,2022,C,098-CS-1169  -000,0.079,0,0,0,1,0,0,0,0,0,0,0,1,0,1,DAC,0,1
72747527,20220325,2214,HAMBLEY,098 CS-1222,CS1222,N,0.806,1,0,2,1,Y,N,25,37.48262,-82.51925,9,3,2,6,1,1,2,4,1,3,Y,36,2022,C,098-CS-1222  -000,0.806,0,0,0,0,1,0,0,0,0,0,0,0,0,1,DAC,1,0
72446380,20191204,1330,JUSTICE WAY,098 CS-1216,CS1216,N,,0,0,2,2,N,N,15,37.50768,-82.54372,2,97,2,6,1,1,2,2,1,3,N,56,2019,O,098-CS-1216  -000,0.039,0,0,0,0,0,0,1,0,0,0,0,0,0,1,Non-DAC,0,1
72301767,20190107,1105,MAYO,098 US-23,US0023,N,26.235,1,0,2,2,N,N,55,37.50297,-82.53206,5,3,4,6,1,1,2,2,7,3,N,70,2019,B,098-US-0023  -000,26.235,0,0,0,0,0,0,1,1,0,0,0,0,0,1,Non-DAC,1,0
72454085,20191220,1237,KY3496 TURN LANE,,,N,0.019,0,0,2,2,N,N,35,37.46569,-82.52823,5,3,2,3,1,1,2,2,1,3,N,49,2019,O,098-KY-3496  -020,0.019,0,0,0,0,0,0,1,0,0,0,0,0,0,1,DAC,1,0
72458891,20191223,1510,US23,098 US-23,US0023,N,25.981,0,0,2,2,N,N,55,37.49936,-82.53155,5,3,4,6,1,1,2,2,1,3,N,70,2019,O,098-US-0023  -000,25.981,0,0,1,0,0,0,1,0,0,0,0,0,0,1,Non-DAC,0,1
72588354,20210126,352,US23,,,N,,0,0,1,1,N,N,55,37.48595,-82.54218,9,3,4,3,1,5,3,5,7,3,N,38,2021,O,098-US-0023  -000,24.809,0,0,0,0,0,0,0,0,0,0,0,0,0,1,Non-DAC,1,0
72753788,20220420,2206,US119,098 US-119,US0119,N,0.172,3,0,2,2,N,Y,55,37.50435,-82.5291,8,3,2,5,1,1,2,6,7,3,Y,47,2022,C,098-US-0119  -000,0.172,0,0,1,0,0,0,0,0,1,1,0,0,0,1,Non-DAC,0,1
72446381,20191204,1645,DIVISION,098 CS-1130,CS1130,N,0.176,0,0,2,2,N,N,15,37.47895,-82.51652,2,97,1,6,2,1,2,2,5,3,N,47,2019,O,098-CS-1130  -000,0.176,0,0,0,0,0,0,1,0,0,0,0,0,0,1,DAC,0,1
72411255,20190924,800,HAMBLEY,098 CS-1222,CS1222,N,0.947,0,0,1,1,N,N,35,37.48401,-82.52097,9,5,2,6,1,1,2,2,1,3,N,40,2019,O,098-CS-1222  -000,0.947,0,0,0,0,0,0,0,0,0,0,0,1,0,1,DAC,1,0
72717228,20220105,1550,OWSLEY,098 KY-1384,KY1384,N,6.852,0,0,2,2,N,N,45,37.48,-82.54198,1,3,4,6,1,1,2,2,1,3,N,55,2022,O,098-KY-1384  -000,6.852,0,0,1,0,0,0,1,0,0,0,0,0,0,1,DAC,1,0