MasterFile,CollisionDate,CollisionTime,RoadwayName,RSEUniqueGIS,RoadwayIdentifier,ParkingLotIndicator,Milepoint,NumberInjured,NumberKilled,ofUnits,ofMotorVehicleUnits,Hit&RunIndicator,OneWayIndicator,SpeedLimitNumber,Latitude,Longitude,MannerofCollisionCode,LocationFirstEventCode,TotalLanes,RoadwayCharacterCode,RoadwaySurfaceCode,RoadwayConditionCode,WeatherCode,LightConditionCode,LandUseCode,SchoolBusRelatedCode,FirstAidSceneIndicator,DirectionalAnalysis,YR,KABCO,KTC_RT,KTC_MP,Motorcyclist,Commercial Vehicle,Young Driver,Mature Driver,Pedestrian,Bicyclist,Distracted,Aggressive,Impaired,Unrestrained,Intersection,Roadway Departure,Median Cross-over,CityCrash,DACid,Intersection Crash,Segment Crash
72785390,20220718,1040,CASSIDY,098 CS-1191,CS1191,N,0.268,0,0,2,2,N,N,25,37.50471,-82.53622,8,3,5,6,1,5,6,2,1,3,N,53,2022,O,098-CS-1191  -000,0.268,0,0,0,1,0,0,1,1,0,0,0,1,0,1,Non-DAC,0,1
72579929,20201230,538,US23,098 US-23,US0023,N,25.06,0,0,1,1,N,N,55,37.48887,-82.53952,9,3,4,6,1,1,2,6,1,3,N,38,2020,O,098-US-0023  -000,25.06,0,0,0,0,0,0,0,0,0,0,0,0,0,1,Non-DAC,0,1
72497449,20200423,1245,MAYO,098 US-23-10,US0023,N,29.605,0,0,2,2,N,N,55,37.53157,-82.57713,1,3,5,6,1,1,2,2,1,3,N,55,2020,O,098-US-0023  -000,29.605,0,0,0,0,0,0,1,1,0,0,0,0,0,1,Non-DAC,1,0
72479767,20200218,1856,MAYO,098 US-23-10,US0023,N,26.251,0,0,2,2,N,N,55,37.50321,-82.5323,5,3,4,6,1,5,6,5,1,3,N,49,2020,O,098-US-0023  -000,26.251,0,0,0,1,0,0,1,0,0,0,0,0,0,1,Non-DAC,1,0
72310814,20190131,1743,POPLAR,,,N,0.168,1,0,1,1,N,N,15,37.4809,-82.52219,9,5,1,4,1,1,2,2,6,3,Y,4,2019,C,098-CS-1160  -000,0.168,0,0,0,0,0,0,0,0,0,0,1,0,0,1,DAC,1,0
72800903,20220829,1615,US23,098 US-23-10,US0023,N,26.504,1,0,2,2,N,N,55,37.50663,-82.53355,1,3,4,6,1,1,2,2,7,3,Y,55,2022,C,098-US-0023  -000,26.504,0,1,0,0,0,0,0,0,0,0,0,0,0,1,Non-DAC,0,1
72332933,20190329,1358,SEN KELSEY E FRIEND,098 KY-3218,KY3218,N,2.403,0,0,2,2,N,N,55,37.55476,-82.56799,5,3,2,4,1,1,3,2,7,3,N,49,2019,O,098-KY-3218  -000,2.403,0,0,0,0,0,0,1,0,0,1,0,1,0,1,Non-DAC,0,1
72596033,20210219,1047,BYPASS,098 KY-1426,KY1426,N,5.674,0,0,2,2,N,N,10,37.4727,-82.52313,3,97,2,6,1,1,9,2,1,3,N,47,2021,O,098-KY-1426  -000,5.674,0,0,0,1,0,0,1,0,0,0,0,0,0,1,DAC,0,1
72718421,20211226,2257,HAROLDS BRANCH,098 CS-1223,CS1223,N,0.104,0,0,1,1,N,N,35,37.47152,-82.5218,9,97,2,4,1,1,3,7,6,3,N,44,2021,O,098-CS-1223  -000,0.104,0,0,0,0,0,0,1,0,1,0,0,1,0,1,Non-DAC,0,1
72421251,20191015,1603,US23,,,N,26.252,0,0,2,2,N,N,55,37.50321,-82.53209,5,3,4,6,1,1,2,2,7,3,N,49,2019,O,098-US-0023  -000,26.252,0,0,0,0,0,0,0,0,0,0,0,0,0,1,Non-DAC,1,0
72297958,20190102,1011,KY3496,098 KY-3496,KY3496,N,0.803,0,0,2,2,N,N,35,37.47205,-82.52946,1,3,2,6,1,1,3,2,1,3,N,55,2019,O,098-KY-3496  -000,0.803,0,0,0,0,0,0,1,0,0,0,0,0,0,1,DAC,1,0
72665119,20210831,1133,KY3496,098 KY-3496,KY3496,N,0.808,0,0,2,2,N,N,35,37.47206,-82.52938,1,3,2,6,1,5,6,2,7,3,N,55,2021,O,098-KY-3496  -000,0.808,0,0,0,1,0,0,1,1,0,0,0,0,0,1,DAC,1,0
72732114,20220215,1824,RAINBOW,098 CS-1006,CS1006,N,0.022,0,0,1,1,N,N,35,37.4426,-82.5221,9,97,2,6,1,1,2,5,6,3,N,40,2022,O,098-CS-1006  -000,0.022,0,0,0,1,0,0,1,0,0,0,0,1,0,1,Non-DAC,1,0
72402316,20190903,1829,CASSIDY,098 CS-1191,CS1191,N,0.231,0,0,2,2,N,N,25,37.50436,-82.53567,4,3,5,6,1,1,2,2,1,3,N,70,2019,O,098-CS-1191  -000,0.231,0,0,0,1,0,0,1,1,0,0,0,0,0,1,Non-DAC,0,1
72308007,20190125,1700,HAROLDS BRANCH,098 CS-1223,CS1223,N,0.011,0,0,2,2,N,N,35,37.47269,-82.52261,5,3,3,6,1,1,3,2,7,3,N,70,2019,O,098-CS-1223  -000,0.011,0,0,0,0,0,0,1,0,0,0,0,0,0,1,DAC,0,1
72660732,20210819,1743,US23,,,N,27.184,0,0,1,1,N,N,55,37.51074,-82.54489,9,3,4,6,1,5,6,2,7,3,N,70,2021,O,098-US-0023  -000,27.184,0,0,0,0,0,0,0,0,0,0,0,1,0,1,Non-DAC,0,1
72838211,20221205,759,US23,098 US-23-10,US0023,N,26.314,0,0,2,2,N,N,55,37.50409,-82.5324,5,3,4,6,1,1,2,2,1,3,N,49,2022,O,098-US-0023  -000,26.314,0,0,1,1,0,0,1,0,0,0,0,0,0,1,Non-DAC,1,0
72424252,20191021,1520,BYPASS,098 KY-1426,KY1426,N,5.718,0,0,2,2,N,N,35,37.47293,-82.52238,1,3,2,6,1,1,2,2,1,3,N,55,2019,O,098-KY-1426  -000,5.718,0,0,0,0,0,0,0,0,0,0,0,0,0,1,DAC,1,0
72554027,20201017,709,KY1426,,,N,7.037,1,0,1,1,N,N,45,37.48728,-82.50755,9,4,2,5,1,1,2,3,1,3,N,44,2020,C,098-KY-1426  -000,7.037,0,0,1,0,0,0,0,0,0,0,0,1,0,1,Non-DAC,0,1
72577865,20201221,2057,US23,098 US-23,US0023,N,26.291,3,0,2,2,N,N,55,37.50377,-82.53215,1,3,4,6,1,1,2,5,7,3,N,55,2020,B,098-US-0023  -000,26.291,0,0,0,1,0,0,0,1,0,0,0,0,0,1,Non-DAC,1,0
72534631,20200821,1411,HAMBLEY,098 CS-1222,CS1222,N,1.707,0,0,2,2,N,N,35,37.48174,-82.53349,5,3,2,6,1,1,2,2,1,3,N,49,2020,O,098-CS-1222  -000,1.707,0,0,0,0,0,0,1,0,0,0,0,0,0,1,DAC,1,0
72431104,20191031,1250,US23,098 US-23,US0023,N,26.287,0,0,2,2,N,N,55,37.50372,-82.53215,5,3,4,6,1,5,6,2,7,3,N,70,2019,O,098-US-0023  -000,26.287,0,0,0,0,0,0,0,0,0,0,0,0,0,1,Non-DAC,1,0
72322787,20190301,1516,US23,,,N,26.212,0,0,2,2,N,N,55,37.50265,-82.53201,5,3,4,6,1,5,6,2,1,3,N,70,2019,O,098-US-0023  -000,26.212,0,0,0,1,0,0,0,0,0,0,0,0,0,1,Non-DAC,0,1
72635479,20210611,1444,CASSIDY,,,N,0.032,0,0,2,2,N,N,25,37.50372,-82.53272,8,3,4,6,1,1,3,2,7,3,N,53,2021,O,098-CS-1191  -000,0.032,0,0,0,0,0,0,0,1,0,0,0,1,0,1,Non-DAC,1,0
72829426,20221111,1600,US23,098 US-23,US0023,N,,1,0,1,1,N,N,55,37.54286,-82.58677,9,3,4,6,1,5,6,2,7,3,N,70,2022,C,098-US-0023  -000,30.576,0,0,0,0,0,0,0,0,0,0,0,1,0,1,Non-DAC,0,1
72777952,20220625,1506,US23,098 US-23,US0023,N,17.575,0,0,1,1,N,N,55,37.42313,-82.51685,9,3,4,1,1,5,6,2,7,3,N,44,2022,O,098-US-0023  -000,17.575,0,0,0,0,0,0,0,0,0,0,0,1,0,1,Non-DAC,0,1
72723010,20220119,1334,KY1460,098 KY-1460,KY1460,N,6.825,0,0,2,2,N,N,45,37.48395,-82.54188,5,3,2,3,1,5,6,2,7,3,N,49,2022,O,098-KY-1460  -000,6.825,0,0,1,0,0,0,0,0,0,0,0,0,0,1,Non-DAC,1,0
72628619,20210523,413,,,,N,0.359,1,0,1,1,N,N,45,37.47375,-82.53154,9,5,1,6,1,1,2,5,6,3,Y,85,2021,C,098-US-0023  -131,0.359,0,0,0,0,0,0,1,0,1,0,0,1,0,1,DAC,0,1
72461101,20200108,1917,MAYO,,,N,20.973,0,0,1,1,N,N,55,37.4446,-82.52547,9,3,4,6,1,1,2,6,1,3,N,70,2020,O,098-US-0023  -000,20.973,0,0,0,0,0,0,0,0,0,0,0,0,0,1,Non-DAC,0,1
72581205,20210102,2145,US23,,,N,25.336,0,0,1,1,N,N,55,37.49137,-82.53562,9,3,6,6,1,1,2,5,7,3,N,70,2021,O,098-US-0023  -000,25.336,0,0,0,0,0,0,0,0,0,0,0,0,0,1,Non-DAC,0,1
72369110,20190619,1205,US23,098 US-23,US0023,N,26.257,0,0,2,2,N,N,55,37.50329,-82.53209,5,3,4,6,1,5,6,2,7,3,N,70,2019,O,098-US-0023  -000,26.257,0,0,0,0,0,0,0,0,0,0,0,0,0,1,Non-DAC,1,0
72414654,20190930,1658,HAMBLEY,,,N,0.003,1,0,2,2,N,N,35,37.47398,-82.52728,4,3,4,6,1,1,2,2,1,3,Y,70,2019,B,098-CS-1222  -000,0.003,0,0,1,0,0,0,1,1,0,0,0,0,0,1,DAC,1,0
72632593,20210603,1116,US23,098 US-23,US0023,N,27.309,0,0,2,2,N,N,55,37.51066,-82.54743,5,3,4,6,1,5,6,2,6,3,N,70,2021,O,098-US-0023  -000,27.309,0,0,0,0,0,0,1,1,0,0,0,0,0,1,Non-DAC,0,1
72759565,20220420,1720,2ND,098 CS-1117,CS1117,N,0.136,0,0,1,1,N,N,15,37.48184,-82.5169,9,5,1,6,1,1,2,2,1,3,N,40,2022,O,098-CS-1117  -000,0.136,0,0,0,1,0,0,0,0,0,0,0,1,0,1,DAC,1,0
72655143,20210805,1715,,,,N,0.018,0,0,2,2,N,N,45,37.48,-82.5416,5,3,2,3,1,1,2,2,7,3,N,85,2021,O,098-US-0023  -221,0.018,0,0,0,0,0,0,1,0,0,0,0,0,0,1,DAC,1,0
72642857,20210701,2257,JULIUS,098 CS-1156,CS1156,N,0.211,0,0,2,2,N,N,15,37.47887,-82.52423,5,97,1,6,3,8,5,5,6,3,N,47,2021,O,098-CS-1156  -000,0.211,0,0,0,0,0,0,1,0,0,0,0,0,0,1,DAC,0,1
72335735,20190405,331,US23,098 US-23,US0023,N,20.75,0,0,1,1,N,N,55,37.44297,-82.5223,9,3,4,3,1,5,6,5,7,3,N,40,2019,O,098-US-0023  -000,20.75,0,0,0,0,0,0,0,0,0,0,0,1,0,1,Non-DAC,1,0
72386664,20190730,103,HAROLDS BRANCH,098 CS-1223,CS1223,N,0.092,0,0,2,2,N,N,15,37.47164,-82.52198,2,3,2,6,2,1,2,2,1,3,N,56,2019,O,098-CS-1223  -000,0.092,0,0,0,1,0,0,1,0,0,0,0,0,0,1,Non-DAC,0,1
72713169,20211220,1536,BYPASS,098 KY-1460,KY1460,N,5.171,0,0,2,2,N,N,45,37.48407,-82.51443,5,3,2,6,1,1,2,2,7,3,N,49,2021,O,098-KY-1460  -000,5.171,0,0,0,1,0,0,0,0,0,0,0,0,0,1,DAC,0,1
72591215,20210204,901,DIVISION,098 CS-1130,CS1130,N,0.051,0,0,2,2,N,N,15,37.48005,-82.51831,5,3,2,6,1,1,3,2,1,3,N,35,2021,O,098-CS-1130  -000,0.051,0,0,0,0,0,0,1,0,0,0,1,0,0,1,DAC,1,0
72499369,20200506,1952,CASSIDY,,,N,0.18,0,0,2,2,N,N,25,37.50383,-82.53496,8,3,4,3,1,1,3,2,1,3,N,53,2020,O,098-CS-1191  -000,0.18,0,0,0,0,0,0,1,1,0,0,0,1,0,1,Non-DAC,0,1
72351696,20190511,1225,CASSIDY,098 CS-1191,CS1191,N,0.296,0,0,2,2,N,N,25,37.50499,-82.53673,1,3,4,6,1,1,3,2,1,3,N,55,2019,O,098-CS-1191  -000,0.296,0,0,0,1,0,0,0,1,0,0,0,0,0,1,Non-DAC,0,1
72632907,20210605,1009,US23,,,N,26.363,0,0,2,2,N,N,55,37.50476,-82.53254,5,3,4,6,1,1,2,2,7,3,N,49,2021,O,098-US-0023  -000,26.363,0,0,0,0,0,0,1,0,0,0,0,0,0,1,Non-DAC,0,1
72778809,20220701,1313,BYPASS,098 KY-1426,KY1426,N,6.149,0,0,2,2,N,N,55,37.47725,-82.5167,5,3,2,6,1,1,3,2,7,3,N,49,2022,O,098-KY-1426  -000,6.149,0,0,0,0,0,0,1,0,0,1,0,0,0,1,DAC,1,0
72494431,20200411,616,CHLOE,,,N,3.414,0,0,1,1,N,N,45,37.47499,-82.48728,9,3,2,6,1,1,2,6,6,1,N,40,2020,O,098-KY-1460  -000,3.414,0,0,0,1,0,0,0,0,0,1,0,1,0,1,Non-DAC,0,1
72367236,20190615,1831,KY3496,098 KY-3496,KY3496,N,0.464,0,0,2,2,N,N,35,37.46961,-82.53385,5,3,2,3,1,1,2,2,7,3,N,49,2019,O,098-KY-3496  -000,0.464,0,0,1,0,0,0,0,0,0,0,0,0,0,1,DAC,0,1
72426772,20191025,2312,PIKE,,,N,0.024,0,0,2,2,N,N,15,37.47995,-82.51594,3,3,2,1,1,5,2,5,1,3,N,52,2019,O,098-CS-1113  -000,0.024,0,0,1,0,0,0,0,0,0,0,0,1,0,1,DAC,0,1
72767535,20220523,1446,US460,098 US-460,US0460,N,0.033,0,0,2,2,N,N,55,37.44152,-82.50688,7,3,2,6,1,5,6,2,1,3,N,54,2022,O,098-US-0460  -000,0.033,0,0,0,0,0,0,1,0,0,0,0,1,0,1,Non-DAC,0,1
72419870,20191010,1740,,,,N,0.275,0,0,2,2,N,N,45,37.47383,-82.53441,5,3,1,1,1,1,2,2,1,3,N,85,2019,O,098-US-0023  -121,0.275,0,0,0,0,0,0,1,1,0,0,0,0,0,1,DAC,0,1
72762661,20220423,1330,HAMBLEY,098 CS-1222,CS1222,N,0.349,1,0,2,1,N,N,25,37.47673,-82.52211,9,3,3,6,1,1,2,2,7,3,N,36,2022,C,098-CS-1222  -000,0.349,0,0,0,0,1,0,0,0,0,0,0,0,0,1,DAC,0,1
72339462,20190411,1159,KY3496,,,N,0.01,0,0,2,1,N,N,35,37.46583,-82.52814,5,3,2,6,1,1,2,2,7,3,N,35,2019,O,098-KY-3496  -000,0.01,0,0,0,0,0,0,1,1,0,0,1,0,0,1,DAC,1,0
72750359,20220413,2154,BYPASS,,,N,5.19,0,0,2,2,N,N,45,37.48427,-82.51467,7,97,2,6,1,1,2,5,1,3,N,54,2022,O,098-KY-1460  -000,5.19,0,0,1,0,0,0,1,0,0,0,0,1,0,1,DAC,0,1
72366151,20190606,1741,KY1426,098 KY-1426,KY1426,N,6.803,0,0,2,2,N,N,55,37.48506,-82.51074,1,3,2,6,1,5,6,2,1,3,N,55,2019,O,098-KY-1426  -000,6.803,0,0,0,0,0,0,1,0,0,0,0,0,0,1,Non-DAC,0,1
72560149,20201102,1455,MAYO,098 US-23-10,US0023,N,21.312,0,0,2,2,N,N,55,37.44934,-82.52478,8,3,4,6,1,1,2,2,7,3,N,53,2020,O,098-US-0023  -000,21.312,0,0,0,0,0,0,0,0,0,0,0,1,0,1,Non-DAC,0,1
72357395,20190524,1649,MAYO,098 US-23-10,US0023,N,19.077,0,0,2,2,N,N,55,37.44208,-82.50627,8,97,4,6,1,1,2,2,7,3,N,53,2019,O,098-US-0023  -000,19.077,0,0,0,1,0,0,0,0,0,0,0,1,0,1,Non-DAC,0,1
72747991,20220406,1945,KY3417,,,N,0.376,1,0,1,1,N,N,35,37.46671,-82.5582,9,3,2,1,1,5,6,6,7,3,N,70,2022,C,098-KY-3417  -000,0.376,0,0,1,0,0,0,0,1,0,0,0,1,0,1,Non-DAC,0,1
72731369,20220205,1736,CASSIDY,,,N,0.193,0,0,2,2,N,N,25,37.50395,-82.53514,1,3,4,6,1,1,2,2,7,3,N,55,2022,O,098-CS-1191  -000,0.193,0,0,0,0,0,0,0,0,0,0,0,0,0,1,Non-DAC,0,1
72755064,20220425,1434,PIKE,,,N,0.057,0,0,2,2,N,N,15,37.4802,-82.51644,2,3,2,5,1,1,2,2,1,3,N,56,2022,O,098-CS-1113  -000,0.057,0,1,0,0,0,0,0,0,0,0,0,0,0,1,DAC,0,1
72399794,20190828,1513,US23,,,N,25.841,0,0,2,2,N,N,55,37.49738,-82.53123,8,3,4,6,1,1,2,2,7,3,N,53,2019,O,098-US-0023  -000,25.841,0,0,0,1,0,0,1,0,0,0,0,1,0,1,Non-DAC,0,1
72578354,20201224,1035,US23,098 US-23,US0023,N,18.245,0,0,1,1,N,N,55,37.43246,-82.51452,9,5,4,4,1,5,6,2,1,3,N,44,2020,O,098-US-0023  -000,18.245,0,0,0,0,0,0,0,0,0,0,0,1,0,1,Non-DAC,0,1
72678556,20211003,2040,CASSIDY,098 CS-1191,CS1191,N,0.232,0,0,2,2,N,N,55,37.50437,-82.53568,7,3,1,2,1,5,6,6,1,3,N,54,2021,O,098-CS-1191  -000,0.232,0,0,0,0,0,0,0,0,0,0,0,1,0,1,Non-DAC,0,1
72536436,20200821,5,US23,098 US-23,US0023,N,29.539,0,0,1,1,N,N,45,37.53078,-82.57643,9,3,6,6,1,1,2,5,7,3,N,38,2020,O,098-US-0023  -000,29.539,0,0,0,0,0,0,0,0,0,0,0,0,0,1,Non-DAC,0,1
72438418,20191118,1615,HAMBLEY,,,N,1.355,2,0,2,2,N,N,35,37.48451,-82.52781,2,6,2,6,1,1,2,2,7,3,Y,47,2019,C,098-CS-1222  -000,1.355,0,0,0,0,0,0,1,0,0,0,0,0,0,1,DAC,0,1
72757466,20220503,2004,US23,098 US-23-10,US0023,N,23.063,0,0,2,2,N,N,55,37.46584,-82.52814,4,3,4,6,1,1,2,1,7,3,N,70,2022,O,098-US-0023  -000,23.063,0,0,0,0,0,0,1,1,0,0,0,0,0,1,DAC,1,0
72555340,20201016,1144,CASSIDY,,,N,0.351,0,0,2,2,N,N,25,37.50516,-82.53788,1,3,4,6,1,1,2,2,1,3,N,55,2020,O,098-CS-1191  -000,0.351,0,0,0,1,0,0,1,1,0,0,0,0,0,1,Non-DAC,0,1
72678020,20211001,1633,CASSIDY,098 CS-1191,CS1191,N,0.007,0,0,2,2,N,N,55,37.50375,-82.53226,5,3,4,6,1,1,2,2,1,3,N,49,2021,O,098-CS-1191  -000,0.007,0,1,0,0,0,0,1,0,0,0,0,0,0,1,Non-DAC,1,0
72419030,20191006,1822,US23,098 US-23-10,US0023,N,24.172,1,0,1,1,N,N,55,37.47736,-82.5406,9,3,4,6,1,5,6,2,7,3,Y,70,2019,C,098-US-0023  -000,24.172,0,0,0,0,0,0,0,0,0,0,0,1,0,1,DAC,1,0
72340680,20190409,1656,US23,,,N,23.05,0,0,3,3,N,N,55,37.46579,-82.5279,5,3,3,6,1,1,2,2,1,3,N,49,2019,O,098-US-0023  -000,23.05,0,0,0,0,0,0,1,0,0,0,0,0,0,1,DAC,1,0
72532828,20200818,1530,CASSIDY,,,N,0.266,0,0,2,2,N,N,25,37.5047,-82.5362,1,3,4,6,1,1,2,2,7,3,N,55,2020,O,098-CS-1191  -000,0.266,0,0,0,0,0,0,1,0,0,0,0,0,0,1,Non-DAC,0,1
72486292,20200304,740,US23,,,N,27.358,0,0,2,2,N,N,55,37.51086,-82.54839,5,3,6,6,1,1,2,2,7,1,N,49,2020,O,098-US-0023  -000,27.358,0,0,0,0,0,0,1,0,0,0,0,0,0,1,Non-DAC,1,0
72822900,20221024,1256,TOWN MOUNTAIN,,,N,,2,0,2,2,N,N,45,37.4862,-82.50911,5,3,2,6,1,1,2,2,1,3,Y,49,2022,C,098-KY-1426  -000,6.923,0,0,0,0,0,0,1,0,0,0,0,0,0,1,Non-DAC,1,0
72322234,20190301,1639,HAMBLEY,,,N,0.142,1,0,2,2,N,N,25,37.47476,-82.52489,1,3,2,6,1,5,6,2,7,3,Y,47,2019,C,098-CS-1222  -000,0.142,0,1,0,0,0,0,0,0,1,0,0,0,0,1,DAC,1,0
72705463,20211206,1238,MAYO,098 US-23-10,US0023,N,26.104,0,0,1,1,N,N,55,37.50113,-82.53197,9,6,4,6,1,5,6,2,1,3,N,40,2021,O,098-US-0023  -000,26.104,0,0,0,1,0,0,1,0,0,0,0,1,0,1,Non-DAC,0,1
72629180,20210520,1152,US23,,,N,25.737,1,0,2,2,N,N,55,37.4959,-82.53105,1,3,4,6,1,1,2,2,1,3,N,55,2021,B,098-US-0023  -000,25.737,0,0,0,1,0,0,1,0,0,0,0,0,0,1,Non-DAC,1,0
72512319,20200617,1413,US23,098 US-23,US0023,N,27.476,0,0,2,2,N,N,55,37.51145,-82.55053,5,3,6,6,1,1,2,2,7,3,N,70,2020,O,098-US-0023  -000,27.476,0,0,0,0,0,0,0,0,1,0,0,0,0,1,Non-DAC,1,0
72502477,20200518,1655,US23,,,N,26.291,0,0,2,2,N,N,55,37.50375,-82.53237,1,3,4,3,1,1,3,2,7,3,N,55,2020,O,098-US-0023  -000,26.291,0,0,0,0,0,0,1,0,0,0,0,0,0,1,Non-DAC,1,0
72808043,20220922,1149,KY3417,098 KY-3417,KY3417,N,0.198,1,0,1,1,N,N,35,37.46434,-82.55949,9,3,2,3,1,5,3,2,7,3,Y,44,2022,C,098-KY-3417  -000,0.198,0,0,0,0,0,0,0,0,0,0,0,1,0,1,Non-DAC,0,1
72616612,20210410,2245,US23,098 US-23,US0023,N,19.406,1,0,1,1,N,N,55,37.44612,-82.50465,9,5,4,6,1,5,3,5,7,3,Y,44,2021,A,098-US-0023  -000,19.406,0,0,0,0,0,0,0,0,1,0,0,1,0,1,Non-DAC,0,1
72713697,20211221,1346,US119,098 US-119-10,US0119,N,0.194,0,0,2,2,N,N,55,37.50459,-82.52872,5,7,2,6,1,1,2,2,7,3,N,47,2021,O,098-US-0119  -000,0.194,0,0,0,1,0,0,1,0,0,0,0,0,0,1,Non-DAC,0,1
72772713,20220613,1550,CHERRY,098 CS-1184,CS1184,N,0.028,0,0,1,1,N,N,10,37.48392,-82.54407,9,3,1,6,1,1,2,2,6,3,N,40,2022,O,098-CS-1184  -000,0.028,0,0,0,0,0,0,1,0,0,0,0,1,0,1,Non-DAC,0,1
72433656,20191107,2113,CASSIDY BLVD,,,N,,1,0,1,1,N,N,15,37.5071,-82.5376,9,3,2,1,1,5,6,6,1,3,Y,44,2019,C,098-CS-1191  -000,0.336,0,0,0,0,0,0,1,0,0,1,0,1,0,1,Non-DAC,0,1
72532985,20200818,1649,US23,,,N,25.715,0,0,1,1,N,N,55,37.4956,-82.53121,9,3,4,6,1,1,2,2,1,3,N,41,2020,O,098-US-0023  -000,25.715,0,0,0,0,0,0,0,0,0,0,0,1,0,1,Non-DAC,0,1
72798043,20220811,1206,US23,098 US-23,US0023,N,25.439,0,0,2,2,N,N,55,37.49249,-82.53436,5,3,4,6,1,1,2,2,7,3,N,70,2022,O,098-US-0023  -000,25.439,0,0,0,1,0,0,1,0,0,0,0,0,0,1,Non-DAC,0,1
72477167,20200216,1844,US23,098 US-23,US0023,N,22.961,0,0,2,2,N,N,55,37.46554,-82.52631,8,3,4,6,1,1,2,7,1,3,N,53,2020,O,098-US-0023  -000,22.961,0,0,1,0,0,0,0,1,0,0,0,1,0,1,DAC,0,1
72330225,20190321,500,US23/US119 INTERSECTION,,,N,,0,0,2,2,N,N,55,37.50373,-82.53223,1,3,4,6,1,5,6,2,7,3,N,55,2019,O,098-CS-1191  -000,0.004,0,0,0,0,0,0,1,0,0,0,0,0,0,1,Non-DAC,1,0
72405341,20190828,1340,KY1426,098 KY-1426,KY1426,N,6.662,1,0,2,2,N,N,45,37.48372,-82.51267,3,3,2,6,1,1,2,2,7,3,Y,52,2019,C,098-KY-1426  -000,6.662,0,0,0,0,0,0,1,0,0,0,0,1,0,1,Non-DAC,0,1
72770983,20220609,1616,BAIRD,,,N,5.394,0,0,2,2,N,N,25,37.47328,-82.52709,1,3,2,6,1,1,2,2,6,3,N,55,2022,O,098-KY-1426  -000,5.394,0,0,0,1,0,0,1,0,0,0,0,0,0,1,DAC,1,0
72776605,20220624,1610,KY3218,,,N,0.094,0,0,1,1,N,N,55,37.53814,-82.60088,9,3,2,1,1,1,2,2,7,3,N,40,2022,O,098-KY-3218  -000,0.094,0,0,0,0,0,0,0,0,0,0,0,1,0,1,Non-DAC,0,1
72673858,20210921,1357,US23 TURN LANE,098 US-23-20,US0023,N,0.008,0,0,2,2,N,N,55,37.50365,-82.53259,5,3,4,6,1,5,3,2,7,3,N,49,2021,O,098-US-0023  -020,0.008,0,0,1,0,0,0,0,0,0,0,0,0,0,1,Non-DAC,1,0
72573381,20201209,1945,MAYO,098 US-23,US0023,N,31.67,0,0,1,1,N,N,55,37.53713,-82.60283,9,3,4,6,1,1,2,7,7,3,N,38,2020,O,098-US-0023  -000,31.67,0,0,0,0,0,0,0,0,0,0,0,0,0,1,Non-DAC,0,1
72551018,20201009,1403,US23,098 US-23,US0023,N,32.023,3,0,2,2,N,N,55,37.53752,-82.60925,4,3,4,6,1,1,2,2,7,3,Y,70,2020,C,098-US-0023  -000,32.023,0,0,0,1,0,0,1,1,0,0,0,0,0,1,Non-DAC,0,1
72347095,20190419,2028,CASSIDY,,,N,0.037,0,0,2,2,Y,N,35,37.5037,-82.53278,5,3,4,6,2,1,2,3,7,3,N,49,2019,O,098-CS-1191  -000,0.037,0,0,0,0,0,0,1,0,0,0,0,0,0,1,Non-DAC,1,0
72312884,20190206,924,US23,098 US-23,US0023,N,27.394,0,0,2,2,N,N,55,37.51103,-82.54903,1,3,4,6,1,5,3,2,1,3,N,10,2019,O,098-US-0023  -000,27.394,0,0,0,1,0,0,0,1,0,0,1,0,0,1,Non-DAC,1,0
72414650,20190928,51,PHYLLIS,,,N,0.112,0,0,1,1,N,N,35,37.4868,-82.52647,9,3,1,2,1,1,2,5,6,3,N,40,2019,O,098-CS-1090  -000,0.112,0,0,1,0,0,0,1,0,0,0,0,1,0,1,DAC,0,1
72314583,20190210,134,US23,098 US-23-10,US0023,N,20.772,0,0,1,1,N,N,55,37.44285,-82.52236,9,3,4,3,1,1,2,4,7,3,N,38,2019,O,098-US-0023  -000,20.772,0,0,0,0,0,0,0,0,0,0,0,0,0,1,Non-DAC,1,0
72711788,20211129,1510,HAMBLEY,,,N,,0,0,2,2,N,N,25,37.47873,-82.52012,5,3,2,6,1,1,2,2,1,3,N,70,2021,O,098-CS-1222  -000,0.526,0,0,1,0,0,0,1,0,0,0,0,0,0,1,DAC,1,0