MasterFile,CollisionDate,CollisionTime,RoadwayName,RSEUniqueGIS,RoadwayIdentifier,ParkingLotIndicator,Milepoint,NumberInjured,NumberKilled,ofUnits,ofMotorVehicleUnits,Hit&RunIndicator,OneWayIndicator,SpeedLimitNumber,Latitude,Longitude,MannerofCollisionCode,LocationFirstEventCode,TotalLanes,RoadwayCharacterCode,RoadwaySurfaceCode,RoadwayConditionCode,WeatherCode,LightConditionCode,LandUseCode,SchoolBusRelatedCode,FirstAidSceneIndicator,DirectionalAnalysis,YR,KABCO,KTC_RT,KTC_MP,Motorcyclist,Commercial Vehicle,Young Driver,Mature Driver,Pedestrian,Bicyclist,Distracted,Aggressive,Impaired,Unrestrained,Intersection,Roadway Departure,Median Cross-over,CityCrash,DACid,Intersection Crash,Segment Crash
72845339,20221219,1241,US119,098 US-119,US0119,N,2.663,1,0,3,3,N,N,55,37.51406,-82.48768,1,3,4,6,1,1,2,2,7,3,Y,55,2022,B,098-US-0119  -000,2.663,0,0,0,1,0,0,0,1,0,0,0,0,0,1,DAC,1,0
72771669,20220606,2215,HONEYSUCKLE,098 CS-1036,CS1036,N,0.075,0,0,1,1,N,N,15,37.47501,-82.55244,9,97,1,6,1,1,2,6,6,3,N,40,2022,O,098-CS-1036  -000,0.075,0,0,0,1,0,0,1,0,0,0,0,1,0,1,Non-DAC,0,1
72789018,20220801,951,US23,098 US-23,US0023,N,23.067,0,0,1,1,N,N,55,37.46595,-82.52814,9,2,4,6,1,5,3,2,7,3,N,40,2022,O,098-US-0023  -000,23.067,0,0,0,0,0,0,0,0,0,0,0,1,0,1,DAC,1,0
72703616,20211201,2013,US460,098 US-460,US0460,N,0.151,0,0,2,2,N,N,55,37.4402,-82.50854,5,3,2,6,1,1,2,7,7,3,N,49,2021,O,098-US-0460  -000,0.151,0,0,1,0,0,0,1,0,0,0,0,0,0,1,Non-DAC,0,1
72830639,20221116,400,KY1426,098 KY-1426,KY1426,N,8.027,0,0,1,1,N,N,40,37.49157,-82.49162,9,3,2,1,1,5,6,6,1,3,N,44,2022,O,098-KY-1426  -000,8.027,0,0,0,0,0,0,0,0,0,0,0,1,0,1,Non-DAC,0,1
72509777,20200605,2037,KY3496,098 KY-3496,KY3496,N,0.453,2,0,2,2,N,N,35,37.46946,-82.5338,1,3,2,6,1,1,2,2,1,3,Y,55,2020,C,098-KY-3496  -000,0.453,0,0,1,1,0,0,0,1,0,0,0,0,0,1,DAC,0,1
72645736,20210710,915,BILL KING,098 CS-1051,CS1051,N,0.173,0,0,1,1,N,N,25,37.48782,-82.50439,9,3,1,4,1,1,2,2,6,3,N,70,2021,O,098-CS-1051  -000,0.173,0,0,0,1,0,0,0,0,0,1,0,1,0,1,Non-DAC,0,1
72585866,20210117,1141,KY3496,098 KY-3496,KY3496,N,0.206,0,0,2,2,N,N,35,37.46659,-82.53128,8,97,2,6,1,1,2,2,1,3,N,47,2021,O,098-KY-3496  -000,0.206,0,0,0,0,0,0,1,0,0,0,0,0,0,1,DAC,0,1
72345921,20190423,1726,US23,,,N,32.006,1,0,2,2,N,N,55,37.5376,-82.60894,1,3,4,6,1,1,2,2,1,3,N,55,2019,C,098-US-0023  -000,32.006,1,0,0,0,0,0,1,1,0,0,0,0,0,1,Non-DAC,0,1
72808284,20220920,1304,BAIRD,098 KY-1426,KY1426,N,5.389,0,0,2,2,N,N,15,37.47313,-82.52716,1,3,2,6,1,1,2,2,7,3,N,55,2022,O,098-KY-1426  -000,5.389,0,0,0,0,0,0,1,0,0,0,0,0,0,1,DAC,1,0
72644232,20210706,1042,BYPASS,098 KY-1426,KY1426,N,6.199,1,0,2,2,N,N,55,37.47776,-82.51617,1,3,2,6,1,1,2,2,7,3,N,55,2021,C,098-KY-1426  -000,6.199,0,0,1,1,0,0,0,1,0,0,0,1,0,1,DAC,1,0
72580725,20201230,906,US23,098 US-23-10,US0023,N,27.438,0,0,2,2,N,N,55,37.51108,-82.54984,5,3,4,6,1,1,2,2,6,3,N,49,2020,O,098-US-0023  -000,27.438,0,0,0,1,0,0,0,0,0,0,0,0,0,1,Non-DAC,0,1
72373070,20190623,1811,CEDAR HILLS,098 KY-1426,KY1426,N,4.545,0,0,1,1,N,N,35,37.46201,-82.52869,9,97,2,3,1,1,2,2,7,3,Y,44,2019,O,098-KY-1426  -000,4.545,0,0,0,0,0,0,0,0,1,1,0,1,0,1,Non-DAC,0,1
72770984,20220608,1713,US23,098 US-23,US0023,N,23.011,0,0,3,3,N,N,55,37.46575,-82.52717,5,3,4,6,1,1,2,2,2,3,N,49,2022,O,098-US-0023  -000,23.011,0,0,0,1,0,0,1,0,0,0,0,0,0,1,DAC,0,1
72672839,20210920,639,MAYO,098 US-23-10,US0023,N,22.938,0,0,2,2,N,N,55,37.46539,-82.52599,4,3,4,6,1,1,2,5,1,3,N,70,2021,O,098-US-0023  -000,22.938,0,0,0,0,0,0,1,1,0,0,0,0,0,1,DAC,1,0
72737103,20220225,1041,HAMBLEY,098 CS-1222,CS1222,N,,0,0,2,2,N,N,35,37.47402,-82.5273,4,3,2,6,1,1,2,2,1,3,N,70,2022,O,098-CS-1222  -000,0,0,0,0,0,0,0,1,0,0,0,0,0,0,1,DAC,1,0
72578745,20201224,1235,US23 SOUTH,,,N,,0,0,2,2,N,N,55,37.50338,-82.53233,1,3,6,6,1,5,3,2,1,3,N,55,2020,O,098-US-0023  -000,26.263,0,0,1,0,0,0,0,0,0,0,0,1,0,1,Non-DAC,1,0
72677644,20211001,750,US23,098 US-23-10,US0023,N,31.584,0,0,2,2,N,N,55,37.5368,-82.60133,8,3,4,6,1,1,2,2,7,3,N,53,2021,O,098-US-0023  -000,31.584,0,0,1,0,0,0,1,0,0,0,0,1,0,1,Non-DAC,1,0
72676029,20210921,526,BOB AMOS,,,N,0.832,0,0,1,1,N,N,35,37.46833,-82.54298,9,97,2,4,1,1,2,5,7,3,N,40,2021,O,098-CS-1025  -000,0.832,0,0,0,0,0,0,0,0,1,1,0,1,0,1,Non-DAC,0,1
72320011,20190221,1410,TOWN MOUNTAIN,,,N,,1,0,2,2,N,N,45,37.49033,-82.49391,5,3,2,1,1,1,2,2,7,3,Y,49,2019,B,098-KY-1426  -000,7.869,0,0,0,1,0,0,1,0,0,0,0,0,0,1,Non-DAC,1,0
72659847,20210805,1432,CHLOE,,,N,4.456,0,0,2,2,N,N,35,37.4774,-82.50468,7,3,2,3,1,1,2,2,6,3,N,54,2021,O,098-KY-1460  -000,4.456,0,0,0,0,0,0,0,0,1,0,0,1,1,1,Non-DAC,0,1
72661835,20210817,1108,CASSIDY,098 CS-1191,CS1191,N,0.046,2,0,2,2,N,N,25,37.5037,-82.53291,1,3,3,6,1,5,3,2,1,3,Y,55,2021,C,098-CS-1191  -000,0.046,0,0,1,0,0,0,1,0,0,0,0,0,0,1,Non-DAC,1,0
72329057,20190320,1206,US23,098 US-23,US0023,N,21.062,0,0,2,2,N,N,55,37.44589,-82.52592,5,3,4,3,1,1,2,2,7,3,N,49,2019,O,098-US-0023  -000,21.062,0,0,0,0,0,0,1,0,0,0,0,0,0,1,Non-DAC,0,1
72378948,20190712,929,US23,098 US-23-10,US0023,N,22.947,1,0,2,2,N,N,55,37.46539,-82.52607,1,3,4,6,1,1,2,2,1,3,N,55,2019,B,098-US-0023  -000,22.947,0,0,0,0,0,0,0,0,0,0,0,0,0,1,DAC,1,0
72736144,20220221,1743,HAMBLEY,098 CS-1222,CS1222,N,0.635,0,0,2,2,Y,N,25,37.48013,-82.5192,7,7,2,6,1,1,2,2,1,3,N,47,2022,O,098-CS-1222  -000,0.635,0,0,0,0,0,0,0,0,0,0,0,0,0,1,DAC,1,0
72372216,20190613,1547,CHLOE,,,N,3.438,0,0,2,1,Y,N,45,37.47523,-82.4876,8,3,2,6,1,1,2,2,7,1,N,53,2019,O,098-KY-1460  -000,3.438,0,0,1,0,0,0,0,0,0,0,0,1,0,1,Non-DAC,0,1
72532354,20200802,1600,BYPASS,098 KY-1426,KY1426,N,5.676,0,0,2,2,Y,N,15,37.47205,-82.52248,2,97,2,4,1,1,2,2,1,3,N,47,2020,O,098-KY-1426  -000,5.676,0,0,0,0,0,0,1,0,0,0,0,0,0,1,DAC,0,1
72832599,20221116,2122,CASSIDY,,,N,0.319,0,0,2,2,N,N,35,37.5052,-82.53722,7,3,2,3,1,1,2,5,1,3,N,54,2022,O,098-CS-1191  -000,0.319,0,0,0,0,0,0,1,0,0,0,0,1,0,1,Non-DAC,0,1
72329900,20190315,1615,CHLOE,098 KY-1460,KY1460,N,4.111,0,0,1,1,N,N,35,37.47625,-82.49866,9,3,2,3,1,1,2,2,6,3,N,70,2019,O,098-KY-1460  -000,4.111,0,0,1,0,0,0,0,0,0,0,0,1,0,1,Non-DAC,0,1
72448287,20191127,1149,MAYO,098 US-23,US0023,N,27.484,0,0,2,2,N,N,55,37.51145,-82.55057,8,3,6,6,1,1,2,2,7,3,N,53,2019,O,098-US-0023  -000,27.484,0,1,0,0,0,0,1,0,0,0,0,1,0,1,Non-DAC,1,0
72474185,20200208,2005,CASSIDY,098 CS-1191,CS1191,N,0.25,0,0,2,2,Y,N,25,37.50452,-82.53594,1,3,4,6,1,5,3,5,1,3,N,55,2020,O,098-CS-1191  -000,0.25,0,0,1,0,0,0,1,0,0,0,0,0,0,1,Non-DAC,0,1
72563501,20201108,1717,BAIRD,098 KY-1426,KY1426,N,5.401,0,0,2,2,N,N,55,37.47319,-82.52709,8,3,2,6,1,1,2,2,1,3,N,53,2020,O,098-KY-1426  -000,5.401,0,0,0,1,0,0,1,0,0,0,0,1,0,1,DAC,1,0
72641559,20210615,1509,US23,098 US-23-10,US0023,N,20.828,0,0,2,2,N,N,55,37.44313,-82.52343,5,3,4,3,1,1,2,2,7,3,N,49,2021,O,098-US-0023  -000,20.828,0,0,0,1,0,0,1,0,0,0,0,0,0,1,Non-DAC,0,1
72676936,20210929,1602,CASSIDY,098 CS-1191,CS1191,N,0.054,0,0,2,2,N,N,35,37.5037,-82.53304,1,3,4,6,1,1,2,2,7,3,N,55,2021,O,098-CS-1191  -000,0.054,0,0,0,0,0,0,1,0,0,0,0,0,0,1,Non-DAC,0,1
72738303,20220307,1734,STONE COAL CREEK,098 KY-3227,KY3227,N,0.008,0,0,2,2,N,N,55,37.51106,-82.54871,5,3,2,6,1,1,3,2,7,3,N,49,2022,O,098-KY-3227  -000,0.008,0,0,1,0,0,0,1,0,0,0,0,0,0,1,Non-DAC,1,0
72597074,20210223,826,CHLOE,,,N,4.706,0,0,1,1,N,N,35,37.47792,-82.50941,9,97,2,6,1,2,2,2,1,3,N,44,2021,O,098-KY-1460  -000,4.706,0,0,0,0,0,0,0,0,0,0,0,1,0,1,Non-DAC,0,1
72685968,20211021,742,HAMBLEY,098 CS-1222,CS1222,N,0.243,0,0,2,2,N,N,25,37.47557,-82.52339,5,3,3,6,1,1,2,2,7,3,N,49,2021,O,098-CS-1222  -000,0.243,0,0,1,0,0,0,0,0,0,0,0,0,0,1,DAC,1,0
72555656,20201018,1302,US23,,,N,,1,0,2,2,N,N,55,37.43884,-82.50917,1,3,4,6,1,1,2,2,1,3,Y,55,2020,A,098-US-0023  -071,0.007,1,0,0,1,0,0,1,1,0,0,0,0,0,1,Non-DAC,1,0
72487091,20200311,756,US23,,,N,31.568,0,0,2,2,N,N,55,37.53688,-82.601,5,3,4,6,1,1,3,1,7,3,N,49,2020,O,098-US-0023  -000,31.568,0,0,0,0,0,0,0,1,0,0,0,0,0,1,Non-DAC,0,1
72824355,20221102,1000,MYRA BARNES,098 CS-1150,CS1150,N,0.008,0,0,2,2,N,N,15,37.48426,-82.52986,2,3,1,6,1,1,2,2,6,3,N,56,2022,O,098-CS-1150  -000,0.008,0,0,0,1,0,0,0,0,0,0,0,0,0,1,DAC,0,1
72781929,20220711,1608,US119,098 US-119,US0119,N,0.485,1,0,2,2,N,N,55,37.50631,-82.52394,5,3,2,4,1,1,2,2,7,3,Y,49,2022,B,098-US-0119  -000,0.485,0,1,0,0,0,0,1,0,0,0,0,0,0,1,Non-DAC,0,1
72530884,20200809,1819,US23,098 US-23,US0023,N,27.324,0,0,2,2,N,N,55,37.51072,-82.54772,5,3,4,6,1,1,2,2,1,3,N,49,2020,O,098-US-0023  -000,27.324,0,0,1,0,0,0,0,0,0,0,0,0,0,1,Non-DAC,1,0
72735172,20220224,1649,US23,098 US-23,US0023,N,26.225,0,0,2,2,N,N,55,37.50285,-82.53218,5,3,4,6,1,5,6,2,1,3,N,49,2022,O,098-US-0023  -000,26.225,0,0,0,0,0,0,1,0,0,0,0,0,0,1,Non-DAC,1,0
72481964,20200228,1540,BYPASS,098 KY-1426,KY1426,N,6.04,0,0,2,2,N,N,45,37.47601,-82.51793,1,3,3,6,1,1,2,2,1,3,N,55,2020,O,098-KY-1426  -000,6.04,0,0,0,1,0,0,1,0,0,0,0,0,0,1,DAC,0,1
72613728,20210413,1057,US23 CONNECTOR TO US460,098 US-23-71,US0023,N,,0,0,2,2,N,N,55,37.43879,-82.50907,2,3,4,6,1,1,2,2,7,3,N,56,2021,O,098-US-0023  -071,0,0,0,0,0,0,0,1,0,0,0,0,0,0,1,Non-DAC,1,0
72697621,20211107,1629,LORAINE,,,N,,0,0,1,1,Y,N,35,37.48379,-82.53488,9,3,,6,1,1,2,2,6,3,N,40,2021,O,098-KY-1384  -000,7.536,0,0,0,0,0,0,0,0,0,0,0,1,0,1,DAC,1,0
72413863,20190920,2115,MAYO,098 US-23-10,US0023,N,26.315,0,0,2,2,N,N,55,37.50411,-82.5324,5,3,4,6,1,1,2,5,7,3,N,49,2019,O,098-US-0023  -000,26.315,0,0,0,0,0,0,1,0,0,0,0,0,0,1,Non-DAC,1,0
72724815,20220126,1157,US23 CONNECTOR TO US460,098 US-23-71,US0023,N,0.007,0,0,2,2,N,N,55,37.43884,-82.50917,1,3,4,5,1,1,2,2,7,3,N,55,2022,O,098-US-0023  -071,0.007,0,0,0,0,0,0,1,1,0,0,0,0,0,1,Non-DAC,1,0
72691064,20211028,1520,US23,098 US-23,US0023,N,27.178,0,0,2,2,N,N,55,37.51049,-82.54481,5,3,4,6,1,1,2,2,1,3,N,70,2021,O,098-US-0023  -000,27.178,0,0,0,1,0,0,1,0,0,0,0,0,0,1,Non-DAC,0,1
72367310,20190616,725,BYPASS,,,N,5.717,0,0,2,2,N,N,35,37.47293,-82.52239,1,3,2,6,1,1,2,2,1,3,N,55,2019,O,098-KY-1426  -000,5.717,0,0,0,0,0,0,0,0,0,0,0,0,0,1,DAC,1,0
72334932,20190403,1840,CASSIDY,,,N,0.158,0,0,2,2,N,N,35,37.5037,-82.53463,1,3,2,3,1,1,2,2,7,3,N,55,2019,O,098-CS-1191  -000,0.158,0,0,0,1,0,0,1,0,0,0,0,0,0,1,Non-DAC,0,1
72532149,20200816,1538,HAMBLEY,098 CS-1222,CS1222,N,1.09,0,0,2,2,N,N,35,37.48492,-82.52329,8,5,2,6,1,1,2,2,1,3,N,47,2020,O,098-CS-1222  -000,1.09,0,0,0,0,0,0,0,0,0,0,0,0,0,1,DAC,0,1
72772041,20220604,1210,US23,098 US-23-10,US0023,N,27.393,0,0,2,2,Y,N,55,37.51088,-82.54909,5,3,4,6,1,1,2,2,7,3,N,49,2022,O,098-US-0023  -000,27.393,1,0,0,1,0,0,1,0,0,0,0,1,0,1,Non-DAC,1,0
72748474,20220407,1535,US119,098 US-119-10,US0119,N,1.989,0,0,2,2,N,N,55,37.51252,-82.49989,5,3,2,1,1,1,3,2,7,3,N,49,2022,O,098-US-0119  -000,1.989,0,0,1,0,0,0,1,1,0,0,0,0,0,1,Non-DAC,0,1
72503169,20200515,1048,TOWN MOUNTAIN,,,N,8.372,0,0,2,2,N,N,55,37.49667,-82.49096,5,3,2,4,1,1,2,2,7,3,N,49,2020,O,098-KY-1426  -000,8.372,0,0,0,1,0,0,1,0,0,0,0,0,0,1,Non-DAC,0,1
72441090,20191122,1700,US23,,,N,27.403,0,0,2,2,N,N,55,37.51093,-82.54927,5,3,6,6,1,1,2,2,7,3,N,49,2019,O,098-US-0023  -000,27.403,0,0,0,0,0,0,1,0,0,0,0,0,0,1,Non-DAC,1,0
72593613,20210204,1828,US23,,,N,31.096,1,0,1,1,N,N,55,37.53857,-82.59393,9,3,4,3,1,5,3,6,7,3,Y,40,2021,B,098-US-0023  -000,31.096,0,0,0,0,0,0,1,0,0,0,0,1,0,1,Non-DAC,0,1
72385507,20190728,2048,CASSIDY,098 CS-1191,CS1191,N,0.315,0,0,2,2,N,N,25,37.50522,-82.53714,5,3,3,6,1,1,2,3,1,3,N,70,2019,O,098-CS-1191  -000,0.315,0,0,0,0,0,0,1,0,0,0,0,0,0,1,Non-DAC,0,1
72514376,20200623,951,US23,098 US-23,US0023,N,22.934,1,0,2,2,N,N,55,37.46537,-82.526,5,3,4,6,1,1,3,2,7,3,Y,70,2020,C,098-US-0023  -000,22.934,0,1,0,0,0,0,1,0,0,0,0,0,0,1,DAC,1,0
72319526,20190223,1735,CASSIDY,,,N,0.267,0,0,3,3,N,N,35,37.50471,-82.53622,1,3,2,6,1,5,6,2,1,2,N,55,2019,O,098-CS-1191  -000,0.267,0,0,1,1,0,0,0,0,0,0,0,0,0,1,Non-DAC,0,1
72334931,20190403,1651,REDALE,,,N,0.192,0,0,2,2,N,N,15,37.48713,-82.52759,2,3,1,6,1,1,2,2,6,3,N,47,2019,O,098-CS-1244  -000,0.192,0,0,0,0,0,0,1,0,0,0,0,0,0,1,DAC,1,0
72532729,20200813,1400,REDALE,098 CS-1244,CS1244,N,0.103,0,0,3,3,N,N,15,37.48727,-82.52597,1,97,1,6,1,1,2,2,7,3,N,47,2020,O,098-CS-1244  -000,0.103,0,0,0,0,0,0,0,0,0,0,0,0,0,1,DAC,0,1
72570361,20201130,1127,US23,,,N,27.442,0,0,2,2,N,N,55,37.5111,-82.54993,5,3,6,6,1,5,2,2,7,3,N,49,2020,O,098-US-0023  -000,27.442,0,0,1,0,0,0,0,1,0,0,0,0,0,1,Non-DAC,0,1
72599568,20210224,1655,KY3496 TURN LANE,,,N,0.013,1,0,3,3,N,N,55,37.46583,-82.52814,4,3,4,6,1,1,2,2,1,3,Y,70,2021,B,098-KY-3496  -000,0.013,0,0,0,0,0,0,1,0,0,0,0,0,0,1,DAC,1,0
72818696,20221004,1300,3RD,098 CS-1118,CS1118,N,0.104,0,0,1,1,N,N,25,37.48244,-82.51785,9,3,1,6,1,1,2,2,6,3,N,70,2022,O,098-CS-1118  -000,0.104,0,1,0,0,0,0,0,0,0,0,0,0,0,1,DAC,1,0
72518063,20200704,2243,BYPASS,,,N,5.892,0,0,3,3,N,N,45,37.47436,-82.51974,5,3,2,6,1,1,3,5,7,3,N,70,2020,O,098-KY-1426  -000,5.892,0,0,1,0,0,0,1,0,0,0,0,0,0,1,DAC,0,1
72783561,20220715,1735,SOUTH MAYO,,,N,,0,0,2,2,N,Y,45,37.43658,-82.51056,5,3,1,1,1,1,2,2,1,3,N,49,2022,O,098-US-0023  -421,0.048,0,0,0,0,0,0,1,0,0,0,0,0,0,1,Non-DAC,0,1
72842574,20221213,735,HAMBLEY,098 CS-1222,CS1222,N,1.641,0,0,2,2,N,N,35,37.48212,-82.53244,1,3,2,6,1,1,10,2,7,3,N,55,2022,O,098-CS-1222  -000,1.641,0,0,0,0,0,0,1,0,0,0,0,0,0,1,DAC,1,0
72340834,20190418,843,US23,098 US-23-10,US0023,N,27.375,0,0,2,2,N,N,55,37.51085,-82.54895,5,3,6,6,1,1,2,2,1,3,N,70,2019,O,098-US-0023  -000,27.375,0,0,0,0,0,0,1,0,0,0,0,0,0,1,Non-DAC,1,0
72530708,20200810,821,US23,,,N,22.057,0,0,3,3,N,N,55,37.4581,-82.51733,5,3,4,6,1,1,2,2,2,3,N,49,2020,O,098-US-0023  -000,22.057,0,0,0,0,0,0,0,1,0,0,0,0,0,1,Non-DAC,0,1
72685447,20211019,726,BAIRD,098 KY-1426,KY1426,N,5.387,1,0,2,2,Y,N,15,37.47295,-82.52708,1,3,2,6,1,1,2,2,7,3,N,55,2021,C,098-KY-1426  -000,5.387,0,0,0,0,0,0,0,0,0,0,0,0,0,1,DAC,1,0
72754250,20220415,953,US23,098 US-23,US0023,N,29.603,0,0,2,2,N,N,55,37.53159,-82.57696,8,3,5,6,1,1,2,2,1,3,N,53,2022,O,098-US-0023  -000,29.603,0,0,0,1,0,0,1,0,0,0,0,1,0,1,Non-DAC,1,0
72817368,20221001,51,OWSLEY,098 KY-1384,KY1384,N,7.535,0,0,2,2,N,N,45,37.48378,-82.53484,7,3,4,6,1,5,3,4,1,3,N,54,2022,O,098-KY-1384  -000,7.535,0,0,1,1,0,0,0,0,0,0,0,1,0,1,DAC,1,0
72729731,20220210,1605,US23,098 US-23-10,US0023,N,26.318,0,0,2,2,N,N,55,37.50415,-82.53241,5,3,4,6,1,1,2,2,7,3,N,70,2022,O,098-US-0023  -000,26.318,0,0,0,0,0,0,1,0,0,0,0,0,0,1,Non-DAC,1,0
72556015,20201023,1121,HUFFMAN,098 CS-1123,CS1123,N,0.012,0,0,1,1,N,Y,15,37.47699,-82.51725,9,97,2,6,1,1,3,2,6,3,N,40,2020,O,098-CS-1123  -000,0.012,0,1,0,0,0,0,0,0,0,0,0,1,0,1,DAC,1,0
72563789,20201111,1026,US23,098 US-23,US0023,N,32.709,0,0,1,1,N,N,55,37.53294,-82.61878,9,5,4,6,1,5,6,2,7,3,N,44,2020,O,098-US-0023  -000,32.709,0,0,0,0,0,0,0,0,0,0,0,1,0,1,Non-DAC,0,1
72500083,20200508,1409,US119 TURN LANE,098 US-119-21,US0119,N,0.024,0,0,2,2,N,N,55,37.50399,-82.53213,5,3,2,6,1,5,6,2,7,3,N,49,2020,O,098-US-0119  -021,0.024,0,0,0,0,0,0,1,1,0,0,0,0,0,1,Non-DAC,1,0
72326830,20190313,1531,US23,,,N,,1,0,3,3,N,N,55,37.46537,-82.52602,5,3,4,6,1,1,2,2,7,3,Y,49,2019,B,098-US-0023  -000,22.943,0,0,0,0,0,0,1,0,0,0,0,0,0,1,DAC,1,0
72303751,20190116,1538,MAYO,098 US-23-10,US0023,N,29.616,1,0,2,2,N,N,55,37.53171,-82.5772,8,3,4,6,1,5,3,2,1,3,N,53,2019,C,098-US-0023  -000,29.616,0,0,0,0,0,0,0,0,0,0,0,1,0,1,Non-DAC,1,0
72303137,20190110,648,US23,098 US-23,US0023,N,20.493,1,0,1,1,N,N,55,37.44434,-82.51797,9,3,4,6,1,5,2,6,7,3,Y,41,2019,C,098-US-0023  -000,20.493,0,0,0,0,0,0,0,0,0,1,0,1,0,1,Non-DAC,0,1
72842578,20221214,1041,US23,098 US-23,US0023,N,18.121,3,0,2,2,N,N,55,37.43062,-82.51485,1,3,4,6,1,5,6,2,7,3,Y,55,2022,C,098-US-0023  -000,18.121,0,0,0,1,0,0,1,0,0,0,0,0,0,1,Non-DAC,0,1
72712816,20211222,1250,KY3496,,,N,0.57,0,0,2,2,N,N,35,37.47108,-82.53339,5,3,2,3,1,1,2,2,7,3,N,49,2021,O,098-KY-3496  -000,0.57,0,0,0,0,0,0,1,0,0,0,0,0,0,1,DAC,0,1
72355260,20190520,1129,2ND,098 CS-1117,CS1117,N,0.238,0,0,2,2,N,Y,15,37.4806,-82.51791,8,3,2,6,1,1,2,2,1,3,N,47,2019,O,098-CS-1117  -000,0.238,0,0,0,1,0,0,0,0,0,0,0,0,0,1,DAC,0,1
72388614,20190731,1550,US23,,,N,22.941,0,0,2,2,N,N,55,37.46536,-82.52597,5,3,4,6,1,5,3,2,7,3,N,35,2019,O,098-US-0023  -000,22.941,0,0,0,0,0,0,1,1,0,0,1,0,0,1,DAC,1,0
72820356,20221023,2113,MAYO,098 US-23,US0023,N,32.59,0,0,1,1,N,N,55,37.53435,-82.61776,9,3,4,6,1,1,2,6,1,3,N,40,2022,O,098-US-0023  -000,32.59,0,1,0,0,0,0,1,0,0,0,0,1,1,1,Non-DAC,0,1
72584654,20210109,1751,HAMBLEY,098 CS-1222,CS1222,N,0.001,3,0,2,2,N,N,35,37.47404,-82.5273,1,3,2,6,1,1,2,3,7,3,Y,55,2021,A,098-CS-1222  -000,0.001,0,0,0,0,0,0,1,0,1,1,0,1,0,1,DAC,1,0
72527096,20200731,2012,KY1426,,,N,8.775,0,0,2,2,N,N,45,37.50214,-82.49006,1,3,3,4,1,5,6,3,7,3,N,55,2020,O,098-KY-1426  -000,8.775,0,0,1,0,0,0,1,1,0,0,0,0,0,1,Non-DAC,0,1
72707042,20211208,1750,US23,,,N,27.379,0,0,3,3,N,N,55,37.51096,-82.54878,5,3,8,6,1,1,2,4,7,3,N,35,2021,O,098-US-0023  -000,27.379,0,0,0,0,0,0,1,1,0,0,1,0,0,1,Non-DAC,1,0
72644129,20210704,2201,US23,098 US-23,US0023,N,22.808,0,0,2,2,N,N,55,37.46516,-82.52367,8,3,4,6,1,1,3,6,7,3,N,53,2021,O,098-US-0023  -000,22.808,0,0,0,0,0,0,1,0,0,0,0,1,0,1,Non-DAC,0,1
72332377,20190327,1710,HAMBLEY,,,N,0.328,0,0,2,2,N,N,25,37.47647,-82.52234,5,3,2,4,1,1,2,2,1,3,N,70,2019,O,098-CS-1222  -000,0.328,0,0,0,0,0,0,0,1,0,0,0,0,0,1,DAC,0,1
72801888,20220829,1719,US23,,,N,25.418,0,0,2,2,N,Y,45,37.49225,-82.53463,1,3,4,6,1,1,2,2,7,3,N,10,2022,O,098-US-0023  -000,25.418,0,0,0,0,0,0,0,0,0,0,1,0,0,1,Non-DAC,1,0
72472223,20200205,705,BYPASS,098 KY-1426,KY1426,N,5.641,0,0,2,2,N,N,55,37.4726,-82.5237,2,3,2,6,1,5,6,6,1,3,N,56,2020,O,098-KY-1426  -000,5.641,0,0,0,0,0,0,1,0,0,0,0,0,0,1,DAC,1,0
72669289,20210911,130,THOMPSON,,,N,,0,0,1,1,N,N,45,37.49733,-82.53567,9,3,2,6,1,1,2,6,6,3,N,38,2021,O,098-CS-1215  -000,1.324,0,0,0,0,0,0,0,0,0,0,0,0,0,1,Non-DAC,1,0
72697206,20211110,1507,US23,098 US-23-10,US0023,N,22.288,0,0,2,2,N,N,55,37.46136,-82.51698,1,3,4,1,1,1,2,2,1,3,N,55,2021,O,098-US-0023  -000,22.288,0,0,1,1,0,0,0,1,0,0,0,0,0,1,Non-DAC,1,0
72677919,20211001,857,CASSIDY,098 CS-1191,CS1191,N,0.125,1,0,2,2,N,N,35,37.5036,-82.53412,1,3,4,3,1,1,2,2,1,3,Y,55,2021,C,098-CS-1191  -000,0.125,0,0,0,0,0,0,1,0,0,1,0,1,0,1,Non-DAC,0,1