MasterFile,CollisionDate,CollisionTime,RoadwayName,RSEUniqueGIS,RoadwayIdentifier,ParkingLotIndicator,Milepoint,NumberInjured,NumberKilled,ofUnits,ofMotorVehicleUnits,Hit&RunIndicator,OneWayIndicator,SpeedLimitNumber,Latitude,Longitude,MannerofCollisionCode,LocationFirstEventCode,TotalLanes,RoadwayCharacterCode,RoadwaySurfaceCode,RoadwayConditionCode,WeatherCode,LightConditionCode,LandUseCode,SchoolBusRelatedCode,FirstAidSceneIndicator,DirectionalAnalysis,YR,KABCO,KTC_RT,KTC_MP,Motorcyclist,Commercial Vehicle,Young Driver,Mature Driver,Pedestrian,Bicyclist,Distracted,Aggressive,Impaired,Unrestrained,Intersection,Roadway Departure,Median Cross-over,CityCrash,DACid,Intersection Crash,Segment Crash
72409305,20190917,1009,BYPASS,098 KY-1426,KY1426,N,5.641,1,0,2,2,N,N,55,37.47261,-82.52368,5,3,2,6,1,1,2,2,1,3,Y,49,2019,C,098-KY-1426  -000,5.641,0,0,0,1,0,0,1,0,0,0,0,0,0,1,DAC,1,0
72676968,20210929,1938,KY1426,098 KY-1426,KY1426,N,9.554,0,0,2,2,N,N,45,37.51276,-82.48763,5,3,2,4,1,1,2,6,1,3,N,49,2021,O,098-KY-1426  -000,9.554,0,0,0,1,0,0,0,1,0,0,0,0,0,1,Non-DAC,0,1
72300341,20190102,2031,NARROWS,098 CS-1230,CS1230,N,0.072,0,0,1,1,Y,N,15,37.46365,-82.52708,9,97,1,6,1,1,3,6,1,3,N,40,2019,O,098-CS-1230  -000,0.072,0,0,0,0,0,0,1,0,0,0,0,1,0,1,Non-DAC,0,1
72755131,20220422,1211,KY1426,098 KY-1426,KY1426,N,8.667,1,0,1,1,N,N,55,37.50068,-82.49034,9,3,2,5,1,1,2,2,7,3,N,40,2022,B,098-KY-1426  -000,8.667,0,0,0,0,0,0,0,0,0,0,0,1,0,1,Non-DAC,0,1
72720296,20220113,1425,CASSIDY,,,N,0.311,0,0,2,2,N,N,25,37.50518,-82.53706,5,3,2,6,1,1,2,2,7,3,N,49,2022,O,098-CS-1191  -000,0.311,0,0,0,0,0,0,1,0,0,0,0,0,0,1,Non-DAC,0,1
72738944,20220309,1755,US23,098 US-23-10,US0023,N,23.053,0,0,2,2,N,N,55,37.46579,-82.52817,5,3,4,6,1,1,3,2,1,3,N,35,2022,O,098-US-0023  -000,23.053,0,0,0,0,0,0,1,0,0,0,1,0,0,1,DAC,1,0
72538433,20200902,1535,US23,098 US-23,US0023,N,23.057,2,0,2,2,N,N,55,37.46585,-82.52813,1,3,4,6,1,1,3,2,1,3,Y,55,2020,C,098-US-0023  -000,23.057,0,0,0,0,0,0,1,1,0,0,0,0,0,1,DAC,1,0
72592387,20210208,1342,CASSIDY,,,N,0.392,0,0,2,2,N,N,25,37.50478,-82.53847,1,3,2,6,1,1,2,2,1,3,N,55,2021,O,098-CS-1191  -000,0.392,0,0,0,1,0,0,1,0,0,0,0,0,0,1,Non-DAC,0,1
72615102,20210415,1446,US23 CONNECTOR TO US460,098 US-23-71,US0023,N,0.009,1,0,2,2,N,N,55,37.43886,-82.50919,5,3,4,2,1,1,2,2,7,3,Y,49,2021,C,098-US-0023  -071,0.009,0,0,0,0,0,0,1,0,0,0,0,0,0,1,Non-DAC,1,0
72554252,20201018,1455,US23,,,N,26.278,0,0,2,2,N,N,55,37.50357,-82.53214,5,3,4,6,1,1,2,2,1,3,N,70,2020,O,098-US-0023  -000,26.278,0,0,0,0,0,0,1,0,0,0,0,0,0,1,Non-DAC,1,0
72795530,20220814,1950,US23,098 US-23-10,US0023,N,24.948,0,0,1,1,N,N,55,37.48779,-82.54105,9,3,4,3,1,5,6,2,6,3,N,70,2022,O,098-US-0023  -000,24.948,1,0,0,0,0,0,0,0,0,0,0,1,0,1,Non-DAC,0,1
72634890,20210610,18,US23,098 US-23,US0023,N,23.555,1,0,1,1,N,N,55,37.47074,-82.53362,9,3,4,3,1,5,6,5,3,3,Y,40,2021,C,098-US-0023  -000,23.555,0,0,0,0,0,0,0,1,0,1,0,1,0,1,DAC,0,1
72643700,20210628,1215,US23,,,N,20.977,0,0,2,2,N,N,55,37.44466,-82.52543,1,3,2,3,1,1,2,2,7,3,N,55,2021,O,098-US-0023  -000,20.977,0,0,0,0,0,0,1,0,0,0,0,0,0,1,Non-DAC,0,1
72665445,20210824,1754,CHLOE,098 KY-1460,KY1460,N,3.122,1,0,1,1,N,N,35,37.47277,-82.48302,9,3,2,6,1,1,2,2,7,3,N,70,2021,B,098-KY-1460  -000,3.122,0,0,0,0,0,0,0,0,0,0,0,1,0,1,Non-DAC,0,1
72645094,20210622,1650,BYPASS,098 KY-1426,KY1426,N,5.693,0,0,2,2,N,N,10,37.47284,-82.52258,5,97,2,3,1,1,2,2,1,3,N,47,2021,O,098-KY-1426  -000,5.693,0,0,0,1,0,0,1,0,0,0,0,0,0,1,DAC,1,0
72446818,20191123,1623,US23,098 US-23,US0023,N,23.062,0,0,1,1,N,N,55,37.46593,-82.52809,9,3,4,6,1,5,6,2,1,3,N,5,2019,O,098-US-0023  -000,23.062,1,0,0,0,0,0,0,0,0,0,1,0,0,1,DAC,1,0
72454939,20191204,1516,US23,,,N,22.901,0,0,2,2,N,N,55,37.46537,-82.52528,1,3,4,6,1,1,3,2,7,3,N,55,2019,O,098-US-0023  -000,22.901,0,0,0,0,0,0,1,1,0,0,0,0,0,1,DAC,0,1
72555495,20201002,1430,US119,098 US-119,US0119,N,0.671,0,0,2,2,Y,N,55,37.50738,-82.5208,2,97,2,6,1,1,2,2,7,3,N,47,2020,O,098-US-0119  -000,0.671,0,0,0,0,0,0,0,0,0,0,0,0,0,1,Non-DAC,0,1
72810839,20220929,1735,HUFFMAN,098 CS-1123,CS1123,N,0.155,0,0,2,2,N,N,25,37.47823,-82.51933,4,3,2,6,1,1,2,2,3,3,N,70,2022,O,098-CS-1123  -000,0.155,0,0,1,0,0,0,1,0,0,0,0,0,0,1,DAC,1,0
72692777,20211030,1317,US23,,,N,25.702,0,0,2,2,N,N,55,37.49544,-82.53132,1,3,4,3,1,5,6,2,1,3,N,55,2021,O,098-US-0023  -000,25.702,0,0,0,0,0,0,1,1,0,0,0,0,0,1,Non-DAC,0,1
72635039,20210611,932,HAMBLEY,098 CS-1222,CS1222,N,1.632,0,0,2,2,N,N,35,37.48185,-82.53268,8,3,2,6,1,1,3,2,7,3,N,53,2021,O,098-CS-1222  -000,1.632,0,0,0,0,0,0,1,0,0,0,0,1,0,1,DAC,1,0
72342718,20190419,2041,HAMBLEY,098 CS-1222,CS1222,N,1.14,0,0,2,2,Y,N,35,37.48521,-82.52412,2,3,2,6,1,1,3,5,7,3,N,56,2019,O,098-CS-1222  -000,1.14,0,0,1,0,0,0,0,0,1,0,0,0,0,1,DAC,0,1
72547421,20200928,2310,BYPASS,098 KY-1426,KY1426,N,5.575,2,0,3,3,N,N,35,37.47239,-82.5249,1,3,2,6,1,5,6,5,1,3,N,55,2020,C,098-KY-1426  -000,5.575,0,0,1,0,0,0,0,0,0,0,0,0,0,1,DAC,0,1
72495402,20200413,1156,US23,098 US-23,US0023,N,20.604,2,0,2,2,N,N,55,37.44327,-82.51935,1,3,4,6,1,5,3,2,7,3,Y,55,2020,C,098-US-0023  -000,20.604,0,0,0,1,0,0,1,0,0,0,0,0,0,1,Non-DAC,0,1
72451189,20191214,1754,CASSIDY,,,N,0.16,0,0,2,2,N,N,35,37.50369,-82.53466,1,3,4,3,1,5,6,5,1,3,N,55,2019,O,098-CS-1191  -000,0.16,0,0,0,1,0,0,1,1,0,0,0,0,0,1,Non-DAC,0,1
72696649,20211110,804,US23,098 US-23,US0023,N,18.161,0,0,2,2,N,N,55,37.43122,-82.51465,5,3,4,6,1,1,2,2,7,3,N,49,2021,O,098-US-0023  -000,18.161,0,0,0,0,0,0,0,1,0,0,0,0,0,1,Non-DAC,0,1
72516841,20200627,1842,US23,098 US-23-10,US0023,N,26.276,0,0,2,2,N,N,55,37.50355,-82.53235,8,3,4,6,1,1,2,2,1,3,N,53,2020,O,098-US-0023  -000,26.276,0,0,1,0,0,0,1,1,0,0,0,1,0,1,Non-DAC,1,0
72452709,20191217,1033,US23,098 US-23,US0023,N,27.336,1,0,2,2,N,N,55,37.51069,-82.54808,1,3,4,6,1,5,6,2,1,3,Y,55,2019,C,098-US-0023  -000,27.336,0,0,0,0,0,0,0,1,0,0,0,0,0,1,Non-DAC,1,0
72658668,20210811,1659,CHLOE,098 KY-1460,KY1460,N,5.024,0,0,2,2,N,N,45,37.47754,-82.5155,7,3,2,4,1,1,2,2,7,3,N,54,2021,O,098-KY-1460  -000,5.024,0,0,0,0,0,0,0,0,1,1,0,1,0,1,Non-DAC,0,1
72590548,20210129,1241,US23,098 US-23,US0023,N,21.447,0,0,2,2,N,N,55,37.45113,-82.52385,8,3,4,6,1,1,2,2,7,3,N,53,2021,O,098-US-0023  -000,21.447,0,0,0,0,0,0,1,0,0,0,0,1,0,1,Non-DAC,0,1
72713981,20211225,1354,4TH,098 CS-1133,CS1133,N,0.03,0,0,4,4,N,N,25,37.48295,-82.51888,3,97,2,6,1,1,2,2,7,3,N,40,2021,O,098-CS-1133  -000,0.03,0,0,0,0,0,0,1,0,1,0,0,1,0,1,DAC,1,0
72770533,20220608,1004,HAROLDS BRANCH,098 CS-1223,CS1223,N,0.128,0,0,1,1,N,N,25,37.47148,-82.52116,9,3,1,6,1,1,2,2,7,3,N,40,2022,O,098-CS-1223  -000,0.128,0,0,1,0,0,0,0,0,0,0,0,1,0,1,Non-DAC,0,1
72762309,20220516,1725,KY3496 TURN LANE,,,N,0.014,0,0,2,2,N,N,35,37.4658,-82.52816,5,3,3,2,1,1,2,2,1,3,N,35,2022,O,098-KY-3496  -000,0.014,0,0,0,0,0,0,1,1,0,0,1,0,0,1,DAC,1,0
72478364,20200215,2209,KY3496,098 KY-3496,KY3496,N,0.171,0,0,2,2,N,N,35,37.46635,-82.53071,2,97,2,6,1,1,2,5,1,3,N,56,2020,O,098-KY-3496  -000,0.171,0,0,0,0,0,0,1,0,0,0,0,0,0,1,DAC,0,1
72838197,20221205,1350,LEE,098 CS-1191,CS1191,N,,0,0,2,2,N,N,15,37.50375,-82.53226,1,3,2,6,1,1,2,2,1,3,N,55,2022,O,098-CS-1191  -000,0.006,0,0,0,0,0,0,0,0,0,0,0,0,0,1,Non-DAC,1,0
72555890,20201022,2002,LYKINS,098 CR-1377,CR1377,N,0.238,0,0,2,2,N,N,15,37.50478,-82.54825,2,97,1,6,1,1,2,8,5,3,N,47,2020,O,098-CS-1249  -000,0.238,0,0,0,0,0,0,1,0,0,0,0,0,0,1,Non-DAC,0,1
72731054,20220214,903,US23,098 US-23,US0023,N,31.592,0,0,3,3,N,N,55,37.53695,-82.60141,5,3,4,6,1,1,3,2,7,3,N,49,2022,O,098-US-0023  -000,31.592,0,0,0,1,0,0,0,0,0,0,0,0,0,1,Non-DAC,1,0
72582260,20201231,1716,US23,,,N,32.806,3,0,2,2,N,N,55,37.53174,-82.61946,1,3,4,6,1,5,6,3,7,3,Y,10,2020,A,098-US-0023  -000,32.806,0,0,1,0,0,0,1,1,1,0,1,0,0,1,Non-DAC,1,0
72588626,20210127,1900,SMITH,,,N,0.031,0,0,2,2,N,N,5,37.4833,-82.52187,2,3,1,6,1,5,9,5,6,3,N,47,2021,O,098-CS-1163  -000,0.031,0,0,0,0,0,0,0,0,0,0,0,0,0,1,DAC,0,1
72345983,20190426,1705,MAYO,098 US-23,US0023,N,29.466,3,0,3,3,N,N,45,37.5298,-82.57584,5,3,6,6,1,5,3,2,6,3,Y,49,2019,B,098-US-0023  -000,29.466,0,0,1,0,0,0,1,1,0,1,0,0,0,1,Non-DAC,1,0
72521116,20200714,1622,BYPASS,098 KY-1426,KY1426,N,5.616,0,0,2,2,N,N,45,37.4725,-82.52418,5,3,2,6,1,1,2,2,7,3,N,70,2020,O,098-KY-1426  -000,5.616,0,0,0,0,0,0,1,0,0,0,0,0,0,1,DAC,0,1
72562583,20201017,2034,BYPASS,,,N,6.48,1,0,2,2,N,N,45,37.48141,-82.51422,5,3,2,6,1,1,2,5,7,3,Y,70,2020,C,098-KY-1426  -000,6.48,0,0,0,0,0,0,1,0,0,0,0,0,0,1,DAC,1,0
72330616,20190321,1608,US23,098 US-23,US0023,N,26.254,0,0,2,2,N,N,55,37.50324,-82.53209,5,3,4,6,1,5,6,2,7,3,N,70,2019,O,098-US-0023  -000,26.254,0,0,0,0,0,0,0,1,0,0,0,0,0,1,Non-DAC,1,0
72424396,20191022,1157,BYPASS,,,N,6.116,0,0,2,2,N,N,45,37.47689,-82.51708,5,3,2,6,1,1,2,2,1,3,N,35,2019,O,098-KY-1426  -000,6.116,0,0,0,0,0,0,1,0,0,0,1,0,0,1,DAC,1,0
72374363,20190702,811,NIGHTINGALE,,,N,0.069,0,0,2,2,N,N,15,37.46646,-82.56274,2,3,1,5,1,1,2,2,6,3,N,47,2019,O,098-CS-1047  -000,0.069,0,0,0,0,0,0,1,0,0,0,0,0,0,1,Non-DAC,0,1
72487667,20200310,718,US23,098 US-23,US0023,N,23.07,0,0,2,2,N,N,55,37.46597,-82.52819,5,3,4,6,1,5,3,2,7,3,N,49,2020,O,098-US-0023  -000,23.07,0,0,0,1,0,0,0,0,0,0,0,0,0,1,DAC,1,0
72476075,20200211,1537,US23,,,N,26.232,3,0,2,2,N,N,55,37.50293,-82.53205,5,3,4,6,1,5,3,2,7,3,Y,70,2020,C,098-US-0023  -000,26.232,0,1,0,0,0,0,1,0,0,0,0,0,0,1,Non-DAC,1,0
72431470,20191104,1746,KY1426,,,N,7.336,1,0,1,1,N,N,35,37.48992,-82.50323,9,3,2,6,1,1,2,3,7,3,N,38,2019,C,098-KY-1426  -000,7.336,0,0,0,0,0,0,1,0,0,0,0,0,0,1,Non-DAC,0,1
72755953,20220429,1823,US23,098 US-23,US0023,N,21.062,0,0,2,2,N,N,55,37.44591,-82.5258,8,3,4,3,1,1,2,2,7,3,N,53,2022,O,098-US-0023  -000,21.062,0,0,1,1,0,0,1,1,0,0,0,1,0,1,Non-DAC,0,1
72651250,20210723,1901,CEDAR HILLS,098 KY-1426,KY1426,N,3.116,0,0,2,2,Y,N,10,37.45219,-82.5435,2,97,2,6,1,1,2,2,7,3,N,47,2021,O,098-KY-1426  -000,3.116,0,0,0,0,0,0,1,0,0,0,0,0,0,1,Non-DAC,0,1
72790130,20220623,2257,CHLOE,098 KY-1460,KY1460,N,4.598,1,0,3,2,N,N,35,37.47744,-82.50742,1,3,2,6,1,1,2,6,7,3,N,36,2022,A,098-KY-1460  -000,4.598,0,0,1,0,1,0,0,0,0,0,0,0,0,1,Non-DAC,1,0
72412299,20190926,1508,BYPASS,098 KY-1426,KY1426,N,6.113,0,0,2,2,N,N,35,37.47685,-82.51708,5,3,2,6,1,1,2,2,7,3,N,49,2019,O,098-KY-1426  -000,6.113,0,0,0,0,0,0,1,0,0,0,0,0,0,1,DAC,1,0
72334351,20190402,950,US23,098 US-23,US0023,N,19.282,0,0,1,1,N,N,55,37.44428,-82.5047,9,3,4,6,1,1,3,2,7,3,N,40,2019,O,098-US-0023  -000,19.282,0,0,0,0,0,0,0,0,0,0,0,1,0,1,Non-DAC,0,1
72844028,20221213,1904,US23,098 US-23,US0023,N,26.289,0,0,2,2,N,N,55,37.50373,-82.53216,5,3,4,6,1,1,3,5,7,3,N,35,2022,O,098-US-0023  -000,26.289,0,0,0,0,0,0,1,0,1,0,1,0,0,1,Non-DAC,1,0
72505085,20200527,841,MAIN,098 CS-1112,CS1112,N,0.016,0,0,2,2,N,Y,15,37.47792,-82.51841,5,7,2,6,1,1,3,2,1,3,N,47,2020,O,098-CS-1112  -000,0.016,0,0,0,1,0,0,1,0,0,0,0,0,0,1,DAC,1,0
72823238,20221025,1744,US119,098 US-119-10,US0119,N,0.02,1,0,3,3,N,N,55,37.50389,-82.53165,1,3,2,6,1,1,3,2,7,3,Y,55,2022,C,098-US-0119  -000,0.02,0,0,1,0,0,0,0,0,0,1,0,0,0,1,Non-DAC,1,0
72309667,20190117,2349,US23,,,N,20.921,3,0,2,2,N,N,55,37.44399,-82.52485,1,3,4,3,1,5,6,4,1,3,Y,55,2019,C,098-US-0023  -000,20.921,0,1,0,0,0,0,0,0,0,0,0,0,0,1,Non-DAC,0,1
72592551,20210208,1718,HAROLDS BRANCH,,,N,,0,0,2,2,N,N,35,37.47281,-82.5227,5,3,2,6,1,1,2,2,7,3,N,35,2021,O,098-CS-1223  -000,0,0,0,0,1,0,0,1,0,0,0,1,0,0,1,DAC,1,0
72476828,20200215,1637,BYPASS,098 KY-1460,KY1460,N,5.938,0,0,2,2,N,N,45,37.48735,-82.527,7,3,2,6,1,1,2,2,1,3,N,54,2020,O,098-KY-1460  -000,5.938,0,0,0,1,0,0,0,0,0,0,0,1,0,1,Non-DAC,0,1
72433179,20191107,1527,KY1460,,,N,7.033,0,0,2,2,N,N,45,37.48588,-82.54346,5,3,2,1,1,5,6,2,7,3,N,70,2019,O,098-KY-1460  -000,7.033,0,0,0,0,0,0,1,0,0,0,0,0,0,1,Non-DAC,0,1
72594989,20210216,758,US23,098 US-23,US0023,N,23.704,0,0,2,1,N,N,55,37.47272,-82.53463,5,5,4,6,1,2,3,2,7,3,N,47,2021,O,098-US-0023  -000,23.704,0,0,0,0,0,0,0,0,0,0,0,1,0,1,DAC,0,1
72585012,20210116,1349,HAROLDS BRANCH,,,N,,0,0,2,2,N,N,25,37.46711,-82.50455,3,3,1,3,1,5,9,2,6,3,N,52,2021,O,098-CS-1223  -000,1.151,0,0,0,0,0,0,1,0,0,0,0,1,0,1,Non-DAC,1,0
72340682,20190412,1229,US23,,,N,26.235,0,0,2,2,N,N,55,37.50298,-82.53232,5,3,4,6,1,5,6,2,7,3,N,49,2019,O,098-US-0023  -000,26.235,0,0,0,0,0,0,1,0,0,0,0,0,0,1,Non-DAC,1,0
72603652,20210227,1513,US23,,,N,,1,1,2,2,N,N,55,37.44373,-82.51852,1,3,4,3,1,5,3,2,1,3,Y,55,2021,K,098-US-0023  -000,20.546,0,0,0,1,0,0,1,1,0,0,0,0,1,1,Non-DAC,0,1
72535615,20200824,1434,BYPASS,,,N,6.507,0,0,2,2,N,N,35,37.48177,-82.51404,5,3,2,6,1,1,2,2,1,3,N,49,2020,O,098-KY-1426  -000,6.507,0,0,1,1,0,0,1,0,0,0,0,0,0,1,DAC,1,0
72423369,20191018,1430,US23,098 US-23,US0023,N,22.646,1,0,2,2,N,N,55,37.46495,-82.52077,1,3,4,3,1,1,2,2,7,3,N,55,2019,B,098-US-0023  -000,22.646,0,0,0,0,0,0,0,1,0,0,0,0,0,1,Non-DAC,0,1
72650176,20210518,613,US23,098 US-23,US0023,N,20.932,1,1,2,2,N,N,55,37.44416,-82.52486,3,3,4,6,1,5,6,2,7,3,N,52,2021,K,098-US-0023  -000,20.932,0,0,0,0,0,0,0,0,1,1,0,1,0,1,Non-DAC,1,0
72826780,20221030,1930,US23 NORTH,,,N,,2,0,2,2,N,N,55,37.49216,-82.53484,3,3,4,6,1,1,2,7,1,3,Y,52,2022,A,098-US-0023  -000,25.343,0,0,0,0,0,0,0,0,1,0,0,1,0,1,Non-DAC,0,1
72554836,20201020,627,US119,,,N,2.689,0,0,2,2,N,N,55,37.51406,-82.48727,5,3,4,6,1,1,2,5,1,3,N,49,2020,O,098-US-0119  -000,2.689,0,0,0,1,0,0,1,0,0,0,0,0,0,1,DAC,1,0
72750635,20220305,2137,,,,N,0.117,0,1,2,1,Y,N,55,37.4854,-82.54233,9,6,4,6,1,1,2,6,7,3,Y,85,2022,K,098-US-0023  -321,0.117,0,0,0,0,1,0,1,0,1,0,0,1,0,1,Non-DAC,0,1
72834634,20221125,1356,US460,098 US-460,US0460,N,0.431,0,0,2,2,N,N,55,37.43657,-82.51102,5,3,2,6,1,6,6,2,7,3,N,49,2022,O,098-US-0460  -000,0.431,0,0,1,0,0,0,1,0,0,0,0,0,0,1,Non-DAC,1,0
72582404,20210107,1350,TOWN MTN ROAD,,,N,,0,0,2,2,N,N,45,37.51331,-82.48769,5,3,2,6,1,1,3,2,7,3,N,49,2021,O,098-KY-1426  -020,0.075,0,0,0,0,0,0,1,0,0,0,0,0,0,1,Non-DAC,1,0
72594961,20210209,47,HAMBLEY,,,N,,0,0,1,1,N,N,35,37.47563,-82.52454,9,97,2,6,1,1,2,5,1,3,N,40,2021,O,098-CS-1153  -000,0.191,0,0,0,0,0,0,0,0,1,0,0,1,0,1,DAC,1,0
72710330,20211217,1402,US23,,,N,23.57,0,0,1,1,N,N,55,37.47091,-82.53383,9,3,2,3,1,5,6,2,1,3,N,70,2021,O,098-US-0023  -000,23.57,0,0,0,0,0,0,0,0,0,0,0,1,0,1,DAC,1,0
72635458,20210608,1057,US23,,,N,26.313,0,0,2,2,N,N,55,37.50407,-82.5324,8,3,4,6,1,1,3,2,7,3,N,53,2021,O,098-US-0023  -000,26.313,0,0,0,1,0,0,1,0,0,0,0,1,0,1,Non-DAC,1,0
72750697,20220407,1635,US23,098 US-23-10,US0023,N,23.104,0,0,2,2,N,N,55,37.466,-82.52885,5,3,4,6,1,1,2,2,7,3,N,70,2022,O,098-US-0023  -000,23.104,0,0,0,0,0,0,1,0,0,0,0,0,0,1,DAC,0,1
72827329,20221109,1424,CASSIDY,098 CS-1191,CS1191,N,0.305,0,0,2,2,N,N,35,37.50514,-82.53692,8,3,3,6,1,1,2,2,7,3,N,53,2022,O,098-CS-1191  -000,0.305,0,0,0,0,0,0,1,0,0,0,0,1,0,1,Non-DAC,0,1
72763898,20220519,2318,CHLOE,098 KY-1460,KY1460,N,4.124,0,0,1,1,N,N,35,37.47626,-82.4989,9,3,2,6,1,5,6,7,6,3,N,40,2022,O,098-KY-1460  -000,4.124,0,0,0,0,0,0,0,0,0,0,0,1,0,1,Non-DAC,0,1
72582720,20201231,101,MAYO,098 US-23,US0023,N,25.794,1,0,1,1,N,N,55,37.4967,-82.53089,9,5,4,6,1,1,3,6,7,3,Y,44,2020,C,098-US-0023  -000,25.794,0,0,0,0,0,0,0,0,1,1,0,1,0,1,Non-DAC,0,1
72510001,20200609,1514,US23,,,N,26.274,0,0,2,2,N,N,55,37.50352,-82.53213,5,3,4,6,1,1,2,2,7,3,N,35,2020,O,098-US-0023  -000,26.274,0,0,0,0,0,0,1,0,0,0,1,0,0,1,Non-DAC,1,0
72517857,20200701,2208,CHLOE,098 KY-1460,KY1460,N,3.225,0,0,1,1,N,N,35,37.47374,-82.48446,9,6,2,1,1,1,2,6,1,3,N,44,2020,O,098-KY-1460  -000,3.225,0,0,0,0,0,0,0,0,1,0,0,1,0,1,Non-DAC,0,1
72740961,20220312,1115,US23,098 US-23,US0023,N,27.248,0,0,1,1,N,N,55,37.51051,-82.54622,9,3,6,6,1,1,2,2,7,3,N,70,2022,O,098-US-0023  -000,27.248,0,0,0,0,0,0,0,0,0,1,0,1,0,1,Non-DAC,0,1
72579234,20201224,2357,MAYO,098 US-23-10,US0023,N,21.762,1,0,1,1,N,N,55,37.45485,-82.52079,9,3,4,6,1,4,9,5,1,3,N,40,2020,B,098-US-0023  -000,21.762,0,0,0,0,0,0,0,0,1,1,0,1,0,1,Non-DAC,0,1
72679041,20210930,1056,US23,098 US-23-10,US0023,N,27.366,0,0,2,2,N,N,55,37.51077,-82.54864,5,3,4,6,1,1,2,2,7,3,N,49,2021,O,098-US-0023  -000,27.366,0,0,1,0,0,0,0,0,0,0,0,0,0,1,Non-DAC,1,0
72411474,20190924,1353,US23,,,N,21.876,2,0,2,2,N,N,55,37.45601,-82.51929,1,3,4,6,1,1,2,2,7,3,N,55,2019,C,098-US-0023  -000,21.876,0,0,0,1,0,0,1,1,0,0,0,0,0,1,Non-DAC,0,1
72805571,20220914,1648,US23,098 US-23,US0023,N,23.326,0,0,2,2,N,N,55,37.46764,-82.53228,5,3,4,6,1,1,2,2,7,3,N,49,2022,O,098-US-0023  -000,23.326,0,0,0,0,0,0,0,0,0,0,0,0,0,1,DAC,0,1
72563574,20201104,1215,US23,,,N,22.24,0,0,2,2,N,N,55,37.46063,-82.51683,8,3,4,3,1,1,2,2,1,3,N,53,2020,O,098-US-0023  -000,22.24,0,0,0,1,0,0,0,1,0,0,0,1,0,1,Non-DAC,1,0
72436205,20191113,2134,US23,,,N,24.754,0,0,2,2,N,N,55,37.48519,-82.54253,8,3,4,6,1,1,2,5,7,3,N,53,2019,O,098-US-0023  -000,24.754,0,0,0,0,0,0,1,0,0,0,0,1,0,1,Non-DAC,0,1
72317769,20190212,1216,US23,,,N,27.459,0,0,2,2,Y,N,55,37.51118,-82.55022,5,3,4,6,1,5,6,2,7,3,N,49,2019,O,098-US-0023  -000,27.459,0,0,0,0,0,0,0,0,0,0,0,0,0,1,Non-DAC,0,1
72601691,20210309,1913,HAMBLEY,,,N,0.023,0,0,2,2,Y,N,35,37.47411,-82.52689,1,3,2,6,1,1,2,3,1,3,N,55,2021,O,098-CS-1222  -000,0.023,0,0,0,1,0,0,1,1,0,0,0,0,0,1,DAC,1,0
72478363,20200214,1706,KY1426,098 KY-1426,KY1426,N,6.76,0,0,2,2,N,N,55,37.48471,-82.51141,2,97,2,6,1,1,2,2,1,3,N,56,2020,O,098-KY-1426  -000,6.76,0,0,0,0,0,0,1,0,0,0,0,0,0,1,Non-DAC,0,1
72532984,20200818,1649,US23,,,N,25.715,0,0,1,1,N,N,55,37.4956,-82.53121,9,3,4,6,1,1,2,2,1,3,N,41,2020,O,098-US-0023  -000,25.715,0,0,0,0,0,0,0,0,0,0,0,1,0,1,Non-DAC,0,1
72648620,20210717,1914,US23,098 US-23,US0023,N,32.279,1,0,1,1,N,N,55,37.53756,-82.61382,9,3,4,3,1,1,2,2,7,3,Y,70,2021,C,098-US-0023  -000,32.279,0,0,0,0,0,0,0,0,0,0,0,1,0,1,Non-DAC,0,1
72718978,20220105,1347,US23,098 US-23-10,US0023,N,24.673,1,0,2,2,N,N,55,37.48396,-82.54311,8,3,4,6,1,1,2,2,1,3,Y,53,2022,B,098-US-0023  -000,24.673,0,0,0,1,0,0,1,0,0,0,0,1,0,1,Non-DAC,1,0
72327537,20190312,543,US23,098 US-23,US0023,N,26.289,0,0,2,2,N,N,55,37.50374,-82.53216,1,3,4,6,1,1,2,5,7,3,N,55,2019,O,098-US-0023  -000,26.289,0,0,0,0,0,0,0,0,0,0,0,0,0,1,Non-DAC,1,0
72769158,20220527,1746,US23,098 US-23-10,US0023,N,27.314,0,0,2,2,N,N,55,37.51056,-82.54758,5,3,4,6,1,5,6,2,7,3,N,49,2022,O,098-US-0023  -000,27.314,0,0,0,0,0,0,1,0,0,0,0,0,0,1,Non-DAC,0,1