MasterFile,CollisionDate,CollisionTime,RoadwayName,RSEUniqueGIS,RoadwayIdentifier,ParkingLotIndicator,Milepoint,NumberInjured,NumberKilled,ofUnits,ofMotorVehicleUnits,Hit&RunIndicator,OneWayIndicator,SpeedLimitNumber,Latitude,Longitude,MannerofCollisionCode,LocationFirstEventCode,TotalLanes,RoadwayCharacterCode,RoadwaySurfaceCode,RoadwayConditionCode,WeatherCode,LightConditionCode,LandUseCode,SchoolBusRelatedCode,FirstAidSceneIndicator,DirectionalAnalysis,YR,KABCO,KTC_RT,KTC_MP,Motorcyclist,Commercial Vehicle,Young Driver,Mature Driver,Pedestrian,Bicyclist,Distracted,Aggressive,Impaired,Unrestrained,Intersection,Roadway Departure,Median Cross-over,CityCrash,DACid,Intersection Crash,Segment Crash
72417403,20191007,1320,US23,098 US-23,US0023,N,22.93,0,0,2,2,Y,N,55,37.46545,-82.52577,5,3,4,6,1,5,6,2,1,3,N,49,2019,O,098-US-0023  -000,22.93,0,0,0,0,0,0,0,0,0,0,0,0,0,1,DAC,1,0
72539457,20200906,150,US119,,,N,0.114,0,0,1,1,N,N,55,37.5042,-82.53005,9,3,4,1,1,1,2,6,7,3,N,38,2020,O,098-US-0119  -000,0.114,0,0,0,0,0,0,0,0,0,0,0,0,0,1,Non-DAC,0,1
72771390,20220610,1454,CASSIDY,098 CS-1191,CS1191,N,0.195,1,0,1,1,N,N,25,37.50397,-82.53516,9,3,3,6,1,1,2,2,1,3,N,39,2022,B,098-CS-1191  -000,0.195,1,0,0,0,0,0,0,0,0,0,0,0,0,1,Non-DAC,0,1
72847031,20221214,1324,US119,098 US-119,US0119,N,0.529,0,0,2,2,N,N,55,37.50673,-82.52328,5,3,2,6,1,5,6,2,7,3,N,49,2022,O,098-US-0119  -000,0.529,0,0,1,0,0,0,0,1,0,0,0,0,0,1,Non-DAC,0,1
72332680,20190327,1754,OAK,,,N,0.017,0,0,2,2,N,N,15,37.48354,-82.54051,2,3,2,6,1,1,2,2,6,3,N,47,2019,O,098-CS-1096  -000,0.017,0,0,0,1,0,0,1,0,0,0,0,0,0,1,Non-DAC,1,0
72439330,20191120,1205,LYKINS CREEK,,,N,,0,0,1,1,N,N,35,37.5036,-82.55074,9,3,1,3,1,5,3,2,6,3,N,70,2019,O,098-CS-1249  -000,0.405,0,0,1,0,0,0,0,1,0,0,0,1,0,1,Non-DAC,1,0
72308916,20190128,1235,BYPASS,,,N,5.699,0,0,2,2,N,N,45,37.47282,-82.52271,5,3,2,6,1,1,2,2,7,3,N,35,2019,O,098-KY-1426  -000,5.699,0,0,0,1,0,0,1,0,0,0,1,0,0,1,DAC,1,0
72702571,20211022,1317,US460,098 US-460,US0460,N,0.033,1,1,2,2,N,N,55,37.44152,-82.50686,7,3,2,6,1,1,3,2,7,3,Y,54,2021,K,098-US-0460  -000,0.033,0,0,0,1,0,0,1,0,0,1,0,1,1,1,Non-DAC,0,1
72692864,20211105,1636,US23,098 US-23,US0023,N,26.137,0,0,2,2,N,N,55,37.50158,-82.53185,5,3,6,6,1,1,2,2,1,3,N,49,2021,O,098-US-0023  -000,26.137,0,0,0,0,0,0,0,0,0,0,0,0,0,1,Non-DAC,0,1
72742306,20220318,1758,CASSIDY,098 CS-1191,CS1191,N,0.16,0,0,2,2,N,N,25,37.50369,-82.53465,8,3,2,6,1,1,2,2,7,3,N,53,2022,O,098-CS-1191  -000,0.16,0,1,0,0,0,0,1,0,0,0,0,1,0,1,Non-DAC,0,1
72710520,20211217,1521,US23,098 US-23-10,US0023,N,29.827,0,0,2,2,N,N,55,37.53458,-82.5786,8,3,4,6,1,5,6,2,7,3,N,53,2021,O,098-US-0023  -000,29.827,0,0,0,1,0,0,0,0,0,0,0,1,0,1,Non-DAC,0,1
72610235,20210401,2009,CASSIDY,098 CS-1191,CS1191,N,0.087,0,0,2,2,N,N,5,37.50362,-82.53354,5,97,2,6,1,1,3,7,1,3,N,49,2021,O,098-CS-1191  -000,0.087,0,0,0,0,0,0,1,0,1,0,0,0,0,1,Non-DAC,0,1
72686390,20211022,1324,US23,,,N,19.038,0,0,2,2,N,N,55,37.44165,-82.50656,8,3,4,6,1,1,3,2,1,3,N,53,2021,O,098-US-0023  -000,19.038,0,0,0,1,0,0,1,1,0,0,0,1,0,1,Non-DAC,0,1
72448281,20191209,1029,CASSIDY,,,N,0.293,2,0,2,2,N,N,25,37.50525,-82.53673,1,3,2,3,1,5,6,2,1,3,N,55,2019,C,098-CS-1191  -000,0.293,0,0,0,0,0,0,1,1,0,0,0,0,0,1,Non-DAC,0,1
72433902,20191104,1159,US23,098 US-23-10,US0023,N,26.295,0,0,2,2,N,N,55,37.5038,-82.53237,5,3,4,6,1,1,2,2,7,3,N,49,2019,O,098-US-0023  -000,26.295,0,0,0,0,0,0,1,0,0,0,0,0,0,1,Non-DAC,1,0
72315019,20190211,1343,US23,098 US-23,US0023,N,25.502,0,0,1,1,N,N,55,37.49316,-82.5336,9,5,4,6,1,5,3,2,7,3,N,44,2019,O,098-US-0023  -000,25.502,0,0,0,0,0,0,1,0,1,0,0,1,0,1,Non-DAC,0,1
72737128,20220303,947,US23,098 US-23,US0023,N,27.311,0,0,2,2,N,N,55,37.51067,-82.54748,5,3,4,6,1,1,2,2,7,3,N,70,2022,O,098-US-0023  -000,27.311,0,0,0,1,0,0,1,0,0,0,0,0,0,1,Non-DAC,0,1
72544909,20200922,1118,US23,098 US-23-10,US0023,N,21.372,1,0,2,2,N,N,55,37.45013,-82.52436,3,3,4,6,1,1,2,2,6,3,N,52,2020,C,098-US-0023  -000,21.372,0,0,0,1,0,0,1,0,0,0,0,1,0,1,Non-DAC,1,0
72466937,20200121,1352,US23,098 US-23-10,US0023,N,26.348,3,0,2,2,N,N,55,37.50455,-82.53248,5,3,4,6,1,1,2,2,1,3,Y,49,2020,C,098-US-0023  -000,26.348,0,0,0,1,0,0,0,0,0,1,0,0,0,1,Non-DAC,0,1
72738703,20220222,830,IVY,098 CS-1033,CS1033,N,0.041,0,0,3,3,N,N,35,37.47637,-82.54686,1,97,2,6,1,5,6,2,6,3,N,47,2022,O,098-CS-1033  -000,0.041,1,0,0,0,0,0,0,0,0,0,0,1,0,1,Non-DAC,0,1
72472346,20200204,1652,US119 TURN LANE,,,N,0.006,0,0,2,2,N,N,55,37.50375,-82.53167,8,3,4,6,1,5,6,2,1,3,N,53,2020,O,098-US-0119  -021,0.006,0,0,0,1,0,0,1,0,0,0,0,1,0,1,Non-DAC,1,0
72654370,20210803,1320,US23,098 US-23,US0023,N,23.048,0,0,2,2,N,N,55,37.46588,-82.52782,5,3,4,6,1,1,2,2,7,3,N,49,2021,O,098-US-0023  -000,23.048,0,0,0,1,0,0,1,0,0,0,0,0,0,1,DAC,1,0
72357420,20190517,1740,US23,098 US-23,US0023,N,21.364,3,0,2,2,N,N,55,37.4501,-82.5244,5,3,4,6,1,1,2,2,7,3,Y,49,2019,A,098-US-0023  -000,21.364,0,0,0,0,0,0,0,0,0,1,0,1,0,1,Non-DAC,1,0
72745744,20220324,1951,THOMPSON,098 CS-1215,CS1215,N,0.673,0,0,2,2,N,N,15,37.50509,-82.54076,2,97,1,6,1,1,2,3,1,3,N,56,2022,O,098-CS-1215  -000,0.673,0,0,1,0,0,0,1,0,0,0,0,0,0,1,Non-DAC,0,1
72504901,20200526,1658,KY3496,,,N,0.868,0,0,2,2,Y,N,35,37.47209,-82.52827,6,3,2,6,1,1,2,2,1,3,N,70,2020,O,098-KY-3496  -000,0.868,0,0,0,1,0,0,0,0,0,0,0,0,0,1,DAC,0,1
72808124,20220922,2043,LONGVIEW,098 CR-1267HH,CR1267HH,N,0.007,0,0,2,2,N,N,55,37.42467,-82.51704,1,3,4,6,1,1,2,6,7,3,N,55,2022,O,098-CR-1267HH-000,0.007,0,0,0,0,0,0,1,0,0,0,0,0,0,1,Non-DAC,1,0
72537993,20200901,1029,BYPASS,098 KY-1426,KY1426,N,5.616,0,0,2,2,N,N,55,37.47237,-82.52295,1,97,2,3,2,1,2,2,1,3,N,47,2020,O,098-KY-1426  -000,5.616,0,0,0,0,0,0,0,0,0,0,0,0,0,1,DAC,0,1
72823427,20221026,1643,BAIRD,098 KY-1426,KY1426,N,5.392,0,0,3,3,N,N,25,37.47328,-82.52705,4,3,2,6,1,1,3,2,1,3,N,70,2022,O,098-KY-1426  -000,5.392,0,0,0,0,0,0,1,0,0,0,0,0,0,1,DAC,1,0
72367169,20190614,1402,BYPASS,098 KY-1426,KY1426,N,5.635,0,0,2,2,N,N,55,37.47255,-82.52382,5,3,2,6,1,1,2,2,7,3,N,49,2019,O,098-KY-1426  -000,5.635,0,0,0,0,0,0,1,0,0,0,0,0,0,1,DAC,1,0
72425561,20191022,756,KY1460,098 KY-1460,KY1460,N,6.749,1,0,1,1,N,N,45,37.48375,-82.54026,9,97,2,6,1,5,6,1,1,3,Y,44,2019,C,098-KY-1460  -000,6.749,0,0,1,0,0,0,0,0,0,0,0,1,0,1,Non-DAC,1,0
72348054,20190503,1128,TOWN MOUNTAIN,098 KY-1426,KY1426,N,6.781,0,0,2,2,N,N,55,37.48484,-82.51103,2,5,2,2,1,1,3,2,7,2,N,47,2019,O,098-KY-1426  -000,6.781,0,0,0,0,0,0,1,0,0,0,0,0,0,1,Non-DAC,0,1
72424870,20191023,747,HAROLDS BRANCH,098 CS-1223,CS1223,N,0.003,0,0,2,2,N,N,15,37.47278,-82.52267,5,3,2,6,1,5,6,2,7,3,N,70,2019,O,098-CS-1223  -000,0.003,0,0,0,0,0,0,1,0,0,0,0,0,0,1,DAC,0,1
72380430,20190704,2218,US23,098 US-23,US0023,N,20.744,0,0,2,2,N,N,55,37.443,-82.52259,8,3,4,6,1,1,2,5,1,3,N,53,2019,O,098-US-0023  -000,20.744,0,0,1,0,0,0,0,0,0,1,0,1,0,1,Non-DAC,1,0
72807866,20220911,1725,US23,098 US-23-10,US0023,N,29.636,0,0,2,2,N,N,55,37.53198,-82.57734,5,3,4,6,1,5,97,2,6,3,N,49,2022,O,098-US-0023  -000,29.636,0,0,1,0,0,0,1,0,0,0,0,0,0,1,Non-DAC,0,1
72511254,20200615,840,US23,098 US-23,US0023,N,21.404,0,0,2,2,N,N,55,37.45056,-82.52413,5,3,4,6,1,1,2,2,1,3,N,49,2020,O,098-US-0023  -000,21.404,0,0,0,0,0,0,1,0,0,0,0,0,0,1,Non-DAC,0,1
72593122,20210203,1244,CASSIDY,,,N,0.297,0,0,2,2,N,N,55,37.50507,-82.53677,8,3,4,6,1,1,2,2,7,3,N,53,2021,O,098-CS-1191  -000,0.297,0,0,0,1,0,0,1,0,0,0,0,1,0,1,Non-DAC,0,1
72307991,20190115,1338,US23,,,N,20.602,1,0,2,2,N,N,55,37.44326,-82.51931,5,3,4,3,1,1,2,2,7,3,Y,49,2019,C,098-US-0023  -000,20.602,0,0,0,0,0,0,1,0,1,0,0,0,0,1,Non-DAC,0,1
72837887,20221205,1009,CASSIDY,098 CS-1191,CS1191,N,0.252,0,0,2,2,N,N,35,37.50452,-82.53598,1,3,3,6,1,1,2,2,1,3,N,55,2022,O,098-CS-1191  -000,0.252,0,0,0,1,0,0,1,1,0,0,0,0,0,1,Non-DAC,0,1
72622300,20210507,1502,US23,098 US-23-10,US0023,N,23.499,0,0,2,2,N,N,55,37.46996,-82.53361,8,3,4,6,1,1,2,2,7,3,N,53,2021,O,098-US-0023  -000,23.499,0,0,0,0,0,0,1,0,0,0,0,1,0,1,DAC,0,1
72771388,20220609,1100,OWSLEY,098 KY-1384,KY1384,N,7.448,0,0,2,2,N,N,45,37.48263,-82.53395,2,3,4,6,1,1,2,2,7,3,N,56,2022,O,098-KY-1384  -000,7.448,0,0,0,0,0,0,1,0,0,0,0,0,0,1,DAC,1,0
72531917,20200814,1718,WOLFORD,,,N,0.095,0,0,2,2,N,Y,25,37.48319,-82.518,2,3,1,6,1,1,2,2,6,3,N,47,2020,O,098-CS-1120  -000,0.095,0,0,0,0,0,0,0,0,0,0,0,0,0,1,DAC,1,0
72547184,20200918,1149,HAMBLEY,,,N,0.549,1,0,4,4,N,N,25,37.47902,-82.51991,1,5,3,6,1,1,2,2,7,3,Y,51,2020,C,098-CS-1222  -000,0.549,0,0,0,1,0,0,1,0,0,0,0,1,0,1,DAC,0,1
72513188,20200615,1134,MAYO,,,N,20.489,3,0,2,2,N,N,55,37.4435,-82.51866,1,3,4,6,1,1,3,2,2,3,Y,55,2020,A,098-US-0023  -000,20.489,0,0,0,1,0,0,1,1,0,0,0,0,1,1,Non-DAC,0,1
72741576,20220316,2220,US23,098 US-23-10,US0023,N,31.345,0,0,1,1,N,N,55,37.53633,-82.59692,9,6,4,3,1,1,2,6,7,3,N,40,2022,O,098-US-0023  -000,31.345,0,0,0,0,0,0,0,0,0,0,0,1,0,1,Non-DAC,0,1
72343630,20190423,1602,LYKINS,,,N,0.066,0,0,2,1,N,N,15,37.50715,-82.54803,9,3,1,6,1,1,2,2,2,3,N,91,2019,O,098-CS-1249  -000,0.066,0,0,0,0,0,0,0,1,0,0,0,0,0,1,Non-DAC,0,1
72339990,20190416,1202,HAMBLEY,098 CS-1222,CS1222,N,1.44,0,0,2,2,N,N,35,37.48382,-82.52908,8,3,2,6,1,1,2,2,6,3,N,53,2019,O,098-CS-1222  -000,1.44,0,0,0,0,0,0,1,0,0,0,0,1,0,1,DAC,1,0
72663025,20210825,1814,HAMBLEY,,,N,1.191,0,0,2,2,N,N,35,37.48539,-82.52507,5,3,2,6,1,5,3,2,1,3,N,49,2021,O,098-CS-1222  -000,1.191,0,0,1,1,0,0,1,0,0,0,0,0,0,1,DAC,0,1
72795147,20220811,1551,KY1426,098 KY-1426,KY1426,N,6.913,0,0,2,2,N,N,45,37.48638,-82.509,5,3,2,6,1,1,2,2,7,3,N,49,2022,O,098-KY-1426  -000,6.913,0,0,1,0,0,0,1,0,0,1,0,0,0,1,Non-DAC,1,0
72708332,20211203,50,HAMBLEY,098 CS-1222,CS1222,N,0.168,1,0,3,3,N,N,25,37.47491,-82.52447,5,3,2,6,1,1,2,4,1,3,Y,47,2021,C,098-CS-1222  -000,0.168,0,0,0,0,0,0,0,0,0,0,0,0,0,1,DAC,0,1
72509948,20200605,1412,KY1460,098 KY-1460,KY1460,N,7.105,0,0,2,2,N,N,45,37.48608,-82.54227,5,3,2,6,1,1,3,2,1,3,N,49,2020,O,098-KY-1460  -000,7.105,0,0,0,0,0,0,0,0,0,0,0,0,0,1,Non-DAC,1,0
72644536,20210706,1352,MAIN,098 CS-1112,CS1112,N,0.055,0,0,4,4,N,N,15,37.47845,-82.51814,8,5,2,6,1,1,2,2,1,3,N,47,2021,O,098-CS-1112  -000,0.055,0,0,0,0,0,0,0,0,0,0,0,0,0,1,DAC,1,0
72411890,20190921,1526,HAMBLEY,098 CS-1222,CS1222,N,0.433,0,0,3,3,N,N,25,37.47758,-82.52102,2,5,3,6,1,1,2,2,1,3,N,47,2019,O,098-CS-1222  -000,0.433,0,0,0,0,0,0,0,0,0,0,0,0,0,1,DAC,0,1
72795150,20220810,1603,US23,098 US-23,US0023,N,25.396,0,0,2,2,N,N,55,37.49213,-82.535,5,3,4,6,1,1,2,2,7,3,N,49,2022,O,098-US-0023  -000,25.396,0,0,1,0,0,0,0,0,0,0,0,0,0,1,Non-DAC,0,1
72424518,20191016,2009,US23,,,N,25.718,0,0,1,1,N,N,55,37.49567,-82.53133,9,3,4,6,1,1,2,6,7,3,N,38,2019,O,098-US-0023  -000,25.718,0,0,0,0,0,0,0,0,0,0,0,0,0,1,Non-DAC,1,0
72794105,20220815,1043,US23,098 US-23,US0023,N,25.411,0,0,2,2,N,N,55,37.49218,-82.53471,5,3,4,6,1,5,3,2,7,3,N,49,2022,O,098-US-0023  -000,25.411,0,0,0,1,0,0,1,0,0,0,0,0,0,1,Non-DAC,1,0
72565669,20201023,2300,KY3218,098 KY-3218,KY3218,N,3.273,1,0,1,1,N,N,55,37.56253,-82.55721,9,3,2,1,1,1,2,6,7,3,Y,44,2020,B,098-KY-3218  -000,3.273,0,0,0,0,0,0,0,0,0,0,0,1,0,1,Non-DAC,1,0
72378214,20190710,240,CHLOE,,,N,4.334,0,0,1,1,N,N,45,37.47701,-82.50252,9,3,2,3,1,1,2,2,7,3,N,44,2019,O,098-KY-1460  -000,4.334,0,0,0,0,0,0,1,0,0,1,0,1,0,1,Non-DAC,0,1
72604322,20210312,1842,HAMBLEY,098 CS-1222,CS1222,N,0.118,0,0,2,2,Y,N,25,37.47464,-82.52528,8,3,2,6,1,1,2,2,6,3,N,47,2021,O,098-CS-1222  -000,0.118,0,0,0,0,0,0,0,0,1,0,0,0,0,1,DAC,1,0
72319229,20190220,1454,MAIN,098 CS-1112,CS1112,N,0.047,0,0,2,2,N,N,15,37.47836,-82.51824,8,3,1,6,1,5,6,2,1,3,N,47,2019,O,098-CS-1112  -000,0.047,0,0,0,1,0,0,0,0,0,0,0,0,0,1,DAC,1,0
72707645,20211210,1705,US23,098 US-23,US0023,N,26.274,0,0,2,2,N,N,55,37.50353,-82.53213,5,3,4,6,1,5,3,2,1,3,N,49,2021,O,098-US-0023  -000,26.274,0,0,1,0,0,0,0,0,0,0,0,0,0,1,Non-DAC,1,0
72563788,20201111,817,,,,N,0.009,0,0,1,1,N,N,55,37.43663,-82.51089,9,4,4,1,1,5,3,2,7,3,N,72,2020,O,098-US-0023  -422,0.009,0,0,0,0,0,0,0,0,0,0,0,1,0,1,Non-DAC,1,0
72712953,20211218,2112,HAROLDS BRANCH,098 CS-1223,CS1223,N,1.096,0,0,2,2,Y,N,55,37.46728,-82.50548,7,3,1,2,1,5,2,6,7,3,N,54,2021,O,098-CS-1223  -000,1.096,0,0,0,0,0,0,0,0,0,0,0,1,0,1,Non-DAC,1,0
72563567,20201111,1628,PEACH ORCHARD,,,N,0.164,0,0,2,2,N,N,35,37.47973,-82.52433,7,3,2,1,1,5,6,2,6,3,N,54,2020,O,098-CS-1156  -000,0.164,0,0,1,1,0,0,0,1,0,0,0,1,0,1,DAC,0,1
72746881,20220327,2336,KY3496,098 KY-3496,KY3496,N,0.233,0,0,2,2,Y,N,35,37.46681,-82.53168,5,3,2,3,1,1,2,5,1,3,N,49,2022,O,098-KY-3496  -000,0.233,0,0,0,0,0,0,0,0,0,0,0,0,0,1,DAC,0,1
72737354,20220304,1300,US119,098 US-119-10,US0119,N,1.198,1,0,1,1,N,N,55,37.50915,-82.51213,9,3,2,6,1,1,2,2,6,3,N,44,2022,C,098-US-0119  -000,1.198,0,0,0,0,0,0,0,0,0,0,0,1,0,1,Non-DAC,0,1
72739512,20220307,1016,CASSIDY,098 CS-1191,CS1191,N,0.209,0,0,2,2,N,N,35,37.5042,-82.53534,1,3,2,6,1,1,3,2,1,3,N,55,2022,O,098-CS-1191  -000,0.209,0,0,1,0,0,0,1,1,0,0,0,0,0,1,Non-DAC,0,1
72772153,20220613,933,US23,098 US-23-10,US0023,N,24.057,0,0,1,1,N,N,55,37.47623,-82.53918,9,3,4,6,1,6,6,2,7,3,N,70,2022,O,098-US-0023  -000,24.057,0,0,0,0,0,0,0,0,0,0,0,1,0,1,DAC,0,1
72521115,20200713,1656,HIBBARD,,,N,,0,0,2,2,N,N,15,37.47308,-82.52643,5,97,1,6,1,1,2,2,1,3,N,70,2020,O,098-CS-1053  -000,0.016,0,0,1,1,0,0,1,0,0,0,0,0,0,1,DAC,1,0
72599229,20210226,1424,,,,N,0.417,0,0,2,2,N,N,55,37.47464,-82.53696,8,3,4,6,1,5,6,2,1,3,N,85,2021,O,098-US-0023  -121,0.417,0,0,0,1,0,0,1,0,0,0,0,0,0,1,DAC,1,0
72448210,20191209,1001,US23,,,N,26.313,0,0,2,2,N,N,55,37.50402,-82.53246,5,3,4,6,1,5,3,2,1,3,N,49,2019,O,098-US-0023  -000,26.313,0,0,0,0,0,0,1,0,0,0,0,0,0,1,Non-DAC,1,0
72690832,20211026,2350,CHLOE,098 KY-1460,KY1460,N,3.896,1,0,1,1,N,N,35,37.47702,-82.49495,9,6,2,6,1,1,3,6,7,3,N,44,2021,C,098-KY-1460  -000,3.896,0,0,0,0,0,0,0,0,0,0,0,1,0,1,Non-DAC,1,0
72757441,20220503,1524,US23,,,N,26.339,0,0,2,2,N,N,55,37.50443,-82.53247,5,3,4,6,1,1,2,2,2,3,N,70,2022,O,098-US-0023  -000,26.339,0,0,0,0,0,0,1,0,0,0,0,0,0,1,Non-DAC,0,1
72720066,20220111,1147,CASSIDY,098 CS-1191,CS1191,N,0.311,0,0,2,2,N,N,15,37.50518,-82.53706,1,3,2,6,1,1,2,2,1,3,N,55,2022,O,098-CS-1191  -000,0.311,0,0,0,0,0,0,0,0,0,0,0,0,0,1,Non-DAC,0,1
72773278,20220609,1146,US23,098 US-23-10,US0023,N,30.439,0,0,2,2,N,N,55,37.54203,-82.58414,1,3,4,3,1,1,2,2,7,3,N,55,2022,O,098-US-0023  -000,30.439,0,0,0,0,0,0,1,0,0,0,0,0,0,1,Non-DAC,0,1
72833462,20221122,2300,OWSLEY,098 KY-1384,KY1384,N,6.194,0,0,1,1,N,N,35,37.47606,-82.55277,9,3,2,6,1,1,3,6,6,3,N,38,2022,O,098-KY-1384  -000,6.194,0,0,1,0,0,0,0,0,0,0,0,0,0,1,Non-DAC,1,0
72786461,20220629,1236,US23,098 US-23-10,US0023,N,26.314,0,0,2,2,N,N,55,37.50409,-82.5324,5,3,4,6,1,1,2,2,1,3,N,49,2022,O,098-US-0023  -000,26.314,0,0,0,0,0,0,1,0,0,0,0,0,0,1,Non-DAC,1,0
72502271,20200518,36,US23,,,N,29.912,0,0,1,1,N,N,55,37.53595,-82.57909,9,3,2,3,1,1,2,6,7,3,N,38,2020,O,098-US-0023  -000,29.912,0,0,0,0,0,0,1,0,0,0,0,0,0,1,Non-DAC,1,0
72451924,20191216,1431,CASSIDY,098 CS-1191,CS1191,N,0.161,0,0,2,2,N,N,25,37.5037,-82.53467,1,3,5,6,1,5,6,2,1,3,N,55,2019,O,098-CS-1191  -000,0.161,0,0,0,1,0,0,1,1,0,0,0,0,0,1,Non-DAC,0,1
72493770,20200407,2144,NORTHGATE,098 CS-1021,CS1021,N,0.04,0,0,1,1,N,N,15,37.48668,-82.50948,9,5,1,4,1,1,2,5,6,3,N,40,2020,O,098-CS-1021  -000,0.04,0,0,0,0,0,0,1,0,1,1,0,1,0,1,Non-DAC,0,1
72339192,20190407,1613,US23,,,N,25.576,3,0,2,2,N,N,55,37.49397,-82.5327,5,3,4,6,1,5,6,2,7,3,Y,49,2019,C,098-US-0023  -000,25.576,0,0,0,0,0,0,1,1,0,0,0,0,0,1,Non-DAC,0,1
72570825,20201201,1227,HAROLDS BRANCH,098 CS-1223,CS1223,N,0.902,0,0,2,2,N,N,25,37.46746,-82.50822,7,3,1,3,3,5,2,2,7,3,N,54,2020,O,098-CS-1223  -000,0.902,0,1,0,0,0,0,1,0,0,0,0,1,0,1,Non-DAC,1,0
72461633,20200103,1617,US23,,,N,31.082,0,0,2,2,N,N,55,37.53868,-82.59374,8,3,4,6,1,5,3,2,7,3,N,53,2020,O,098-US-0023  -000,31.082,0,0,0,0,0,0,1,0,0,0,0,1,0,1,Non-DAC,0,1
72713365,20211224,1817,US23,,,N,0.181,0,0,2,2,N,N,55,37.48003,-82.54353,8,3,4,6,1,1,2,5,7,3,N,53,2021,O,098-US-0023  -231,0.181,0,0,0,0,0,0,0,0,0,0,0,1,0,1,Non-DAC,0,1
72820090,20221024,619,KY3218,,,N,1.558,0,0,1,1,N,N,55,37.55075,-82.58157,9,3,2,4,1,1,2,6,6,3,N,40,2022,O,098-KY-3218  -000,1.558,0,0,0,0,0,0,0,0,0,0,0,1,0,1,Non-DAC,0,1
72312010,20190205,1040,KY1460,098 KY-1460,KY1460,N,7.11,0,0,2,2,N,Y,15,37.48596,-82.54236,8,3,2,2,1,5,3,2,7,3,N,53,2019,O,098-KY-1460  -000,7.11,0,0,0,1,0,0,0,1,0,0,0,1,0,1,Non-DAC,1,0
72515936,20200629,946,SYCAMORE,098 CS-1168,CS1168,N,0.228,0,0,1,1,N,N,15,37.48012,-82.52096,9,5,1,6,1,1,2,2,6,3,N,40,2020,O,098-CS-1168  -000,0.228,0,0,0,0,0,0,0,0,0,0,0,1,0,1,DAC,0,1
72844834,20221219,1545,HAROLDS BRANCH,098 CS-1223,CS1223,N,,0,0,2,2,N,N,35,37.47281,-82.5227,5,3,3,6,1,1,2,2,7,3,N,70,2022,O,098-CS-1223  -000,0.001,0,0,0,0,0,0,1,1,0,0,0,0,0,1,DAC,1,0
72361416,20190530,1424,US23,098 US-23,US0023,N,29.466,2,0,2,2,N,N,45,37.52983,-82.57586,1,3,6,6,1,1,2,2,1,3,Y,8,2019,B,098-US-0023  -000,29.466,0,0,0,0,0,0,0,1,0,0,1,0,0,1,Non-DAC,1,0
72643091,20210702,1559,US23 TURN LANE,098 US-23-21,US0023,N,0.021,0,0,2,2,N,N,55,37.50354,-82.53238,5,3,4,6,1,1,2,2,7,3,N,49,2021,O,098-US-0023  -021,0.021,0,0,0,0,0,0,1,0,0,0,0,0,0,1,Non-DAC,1,0
72420737,20191014,1626,BOB AMOS,,,N,1.008,0,0,1,1,N,N,25,37.46581,-82.54292,9,97,1,6,1,1,2,2,7,3,N,40,2019,O,098-CS-1025  -000,1.008,0,0,0,0,0,0,1,0,0,0,0,1,0,1,Non-DAC,1,0
72751649,20220417,320,CHLOE,098 KY-1460,KY1460,N,4.594,2,0,1,1,N,N,35,37.47744,-82.50735,9,6,2,3,1,1,2,5,1,3,Y,40,2022,B,098-KY-1460  -000,4.594,0,0,0,0,0,0,1,0,0,1,0,1,0,1,Non-DAC,1,0
72585693,20210114,1842,US23,,,N,18.869,2,0,2,2,N,N,55,37.43974,-82.50823,8,3,4,6,1,1,2,6,1,3,Y,53,2021,B,098-US-0023  -000,18.869,0,0,0,1,0,0,1,0,0,0,0,1,0,1,Non-DAC,0,1
72549579,20201005,1857,CHLOE,098 KY-1460,KY1460,N,4.815,0,0,1,1,N,N,45,37.47805,-82.51153,9,3,2,3,1,1,3,2,7,3,N,44,2020,O,098-KY-1460  -000,4.815,0,0,0,1,0,0,0,0,0,0,0,1,0,1,Non-DAC,0,1
72661465,20210821,1538,US23,098 US-23-10,US0023,N,26.876,0,0,2,2,N,N,55,37.50972,-82.53894,5,3,4,6,1,1,2,2,1,3,Y,49,2021,O,098-US-0023  -000,26.876,0,0,0,0,0,0,1,0,1,0,0,0,0,1,Non-DAC,0,1
72334767,20190403,733,BAIRD,098 KY-1426,KY1426,N,5.393,0,0,2,2,N,N,55,37.4733,-82.52711,1,3,2,6,1,1,2,2,1,3,N,55,2019,O,098-KY-1426  -000,5.393,0,0,0,0,0,0,1,0,0,0,0,0,0,1,DAC,1,0