MasterFile,CollisionDate,CollisionTime,RoadwayName,RSEUniqueGIS,RoadwayIdentifier,ParkingLotIndicator,Milepoint,NumberInjured,NumberKilled,ofUnits,ofMotorVehicleUnits,Hit&RunIndicator,OneWayIndicator,SpeedLimitNumber,Latitude,Longitude,MannerofCollisionCode,LocationFirstEventCode,TotalLanes,RoadwayCharacterCode,RoadwaySurfaceCode,RoadwayConditionCode,WeatherCode,LightConditionCode,LandUseCode,SchoolBusRelatedCode,FirstAidSceneIndicator,DirectionalAnalysis,YR,KABCO,KTC_RT,KTC_MP,Motorcyclist,Commercial Vehicle,Young Driver,Mature Driver,Pedestrian,Bicyclist,Distracted,Aggressive,Impaired,Unrestrained,Intersection,Roadway Departure,Median Cross-over,CityCrash,DACid,Intersection Crash,Segment Crash
72699518,20211116,1835,OWSLEY,098 KY-1384,KY1384,N,5.402,0,0,1,1,N,N,35,37.48179,-82.56426,9,3,2,4,1,1,2,6,7,3,N,40,2021,O,098-KY-1384  -000,5.402,0,0,0,0,0,0,0,0,0,0,0,1,0,1,Non-DAC,0,1
72572895,20201207,1238,US23,,,N,30.937,0,0,1,1,N,N,55,37.54042,-82.59234,9,2,4,3,1,1,3,2,1,3,N,70,2020,O,098-US-0023  -000,30.937,0,0,0,0,0,0,0,0,0,0,0,1,0,1,Non-DAC,0,1
72811400,20220924,1305,CASSIDY,098 CS-1191,CS1191,N,0.16,0,0,2,2,N,N,35,37.50369,-82.53466,3,3,4,6,1,1,2,2,1,3,N,52,2022,O,098-CS-1191  -000,0.16,0,0,1,1,0,0,1,0,0,0,0,1,0,1,Non-DAC,0,1
72634632,20210610,859,CASSIDY,098 CS-1191,CS1191,N,0.038,0,0,2,2,N,N,15,37.5037,-82.53279,5,3,4,6,2,1,3,2,7,3,N,49,2021,O,098-CS-1191  -000,0.038,0,0,0,0,0,0,0,0,0,0,0,0,0,1,Non-DAC,1,0
72709725,20211211,936,BYPASS,098 KY-1426,KY1426,N,6.117,1,0,2,2,N,N,45,37.4769,-82.51706,5,3,2,6,1,5,6,2,1,3,Y,70,2021,C,098-KY-1426  -000,6.117,0,0,0,0,0,0,1,0,0,0,0,0,0,1,DAC,1,0
72407702,20190913,755,HAMBLEY,098 CS-1222,CS1222,N,0.396,0,0,2,2,N,N,45,37.47725,-82.52155,7,3,2,6,1,1,2,2,1,3,N,54,2019,O,098-CS-1222  -000,0.396,0,0,0,0,0,0,1,0,0,0,0,1,0,1,DAC,1,0
72360556,20190531,1502,MAYO,098 US-23-10,US0023,N,26.235,0,0,1,1,N,N,55,37.50298,-82.53228,9,3,4,6,1,1,3,2,7,3,N,40,2019,O,098-US-0023  -000,26.235,0,0,0,1,0,0,0,0,0,0,0,1,0,1,Non-DAC,1,0
72457795,20191231,726,US23,,,N,25.747,0,0,2,2,N,N,55,37.49603,-82.53111,8,3,4,3,1,1,2,5,7,3,N,53,2019,O,098-US-0023  -000,25.747,0,0,0,0,0,0,1,0,0,0,0,1,0,1,Non-DAC,1,0
72321824,20190301,1214,BYPASS,,,N,5.526,0,0,2,2,N,N,45,37.47234,-82.5258,1,3,3,6,1,5,6,2,7,3,N,55,2019,O,098-KY-1426  -000,5.526,0,0,0,0,0,0,1,0,0,0,0,0,0,1,DAC,0,1
72810823,20220929,1940,COLLEGE,098 CS-1152,CS1152,N,0.209,0,0,2,2,N,N,25,37.4751,-82.52449,2,3,1,6,1,1,2,3,7,3,N,56,2022,O,098-CS-1152  -000,0.209,0,0,0,0,0,0,1,0,0,0,0,0,0,1,DAC,0,1
72360571,20190530,2118,US23,098 US-23,US0023,N,26.286,0,0,2,2,N,N,55,37.5037,-82.53215,1,3,4,6,1,1,2,5,7,3,N,55,2019,O,098-US-0023  -000,26.286,0,0,1,0,0,0,0,0,0,0,0,0,0,1,Non-DAC,1,0
72813943,20221007,1657,BYPASS,,,N,5.541,0,0,2,2,N,N,35,37.47233,-82.52552,1,3,2,6,1,1,2,2,1,3,N,55,2022,O,098-KY-1426  -000,5.541,0,0,0,0,0,0,0,0,0,1,0,0,0,1,DAC,0,1
72679039,20211001,948,ELM,098 CS-1169,CS1169,N,0.004,0,0,2,2,N,N,15,37.47709,-82.5218,5,3,2,4,1,1,2,2,7,3,N,49,2021,O,098-CS-1169  -000,0.004,0,0,1,1,0,0,0,0,0,0,0,0,0,1,DAC,1,0
72411962,20190925,1719,US23,098 US-23,US0023,N,26.283,0,0,2,2,N,N,55,37.50364,-82.53235,5,3,3,6,1,1,2,2,7,3,N,49,2019,O,098-US-0023  -000,26.283,0,0,0,0,0,0,1,0,0,0,0,0,0,1,Non-DAC,1,0
72506855,20200531,1346,US23,098 US-23-10,US0023,N,29.875,0,0,2,2,N,N,55,37.53521,-82.57896,5,3,4,6,1,1,2,2,3,3,N,49,2020,O,098-US-0023  -000,29.875,0,0,1,0,0,0,1,0,0,0,0,0,0,1,Non-DAC,0,1
72507244,20200603,1228,HUFFMAN,098 CS-1123,CS1123,N,0.097,0,0,2,2,N,N,15,37.47772,-82.51855,1,3,3,6,1,1,2,2,1,3,N,55,2020,O,098-CS-1123  -000,0.097,0,0,0,0,0,0,0,0,1,0,0,0,0,1,DAC,1,0
72531137,20200813,1610,US23,,,N,21.541,0,0,2,2,N,N,45,37.45232,-82.52303,2,2,4,6,1,1,2,2,1,3,N,56,2020,O,098-US-0023  -000,21.541,0,0,0,0,0,0,1,0,0,0,0,0,0,1,Non-DAC,1,0
72360570,20190531,2045,US23,098 US-23,US0023,N,26.288,0,0,2,2,N,N,55,37.50372,-82.53215,2,3,4,6,1,1,2,2,7,3,N,56,2019,O,098-US-0023  -000,26.288,0,0,0,1,0,0,1,0,0,0,0,0,0,1,Non-DAC,1,0
72802194,20220901,1801,US23,098 US-23,US0023,N,25.72,1,0,4,4,N,N,55,37.49567,-82.53117,5,3,4,6,1,1,2,2,7,3,Y,49,2022,B,098-US-0023  -000,25.72,0,0,0,1,0,0,1,0,0,0,0,0,0,1,Non-DAC,1,0
72727433,20220203,2004,US23,098 US-23,US0023,N,24.815,0,0,2,2,N,N,55,37.48602,-82.54214,8,3,4,6,1,5,6,6,7,3,N,53,2022,O,098-US-0023  -000,24.815,0,0,0,0,0,0,1,0,0,0,0,1,0,1,Non-DAC,1,0
72517512,20200702,2320,US23,,,N,18.558,0,0,1,1,N,N,55,37.43636,-82.51183,9,3,4,6,2,1,2,6,7,3,N,38,2020,O,098-US-0023  -000,18.558,0,0,0,0,0,0,0,0,0,0,0,0,0,1,Non-DAC,0,1
72357394,20190517,1834,US23,098 US-23,US0023,N,23.054,0,0,2,2,N,N,55,37.4659,-82.52793,5,3,4,6,1,1,2,2,7,3,N,49,2019,O,098-US-0023  -000,23.054,0,0,0,0,0,0,1,1,0,1,0,0,0,1,DAC,1,0
72813068,20221004,1736,CASSIDY,098 CS-1191,CS1191,N,0.159,0,0,2,2,N,N,35,37.50367,-82.53465,1,3,4,3,1,1,2,2,1,3,N,55,2022,O,098-CS-1191  -000,0.159,0,0,0,1,0,0,1,0,0,0,0,0,0,1,Non-DAC,0,1
72760628,20220512,820,SCOTT,098 CS-1116,CS1116,N,0.211,0,0,2,2,N,N,25,37.48381,-82.51859,1,3,1,6,1,1,2,2,6,3,N,55,2022,O,098-CS-1116  -000,0.211,0,0,0,0,0,0,0,0,0,0,0,0,0,1,DAC,1,0
72362383,20190531,850,MAIN,,,N,0.166,0,0,2,2,Y,Y,15,37.47985,-82.51718,8,3,2,6,1,1,3,2,1,3,N,47,2019,O,098-CS-1112  -000,0.166,0,0,0,0,0,0,1,0,0,0,0,0,0,1,DAC,0,1
72345338,20190420,2042,KY3496,,,N,0.018,0,0,2,2,N,N,35,37.46572,-82.5282,8,3,4,6,1,5,6,5,1,3,N,53,2019,O,098-KY-3496  -000,0.018,0,0,0,1,0,0,0,0,0,0,0,1,0,1,DAC,1,0
72624650,20210514,1315,HUFFMAN,098 CS-1123,CS1123,N,0.019,0,0,2,2,N,N,15,37.47703,-82.51736,1,3,3,6,1,1,2,2,7,3,N,55,2021,O,098-CS-1123  -000,0.019,0,0,0,1,0,0,1,0,0,0,0,0,0,1,DAC,1,0
72615082,20210416,1405,MAYO,098 US-23,US0023,N,,3,0,2,2,N,N,45,37.52984,-82.57599,4,3,6,6,1,1,2,2,7,3,Y,70,2021,C,098-US-0023  -000,29.469,0,0,0,0,0,0,1,1,0,0,0,0,0,1,Non-DAC,1,0
72557974,20201028,748,US23,098 US-23-10,US0023,N,26.291,0,0,3,3,N,N,55,37.50374,-82.53237,5,3,4,6,1,5,3,2,7,3,N,35,2020,O,098-US-0023  -000,26.291,0,0,1,0,0,0,1,0,0,0,1,0,0,1,Non-DAC,1,0
72645223,20210708,1951,US23,098 US-23,US0023,N,30.957,2,0,1,1,N,N,55,37.54005,-82.59243,9,3,4,6,1,1,2,2,7,3,Y,38,2021,A,098-US-0023  -000,30.957,1,0,0,0,0,0,0,0,0,0,0,1,0,1,Non-DAC,0,1
72617511,20210422,1420,US23,,,N,23.891,1,0,3,3,N,N,55,37.47466,-82.537,5,3,4,6,1,1,3,2,7,3,Y,49,2021,C,098-US-0023  -000,23.891,0,0,0,0,0,0,0,0,0,0,0,0,0,1,DAC,1,0
72319302,20190222,1906,MAIN,098 CS-1112,CS1112,N,0.055,0,0,2,2,N,Y,15,37.47844,-82.51814,1,3,1,6,1,5,6,5,7,3,N,55,2019,O,098-CS-1112  -000,0.055,0,0,0,0,0,0,0,1,0,0,0,0,0,1,DAC,1,0
72659576,20210810,1637,US23,098 US-23,US0023,N,25.721,0,0,2,2,N,N,55,37.49567,-82.53115,5,3,4,6,1,1,2,2,1,3,N,49,2021,O,098-US-0023  -000,25.721,0,0,0,0,0,0,1,0,0,0,0,0,0,1,Non-DAC,1,0
72551193,20201010,1633,US23,098 US-23,US0023,N,26.237,0,0,2,2,N,N,55,37.50299,-82.53206,5,3,4,6,1,5,6,2,1,3,N,70,2020,O,098-US-0023  -000,26.237,0,0,0,0,0,0,0,1,0,0,0,0,0,1,Non-DAC,1,0
72722860,20220114,1212,US23,098 US-23,US0023,N,31.559,0,0,2,2,N,N,55,37.53688,-82.60082,5,3,4,6,1,1,3,2,7,3,N,49,2022,O,098-US-0023  -000,31.559,0,0,0,0,0,0,0,0,0,0,0,0,0,1,Non-DAC,0,1
72815220,20221010,1226,PIKE,,,N,,0,0,2,2,N,N,25,37.48085,-82.51766,2,3,2,6,1,1,2,2,1,3,N,56,2022,O,098-CS-1113  -000,0.138,0,0,0,0,0,0,1,0,0,0,0,0,0,1,DAC,1,0
72613700,20210413,1707,3RD,098 CS-1118,CS1118,N,0.106,0,0,2,2,N,N,35,37.48236,-82.51788,4,3,1,6,1,1,2,2,7,3,N,16,2021,O,098-CS-1118  -000,0.106,0,0,0,0,0,0,1,0,0,0,1,0,0,1,DAC,1,0
72407921,20190916,1703,US23,,,N,20.763,0,0,2,2,N,N,55,37.44294,-82.5222,1,3,4,3,1,1,2,2,7,3,N,55,2019,O,098-US-0023  -000,20.763,0,0,0,1,0,0,1,1,0,0,0,0,0,1,Non-DAC,1,0
72607172,20210325,2046,CASSIDY,,,N,0.235,0,0,2,2,Y,N,25,37.50438,-82.53573,1,3,4,6,1,5,3,5,1,3,N,55,2021,O,098-CS-1191  -000,0.235,0,0,0,0,0,0,1,1,0,0,0,0,0,1,Non-DAC,0,1
72811268,20220921,2007,,,,N,0.012,0,0,2,2,N,N,45,37.47971,-82.54192,1,3,4,6,1,1,2,6,7,3,N,10,2022,O,098-US-0023  -212,0.012,0,0,0,0,0,0,1,1,0,0,1,0,0,1,DAC,1,0
72606835,20210323,1544,US23,,,N,21.015,0,0,2,2,N,N,55,37.44522,-82.5256,8,3,4,6,1,1,2,2,1,3,N,53,2021,O,098-US-0023  -000,21.015,0,0,1,0,0,0,1,0,0,0,0,1,0,1,Non-DAC,0,1
72448043,20191129,1228,US23,098 US-23,US0023,N,32.799,0,0,2,2,N,N,55,37.53181,-82.61948,1,3,4,6,1,1,2,2,1,3,N,55,2019,O,098-US-0023  -000,32.799,0,0,0,1,0,0,1,0,0,0,0,0,0,1,Non-DAC,1,0
72424372,20191022,804,HAMBLEY,,,N,,0,0,3,3,N,N,35,37.47379,-82.52811,5,3,2,4,1,5,6,2,7,3,N,49,2019,O,098-CS-1222  -000,0,0,0,0,0,0,0,1,1,0,0,0,0,0,1,DAC,1,0
72501905,20200515,1810,MAYO,098 US-23-10,US0023,N,26.297,2,0,2,2,N,N,55,37.50385,-82.53238,4,3,4,6,1,1,2,2,1,3,Y,70,2020,B,098-US-0023  -000,26.297,0,0,0,0,0,0,0,1,0,1,0,0,0,1,Non-DAC,1,0
72382661,20190719,733,BANK,098 CS-1106,CS1106,N,0.114,0,0,2,2,Y,N,15,37.47639,-82.51991,2,3,,6,1,1,2,2,1,3,N,47,2019,O,098-CS-1106  -000,0.114,0,0,0,0,0,0,1,0,0,0,0,0,0,1,DAC,1,0
72509947,20200531,1447,US23,098 US-23,US0023,N,22.561,0,0,1,1,N,N,55,37.46437,-82.51945,9,3,4,6,1,1,2,2,1,3,N,38,2020,O,098-US-0023  -000,22.561,0,0,0,0,0,0,0,0,0,0,0,0,0,1,Non-DAC,0,1
72775610,20220611,8,CASSIDY,098 CS-1191,CS1191,N,0.056,0,0,1,1,N,N,35,37.50367,-82.53306,9,3,4,6,1,1,2,7,1,3,N,70,2022,O,098-CS-1191  -000,0.056,0,0,0,0,0,0,0,0,0,0,0,0,0,1,Non-DAC,0,1
72491511,20200329,1855,US23,,,N,23.475,0,0,2,2,N,N,55,37.46969,-82.53326,8,3,4,3,1,1,2,2,1,3,N,47,2020,O,098-US-0023  -000,23.475,0,0,0,1,0,0,1,0,0,0,0,0,0,1,DAC,0,1
72505385,20200528,1246,US23,,,N,27.313,0,0,2,2,N,N,55,37.51068,-82.54751,5,3,4,6,1,1,3,2,7,3,N,70,2020,O,098-US-0023  -000,27.313,0,0,0,0,0,0,1,0,0,0,0,0,0,1,Non-DAC,0,1
72583232,20201230,1857,US23,,,N,29.524,0,0,2,2,N,N,45,37.53057,-82.57635,8,6,4,6,1,1,2,6,1,3,N,51,2020,O,098-US-0023  -000,29.524,0,1,0,1,0,0,0,0,0,1,0,1,0,1,Non-DAC,0,1
72631811,20210602,1212,HUFFMAN,098 CS-1123,CS1123,N,0.055,0,0,2,2,N,N,15,37.47731,-82.51792,8,3,3,6,1,1,2,2,7,3,N,47,2021,O,098-CS-1123  -000,0.055,0,0,0,0,0,0,0,0,0,0,0,0,0,1,DAC,0,1
72837197,20221203,1318,BROAD BOTTOM,098 CR-1419,CR1419,N,0.104,0,0,2,2,N,N,35,37.53094,-82.57867,1,3,2,6,3,5,3,2,7,3,Y,55,2022,O,098-CR-1419  -000,0.104,0,0,0,0,0,0,1,0,0,0,0,0,0,1,Non-DAC,0,1
72384941,20190725,1340,US23,098 US-23,US0023,N,27.337,0,0,2,2,N,N,55,37.51077,-82.54797,5,3,4,6,1,1,2,2,7,3,N,49,2019,O,098-US-0023  -000,27.337,0,0,0,1,0,0,1,1,0,0,0,0,0,1,Non-DAC,1,0
72706751,20211207,1408,KY1460,098 KY-1460,KY1460,N,6.869,0,0,2,2,N,N,25,37.48409,-82.5428,5,3,2,6,97,5,3,2,6,3,N,49,2021,O,098-KY-1460  -000,6.869,0,0,0,0,0,0,1,0,0,0,0,0,0,1,Non-DAC,1,0
72518791,20200706,1800,US23,,,N,24.895,0,0,2,2,N,N,55,37.48705,-82.54144,8,3,4,6,1,1,2,2,7,3,N,53,2020,O,098-US-0023  -000,24.895,0,0,0,0,0,0,0,0,0,0,0,1,0,1,Non-DAC,0,1
72307932,20190124,1646,CEDAR HILLS,098 KY-1426,KY1426,N,2.734,0,0,1,1,N,N,55,37.45518,-82.54928,9,5,2,3,1,5,2,6,7,3,N,51,2019,O,098-KY-1426  -000,2.734,0,0,0,0,0,0,0,0,0,0,0,1,0,1,Non-DAC,1,0
72569024,20201119,1100,CHLOE,098 KY-1460,KY1460,N,3.924,1,0,1,1,N,N,35,37.47687,-82.49538,9,5,2,3,1,1,3,2,6,3,Y,51,2020,A,098-KY-1460  -000,3.924,0,0,0,0,0,0,0,0,1,1,0,1,0,1,Non-DAC,0,1
72517756,20200704,2142,OWSLEY,,,N,6.877,0,0,2,2,N,N,45,37.4799,-82.54166,1,3,4,6,1,1,2,5,1,3,N,55,2020,O,098-KY-1384  -000,6.877,0,0,0,0,0,0,1,1,0,0,0,0,0,1,DAC,1,0
72431429,20191105,500,US23,098 US-23-10,US0023,N,30.859,0,0,1,1,N,N,55,37.54115,-82.59135,9,3,4,6,1,1,3,6,7,3,N,70,2019,O,098-US-0023  -000,30.859,0,1,0,0,0,0,0,0,0,0,0,1,0,1,Non-DAC,0,1
72333753,20190325,1641,CASSIDY,,,N,0.325,0,0,2,2,N,N,35,37.50522,-82.53735,1,3,2,3,1,1,3,2,1,3,N,55,2019,O,098-CS-1191  -000,0.325,0,0,0,0,0,0,1,0,0,0,0,0,0,1,Non-DAC,0,1
72833889,20221125,652,CASSIDY,,,N,0.008,0,0,2,2,N,N,25,37.50369,-82.53275,8,3,4,6,2,5,6,5,1,3,N,53,2022,O,098-US-0023  -021,0.008,0,0,0,1,0,0,1,0,0,0,0,1,0,1,Non-DAC,1,0
72693614,20211103,1526,US23,098 US-23,US0023,N,22.282,2,0,2,2,N,N,55,37.46141,-82.51699,1,3,4,4,1,1,2,2,7,3,N,10,2021,C,098-US-0023  -000,22.282,0,0,0,1,0,0,1,1,0,0,1,0,1,1,Non-DAC,1,0
72528183,20200731,1540,MAYO,098 US-23,US0023,N,26.042,3,0,2,2,N,N,55,37.50023,-82.53162,5,3,4,6,1,1,3,2,7,3,Y,49,2020,C,098-US-0023  -000,26.042,0,0,0,0,0,0,1,0,0,0,0,0,0,1,Non-DAC,0,1
72537535,20200830,1435,US23,098 US-23,US0023,N,26.291,0,0,2,2,N,N,55,37.50377,-82.53216,5,3,4,6,1,1,2,2,7,3,N,35,2020,O,098-US-0023  -000,26.291,0,0,0,1,0,0,1,0,0,0,1,0,0,1,Non-DAC,1,0
72329033,20190320,1013,US23,098 US-23-10,US0023,N,20.68,1,0,1,1,N,N,55,37.44276,-82.52061,9,5,4,3,1,1,2,2,1,3,Y,41,2019,C,098-US-0023  -000,20.68,0,0,0,0,0,0,0,0,0,0,0,1,0,1,Non-DAC,0,1
72492163,20200331,2047,CHLOE,098 KY-1460,KY1460,N,2.737,1,0,1,1,N,N,35,37.46885,-82.47852,9,3,2,2,1,5,6,6,7,3,Y,44,2020,C,098-KY-1460  -000,2.737,0,0,0,0,0,0,1,1,0,1,0,1,0,1,Non-DAC,0,1
72832732,20221111,713,US23,098 US-23,US0023,N,23.057,1,0,3,3,N,N,55,37.46586,-82.52803,1,3,4,6,1,5,6,2,7,3,Y,55,2022,A,098-US-0023  -000,23.057,0,1,0,0,0,0,1,0,0,0,0,1,0,1,DAC,1,0
72395366,20190819,1622,US23,098 US-23,US0023,N,30.911,0,0,3,3,N,N,55,37.54059,-82.59192,5,3,4,3,1,1,2,2,7,3,N,49,2019,O,098-US-0023  -000,30.911,0,1,1,1,0,0,0,0,0,0,0,1,0,1,Non-DAC,0,1
72718440,20220104,715,CHLOE,098 KY-1460,KY1460,N,3.732,0,0,2,2,N,N,35,37.47738,-82.49208,1,3,2,5,1,2,2,1,7,3,N,55,2022,O,098-KY-1460  -000,3.732,0,0,0,0,0,0,0,0,0,1,0,1,0,1,Non-DAC,0,1
72433255,20191107,2037,ELM,098 CS-1169,CS1169,N,0.065,0,0,2,2,N,N,25,37.47781,-82.52237,5,3,2,1,1,5,3,6,7,3,N,49,2019,O,098-CS-1169  -000,0.065,0,0,1,0,0,0,0,0,0,0,0,0,0,1,DAC,0,1
72399456,20190822,1010,LYKINS,,,N,0.279,0,0,2,2,N,N,35,37.50432,-82.54874,3,3,1,3,1,1,2,2,6,3,N,52,2019,O,098-CS-1249  -000,0.279,0,0,1,0,0,0,1,0,0,0,0,1,0,1,Non-DAC,0,1
72844654,20221219,1031,US23,098 US-23,US0023,N,21.578,0,0,2,2,N,N,55,37.45277,-82.52266,1,3,4,6,1,1,2,2,7,3,N,55,2022,O,098-US-0023  -000,21.578,0,0,0,0,0,0,1,1,0,0,0,0,0,1,Non-DAC,0,1
72693502,20211104,1046,US119 TURN LANE FROM US23 N,098 US-119-20,US0119,N,0.017,0,0,2,2,N,N,55,37.50329,-82.53198,5,3,2,6,1,1,2,2,7,3,N,49,2021,O,098-US-0119  -020,0.017,0,0,0,1,0,0,0,0,0,0,0,0,0,1,Non-DAC,1,0
72435497,20191019,931,US23,098 US-23,US0023,N,20.892,2,1,4,4,N,N,55,37.44376,-82.52435,1,3,4,3,1,1,2,2,7,3,Y,55,2019,K,098-US-0023  -000,20.892,0,0,0,1,0,0,0,0,0,1,0,0,1,1,Non-DAC,0,1
72359609,20190521,1611,HAMBLEY,098 CS-1222,CS1222,N,0.095,0,0,2,2,N,N,15,37.47449,-82.52568,6,97,1,6,1,1,2,2,1,3,N,70,2019,O,098-CS-1222  -000,0.095,0,0,0,0,0,0,1,0,0,0,0,0,0,1,DAC,0,1
72665009,20210831,530,US23,098 US-23,US0023,N,32.774,0,0,1,1,N,N,55,37.5314,-82.6199,9,3,4,6,1,1,2,4,7,3,N,38,2021,O,098-US-0023  -000,32.774,0,0,0,0,0,0,0,0,0,0,0,0,0,1,Non-DAC,0,1
72655982,20210806,1426,US23,098 US-23-10,US0023,N,27.389,0,0,2,2,N,N,55,37.51086,-82.54903,5,3,4,6,1,1,2,2,7,3,N,49,2021,O,098-US-0023  -000,27.389,0,0,0,1,0,0,1,0,0,0,0,0,0,1,Non-DAC,1,0
72620282,20210412,1349,KY3496,098 KY-3496,KY3496,N,0.201,0,0,2,2,N,N,35,37.46654,-82.53121,7,3,2,6,1,1,2,2,1,3,N,54,2021,O,098-KY-3496  -000,0.201,0,0,0,0,0,0,0,0,0,0,0,1,0,1,DAC,0,1
72316736,20190214,1028,US23,,,N,24.816,0,0,2,2,N,N,55,37.48603,-82.54214,8,3,3,6,1,1,2,2,7,3,N,53,2019,O,098-US-0023  -000,24.816,0,0,0,0,0,0,1,0,0,0,0,1,0,1,Non-DAC,0,1
72764682,20220502,1307,HAROLDS BRANCH,,,N,0.052,0,0,2,2,N,N,15,37.47215,-82.52233,2,3,2,6,1,1,2,2,1,3,N,56,2022,O,098-CS-1223  -000,0.052,0,0,0,1,0,0,1,0,0,0,0,0,0,1,Non-DAC,0,1
72592633,20210209,807,US23 TURN LANE,098 US-23-21,US0023,N,0.016,0,0,2,2,N,N,55,37.50366,-82.53236,5,3,4,6,1,5,6,2,7,3,N,70,2021,O,098-US-0023  -021,0.016,0,0,0,0,0,0,0,0,0,0,0,0,0,1,Non-DAC,1,0
72456991,20191228,2323,MAIN,098 CS-1112,CS1112,N,0.13,0,0,2,2,N,N,25,37.47958,-82.51748,5,7,2,6,1,1,3,5,1,3,N,47,2019,O,098-CS-1112  -000,0.13,0,0,0,0,0,0,0,0,1,0,0,0,0,1,DAC,1,0
72707044,20211209,1104,US23,098 US-23,US0023,N,26.28,0,0,2,2,N,N,55,37.50362,-82.53214,5,3,4,6,1,1,2,2,7,3,N,70,2021,O,098-US-0023  -000,26.28,0,0,0,1,0,0,0,0,0,0,0,0,0,1,Non-DAC,1,0
72687365,20211025,1615,US23,,,N,,1,0,2,2,N,N,55,37.50315,-82.53208,1,3,4,6,1,5,2,2,1,3,N,55,2021,C,098-US-0023  -000,26.248,0,0,1,1,0,0,1,1,0,0,0,0,0,1,Non-DAC,1,0
72344408,20190419,1644,CASSIDY,,,N,0.301,1,0,2,2,N,N,35,37.5051,-82.53684,1,3,5,3,1,5,6,2,1,3,Y,55,2019,C,098-CS-1191  -000,0.301,0,0,0,0,0,0,1,1,0,1,0,0,0,1,Non-DAC,0,1
72503647,20200522,1336,US23,098 US-23,US0023,N,22.935,0,0,2,2,N,N,55,37.46545,-82.52586,5,3,4,6,1,5,3,2,7,3,N,49,2020,O,098-US-0023  -000,22.935,0,0,0,0,0,0,1,0,0,0,0,0,0,1,DAC,1,0
72598149,20210225,1323,US23,098 US-23-10,US0023,N,26.26,0,0,2,2,Y,N,55,37.5034,-82.53232,8,3,4,6,1,1,2,2,7,3,N,53,2021,O,098-US-0023  -000,26.26,0,0,0,1,0,0,0,0,0,0,0,1,0,1,Non-DAC,1,0
72802660,20220908,644,US23,098 US-23,US0023,N,20.395,0,0,2,2,N,N,55,37.44535,-82.51691,5,3,4,6,1,1,2,6,1,3,N,49,2022,O,098-US-0023  -000,20.395,0,0,0,0,0,0,0,0,0,0,0,0,0,1,Non-DAC,0,1
72750636,20220407,1544,CASSIDY,098 CS-1191,CS1191,N,0.316,0,0,2,2,N,N,15,37.5052,-82.53717,2,97,1,6,1,1,3,2,1,3,N,56,2022,O,098-CS-1191  -000,0.316,0,0,0,0,0,0,1,0,0,0,0,0,0,1,Non-DAC,0,1
72632769,20210604,228,US23,098 US-23-10,US0023,N,26.402,1,0,1,1,N,N,55,37.50529,-82.53271,9,3,4,6,1,1,2,5,7,3,Y,70,2021,C,098-US-0023  -000,26.402,0,0,0,0,0,0,0,0,1,1,0,1,0,1,Non-DAC,0,1
72810821,20220928,1353,OWSLEY,098 KY-1384,KY1384,N,6.779,0,0,2,2,Y,N,45,37.47914,-82.5433,8,3,4,6,1,1,2,2,7,3,N,53,2022,O,098-KY-1384  -000,6.779,0,0,0,0,0,0,1,0,0,0,0,1,0,1,DAC,1,0
72378496,20190712,557,LORAINE STREET,,,N,,1,0,1,1,N,N,25,37.48375,-82.53481,9,3,2,6,1,1,2,1,7,3,Y,40,2019,C,098-KY-1384  -000,7.533,0,0,0,0,0,0,0,1,1,0,0,1,0,1,DAC,1,0
72753221,20220421,700,US23,098 US-23,US0023,N,20.457,0,0,1,1,N,N,55,37.44348,-82.51953,9,3,4,6,1,1,3,2,7,3,N,38,2022,O,098-US-0023  -000,20.457,0,0,0,0,0,0,0,0,0,0,0,0,0,1,Non-DAC,0,1
72654720,20210803,1518,US23,098 US-23-10,US0023,N,25.595,0,0,2,2,N,N,55,37.49426,-82.53258,8,3,4,6,1,1,2,2,7,3,N,53,2021,O,098-US-0023  -000,25.595,0,1,0,1,0,0,1,0,0,0,0,1,0,1,Non-DAC,1,0
72303258,20190114,826,TOWN MOUNTAIN,098 KY-1426,KY1426,N,6.686,0,0,2,2,N,N,55,37.48394,-82.51234,5,3,2,6,1,5,3,2,7,3,N,49,2019,O,098-KY-1426  -000,6.686,0,0,0,1,0,0,1,0,0,0,0,0,0,1,Non-DAC,0,1