MasterFile,CollisionDate,CollisionTime,RoadwayName,RSEUniqueGIS,RoadwayIdentifier,ParkingLotIndicator,Milepoint,NumberInjured,NumberKilled,ofUnits,ofMotorVehicleUnits,Hit&RunIndicator,OneWayIndicator,SpeedLimitNumber,Latitude,Longitude,MannerofCollisionCode,LocationFirstEventCode,TotalLanes,RoadwayCharacterCode,RoadwaySurfaceCode,RoadwayConditionCode,WeatherCode,LightConditionCode,LandUseCode,SchoolBusRelatedCode,FirstAidSceneIndicator,DirectionalAnalysis,YR,KABCO,KTC_RT,KTC_MP,Motorcyclist,Commercial Vehicle,Young Driver,Mature Driver,Pedestrian,Bicyclist,Distracted,Aggressive,Impaired,Unrestrained,Intersection,Roadway Departure,Median Cross-over,CityCrash,DACid,Intersection Crash,Segment Crash
72419917,20191010,1649,US23,098 US-23-10,US0023,N,23.055,5,0,2,2,N,N,55,37.46583,-82.52814,4,3,4,6,1,1,2,2,1,3,Y,16,2019,B,098-US-0023  -000,23.055,0,0,0,0,0,0,0,1,0,1,1,0,0,1,DAC,1,0
72803970,20220911,2132,BYPASS,098 KY-1426,KY1426,N,5.687,0,0,2,2,N,N,55,37.47276,-82.5229,5,3,2,6,1,5,3,5,7,3,N,49,2022,O,098-KY-1426  -000,5.687,0,0,0,0,0,0,1,0,0,0,0,0,0,1,DAC,1,0
72685967,20211015,1229,BAIRD,098 KY-1426,KY1426,N,5.386,4,0,2,2,N,N,15,37.47281,-82.52699,1,3,2,6,1,1,2,2,7,3,Y,55,2021,C,098-KY-1426  -000,5.386,0,0,0,0,0,0,1,0,0,0,0,0,0,1,DAC,1,0
72820089,20221023,1044,US23,098 US-23-10,US0023,N,21.071,0,0,1,1,N,N,55,37.44603,-82.52596,9,3,4,1,1,1,2,2,1,3,N,38,2022,O,098-US-0023  -000,21.071,0,0,0,0,0,0,0,0,0,0,0,0,0,1,Non-DAC,0,1
72463187,20200110,200,KEYSER HEIGHTS,098 CS-1188,CS1188,N,0.192,0,0,2,2,N,N,15,37.49099,-82.53316,2,3,2,6,1,1,3,5,6,3,N,47,2020,O,098-CS-1188  -000,0.192,0,0,0,0,0,0,1,0,0,0,0,0,0,1,Non-DAC,0,1
72515556,20200626,1750,BANK,,,N,0.174,0,0,2,2,N,Y,15,37.47698,-82.51997,1,3,1,6,1,1,2,2,6,3,N,55,2020,O,098-CS-1106  -000,0.174,0,0,0,0,0,0,1,0,0,0,0,0,0,1,DAC,0,1
72625901,20210518,1254,TOWN MOUNTAIN,098 KY-1426,KY1426,N,7.044,0,0,2,2,N,N,55,37.48734,-82.50744,5,3,2,6,1,5,3,2,7,3,N,49,2021,O,098-KY-1426  -000,7.044,0,0,0,0,0,0,1,0,0,1,0,0,0,1,Non-DAC,0,1
72814958,20221009,1926,US119,098 US-119,US0119,N,2.697,2,0,2,2,N,N,55,37.51402,-82.48707,4,3,2,4,1,1,2,5,7,3,Y,70,2022,C,098-US-0119  -000,2.697,0,0,1,0,0,0,0,0,0,0,0,1,0,1,DAC,1,0
72653107,20210725,1719,CASSIDY,098 CS-1191,CS1191,N,0.01,0,0,3,3,N,N,25,37.50375,-82.53244,5,3,4,6,1,1,3,2,1,3,N,70,2021,O,098-CS-1191  -000,0.01,0,0,0,0,0,0,1,0,0,0,0,0,0,1,Non-DAC,1,0
72781659,20220711,820,US23,098 US-23-10,US0023,N,29.618,0,0,1,1,N,N,55,37.53173,-82.57721,9,3,5,6,1,1,2,2,1,3,N,38,2022,O,098-US-0023  -000,29.618,0,0,0,0,0,0,0,0,0,0,0,0,0,1,Non-DAC,1,0
72633500,20210607,1703,US23,,,N,29.837,0,0,2,2,N,N,55,37.53479,-82.57847,5,3,4,6,1,5,6,2,2,3,N,49,2021,O,098-US-0023  -000,29.837,0,0,0,0,0,0,1,0,0,0,0,0,0,1,Non-DAC,0,1
72408711,20190911,821,OWSLEY,098 KY-1384,KY1384,N,0.01,2,0,2,2,N,N,55,37.53174,-82.61946,1,3,4,6,1,1,2,2,7,3,Y,55,2019,C,098-KY-1384  -000,0.01,0,0,0,0,0,0,1,0,0,0,0,0,0,1,Non-DAC,1,0
72421372,20191016,810,US119,,,N,,0,0,2,2,N,N,55,37.50385,-82.53178,5,3,4,6,1,5,6,1,1,3,N,70,2019,O,098-US-0119  -000,0.014,0,0,0,0,0,0,1,0,0,0,0,0,0,1,Non-DAC,1,0
72698282,20211110,1445,US23,098 US-23,US0023,N,26.282,0,0,2,2,N,N,55,37.50364,-82.53214,5,3,4,6,1,1,2,2,7,3,N,49,2021,O,098-US-0023  -000,26.282,0,0,1,0,0,0,0,0,0,0,0,0,0,1,Non-DAC,1,0
72400563,20190829,937,HAROLDS BRANCH,098 CS-1223,CS1223,N,1.21,0,0,2,2,N,N,25,37.46634,-82.50228,8,97,1,6,3,8,2,2,5,3,N,47,2019,O,098-CS-1223  -000,1.21,0,0,0,0,0,0,1,0,0,0,0,0,0,1,Non-DAC,0,1
72310423,20190124,1847,WILLIAMS HOLLOW,098 CS-1085,CS1085,N,0.732,0,0,1,1,N,N,45,37.49498,-82.48318,9,3,2,1,1,5,6,6,7,3,N,40,2019,O,098-CS-1085  -000,0.732,0,0,0,0,0,0,0,0,0,0,0,1,0,1,Non-DAC,0,1
72409756,20190918,1204,US23,098 US-23-10,US0023,N,23.534,0,0,1,1,N,N,55,37.47045,-82.53371,9,3,4,6,1,1,2,2,7,3,N,40,2019,O,098-US-0023  -000,23.534,0,0,0,1,0,0,0,0,0,0,0,1,0,1,DAC,0,1
72435499,20191107,1254,BAIRD,098 KY-1426,KY1426,N,5.392,0,0,2,2,N,N,15,37.47322,-82.52715,8,97,2,6,1,5,6,2,1,3,N,53,2019,O,098-KY-1426  -000,5.392,0,0,0,1,0,0,0,0,0,0,0,1,0,1,DAC,1,0
72540713,20200909,1616,MAY HOLLOW,,,N,0.251,0,0,2,2,N,N,35,37.49327,-82.50011,2,3,1,5,1,1,2,2,6,3,N,56,2020,O,098-CS-1080  -000,0.251,0,0,0,0,0,0,1,0,0,0,0,0,0,1,Non-DAC,0,1
72334352,20190402,1235,MAYO,098 US-23-10,US0023,N,26.313,0,0,2,2,N,N,55,37.50408,-82.5324,5,3,4,6,1,1,3,2,7,3,N,70,2019,O,098-US-0023  -000,26.313,0,0,0,0,0,0,1,0,0,0,0,0,0,1,Non-DAC,1,0
72475730,20200212,2255,HAROLDS BRANCH,098 CS-1223,CS1223,N,0.512,0,0,1,1,N,N,35,37.46958,-82.51546,9,3,1,3,1,5,6,6,6,3,N,40,2020,O,098-CS-1223  -000,0.512,0,0,0,0,0,0,0,0,1,0,0,1,0,1,Non-DAC,0,1
72504178,20200524,1621,THOMPSON,,,N,0.5,0,0,2,2,N,N,10,37.50602,-82.54368,1,97,1,6,1,1,2,2,1,3,N,55,2020,O,098-CS-1215  -000,0.5,0,0,0,0,0,0,1,0,0,0,0,0,0,1,Non-DAC,0,1
72660310,20210812,731,US23,,,N,26.288,0,0,2,2,N,N,55,37.50373,-82.53215,5,3,6,6,1,1,2,2,1,3,N,70,2021,O,098-US-0023  -000,26.288,0,0,0,1,0,0,1,0,0,0,0,0,0,1,Non-DAC,1,0
72396848,20190820,1612,CEDAR HILLS,098 KY-1426,KY1426,N,4.455,1,0,1,1,N,N,35,37.46119,-82.52967,9,3,2,6,1,5,3,2,7,3,Y,40,2019,C,098-KY-1426  -000,4.455,0,0,0,0,0,0,0,0,0,0,0,1,0,1,Non-DAC,0,1
72690112,20210918,2036,KY3496,098 KY-3496,KY3496,N,0.113,0,0,1,1,Y,N,35,37.46605,-82.52973,9,97,2,6,1,1,3,5,1,3,N,70,2021,O,098-KY-3496  -000,0.113,0,0,0,0,0,0,0,0,0,0,0,0,0,1,DAC,0,1
72414152,20190923,804,HAMBLEY,098 CS-1222,CS1222,N,0.1,1,0,2,2,N,N,35,37.47442,-82.52554,5,6,2,6,1,1,2,2,1,3,Y,47,2019,C,098-CS-1222  -000,0.1,0,0,0,0,0,0,0,0,0,0,0,0,0,1,DAC,0,1
72528128,20200714,1955,US119,098 US-119,US0119,N,2.705,3,0,2,2,N,N,55,37.51402,-82.48693,1,3,2,4,1,1,2,2,7,3,Y,55,2020,C,098-US-0119  -000,2.705,0,0,0,0,0,0,1,0,0,0,0,0,0,1,DAC,1,0
72768762,20220603,1315,HAMBLEY,,,N,,0,0,2,2,N,N,25,37.48137,-82.51886,1,3,2,3,1,1,3,2,1,3,N,55,2022,O,098-CS-1222  -000,0.72,0,0,1,0,0,0,1,0,0,0,0,0,0,1,DAC,1,0
72594242,20210209,830,CEDAR HILLS,098 KY-1426,KY1426,N,3.692,0,0,1,1,N,N,55,37.45241,-82.53528,9,3,2,1,1,2,2,2,7,3,N,70,2021,O,098-KY-1426  -000,3.692,0,0,0,0,0,0,0,0,0,0,0,1,0,1,Non-DAC,0,1
72490779,20200311,616,CHLOE,098 KY-1460,KY1460,N,3.266,0,0,1,1,N,N,35,37.47409,-82.48507,9,4,2,3,1,5,6,2,1,3,N,44,2020,O,098-KY-1460  -000,3.266,0,0,0,0,0,0,0,0,0,0,0,1,0,1,Non-DAC,1,0
72576444,20201217,1726,HAMBLEY,098 CS-1222,CS1222,N,0.663,0,0,2,2,N,N,25,37.48054,-82.51904,8,3,2,6,1,5,2,5,1,3,N,19,2020,O,098-CS-1222  -000,0.663,0,0,0,1,0,0,0,0,0,0,1,0,0,1,DAC,1,0
72611883,20210409,633,US23,098 US-23,US0023,N,32.389,0,0,1,1,N,N,55,37.53708,-82.61584,9,5,4,3,1,5,3,6,7,3,N,51,2021,O,098-US-0023  -000,32.389,0,0,0,0,0,0,0,1,0,0,0,1,0,1,Non-DAC,0,1
72603692,20210312,1432,CASSIDY,,,N,0.007,0,0,2,2,N,N,55,37.50376,-82.53226,5,3,4,6,1,1,2,2,1,3,N,49,2021,O,098-CS-1191  -000,0.007,0,0,0,1,0,0,1,0,0,0,0,0,0,1,Non-DAC,1,0
72842337,20221207,1719,US23,,,N,20.162,0,0,1,1,N,N,55,37.44775,-82.51426,9,3,4,6,1,5,3,3,2,3,N,70,2022,O,098-US-0023  -000,20.162,0,0,0,0,0,0,0,0,0,0,0,0,0,1,Non-DAC,0,1
72845601,20221221,1400,US23,098 US-23-10,US0023,N,26.272,0,0,2,2,N,N,55,37.5035,-82.53234,5,3,4,6,1,1,2,2,7,3,N,49,2022,O,098-US-0023  -000,26.272,0,0,0,0,0,0,0,0,0,0,0,0,0,1,Non-DAC,1,0
72639944,20210624,1439,US23,098 US-23,US0023,N,26.282,0,0,2,2,N,N,55,37.50364,-82.53213,5,3,4,6,1,1,2,2,7,3,N,49,2021,O,098-US-0023  -000,26.282,0,0,0,0,0,0,1,0,0,0,0,0,0,1,Non-DAC,1,0
72661076,20210820,1755,BAIRD,,,N,5.389,0,0,2,1,N,N,55,37.4731,-82.52714,5,3,2,6,1,1,2,2,1,3,N,49,2021,O,098-KY-1426  -000,5.389,0,0,0,0,0,0,1,0,0,0,0,0,0,1,DAC,1,0
72373701,20190628,537,NIGHTINGALE,098 CS-1047,CS1047,N,0.079,0,0,2,2,N,N,15,37.46647,-82.56292,2,97,1,6,97,1,2,1,5,3,N,47,2019,O,098-CS-1047  -000,0.079,0,0,0,0,0,0,1,0,0,0,0,0,0,1,Non-DAC,0,1
72797371,20220803,1228,US23,098 US-23-10,US0023,N,22.29,1,0,2,2,N,N,55,37.46134,-82.51697,5,3,4,6,1,1,2,2,7,3,Y,14,2022,C,098-US-0023  -000,22.29,0,0,0,1,0,0,1,0,0,0,1,0,0,1,Non-DAC,1,0
72614695,20210416,1427,CASSIDY,098 CS-1191,CS1191,N,0.032,0,0,2,2,N,N,35,37.50371,-82.53273,5,3,4,6,1,1,2,2,1,3,N,49,2021,O,098-CS-1191  -000,0.032,0,0,1,0,0,0,1,0,0,0,0,0,0,1,Non-DAC,1,0
72687783,20211025,1515,HAMBLEY,098 CS-1222,CS1222,N,1.506,0,0,2,2,N,N,35,37.48309,-82.53049,5,3,2,6,1,5,3,2,6,3,N,49,2021,O,098-CS-1222  -000,1.506,0,0,1,0,0,0,1,0,0,0,0,0,0,1,DAC,1,0
72786660,20220725,1637,MAYO,098 US-23-10,US0023,N,23.063,1,0,2,2,N,N,55,37.46583,-82.52814,4,3,4,6,1,1,3,2,1,3,Y,70,2022,B,098-US-0023  -000,23.063,0,0,0,0,0,0,1,1,0,1,0,0,0,1,DAC,1,0
72472220,20200129,1413,HAMBLEY BLVD,,,N,,0,0,2,2,N,N,15,37.48164,-82.5338,1,97,1,6,1,1,3,2,1,3,N,55,2020,O,098-KY-1384  -022,0.026,0,0,0,0,0,0,1,0,0,0,0,0,0,1,DAC,1,0
72494173,20200413,1940,MAYO,,,N,22.294,0,0,3,3,N,N,55,37.46137,-82.51691,5,3,4,6,1,1,2,3,1,3,N,49,2020,O,098-US-0023  -000,22.294,0,0,0,1,0,0,1,0,0,0,0,0,0,1,Non-DAC,1,0
72514604,20200625,930,HAMBLEY,,,N,0.305,0,0,2,2,N,N,35,37.47622,-82.52261,5,3,2,6,1,5,2,2,1,3,N,49,2020,O,098-CS-1222  -000,0.305,0,0,0,1,0,0,1,0,0,0,0,0,0,1,DAC,1,0
72667048,20210901,1934,KY1426,098 KY-1426,KY1426,N,8.023,0,0,1,1,N,N,45,37.49155,-82.4917,9,3,2,1,1,1,2,2,6,3,N,40,2021,O,098-KY-1426  -000,8.023,0,0,0,0,0,0,0,0,1,1,0,1,0,1,Non-DAC,0,1
72848427,20221218,2102,CEDAR HILLS,098 KY-1426,KY1426,N,4.531,0,0,2,2,N,N,35,37.46196,-82.52892,1,3,2,3,1,97,2,6,6,3,N,55,2022,O,098-KY-1426  -000,4.531,0,0,0,0,0,0,0,1,0,0,0,0,0,1,Non-DAC,0,1
72806711,20220916,1908,US23,098 US-23,US0023,N,21.627,0,0,2,2,N,N,55,37.4535,-82.52213,4,3,4,6,1,1,2,2,1,3,N,16,2022,O,098-US-0023  -000,21.627,0,0,0,1,0,0,1,1,0,0,1,0,0,1,Non-DAC,1,0
72520552,20200713,1415,BAIRD,098 KY-1426,KY1426,N,5.392,0,0,2,2,N,N,25,37.47322,-82.52712,8,3,4,6,1,1,2,2,7,3,N,53,2020,O,098-KY-1426  -000,5.392,0,0,0,1,0,0,1,0,0,0,0,1,0,1,DAC,1,0
72673859,20210922,1341,CHLOE,098 KY-1460,KY1460,N,3.413,0,0,1,1,N,N,35,37.47503,-82.48726,9,5,2,2,1,5,6,2,7,3,N,44,2021,O,098-KY-1460  -000,3.413,0,0,0,0,0,0,0,0,0,0,0,1,0,1,Non-DAC,0,1
72696995,20211115,948,US23,,,N,26.478,0,0,1,1,N,N,55,37.50632,-82.53323,9,3,4,6,1,1,2,2,7,3,N,38,2021,O,098-US-0023  -000,26.478,0,0,0,0,0,0,0,0,0,0,0,0,0,1,Non-DAC,0,1
72708405,20211206,1204,BYPASS,098 KY-1426,KY1426,N,6.602,0,0,2,2,N,N,45,37.483,-82.51329,5,3,2,6,1,5,3,2,7,3,N,35,2021,O,098-KY-1426  -000,6.602,0,0,0,1,0,0,1,1,0,0,1,0,0,1,DAC,1,0
72508513,20200602,1400,KY1426,098 KY-1426,KY1426,N,7.255,0,0,1,1,N,N,55,37.48933,-82.50453,9,5,2,6,1,1,2,2,7,3,N,44,2020,O,098-KY-1426  -000,7.255,0,0,0,0,0,0,0,0,0,0,0,1,0,1,Non-DAC,0,1
72381454,20190718,2100,CEDAR CREEK,,,N,,0,0,2,2,N,N,35,37.47612,-82.55538,3,3,2,6,1,5,6,5,6,3,N,52,2019,O,098-KY-3417  -000,1.095,0,0,0,0,0,0,1,0,0,0,1,0,0,1,Non-DAC,1,0
72486026,20200303,1054,US23,098 US-23,US0023,N,26.195,2,0,2,2,N,N,55,37.50243,-82.53185,5,3,4,6,1,1,2,2,1,3,Y,49,2020,C,098-US-0023  -000,26.195,0,0,0,0,0,0,1,0,0,0,0,0,0,1,Non-DAC,0,1
72896602,20230508,732,US23,098 US-23,US0023,N,23.023,0,0,2,2,N,N,55,37.46583,-82.52736,5,3,4,6,1,1,2,2,7,3,N,49,2023,O,098-US-0023  -000,22.956,0,0,0,1,0,0,0,0,0,0,0,0,0,1,DAC,0,1
72851754,20230106,1501,KY1426,098 KY-1426,KY1426,N,8.272,0,0,1,1,N,N,55,37.49522,-82.49096,9,3,2,1,1,1,2,2,7,3,N,70,2023,O,098-KY-1426  -000,8.291,0,0,0,0,0,0,0,0,0,0,0,1,0,1,Non-DAC,0,1
72855828,20230117,1303,ELM,098 CS-1169,CS1169,N,0.094,0,0,1,1,N,N,25,37.47822,-82.52238,9,97,2,6,1,5,3,2,6,3,N,40,2023,O,098-CS-1169  -000,0.094,0,0,0,1,0,0,0,0,0,0,0,1,0,1,DAC,0,1
72929515,20230802,1419,S MAYO,098 CS-1024,CS1024,N,,0,0,2,2,N,N,15,37.46843,-82.53453,1,3,1,6,1,1,2,2,1,3,N,55,2023,O,098-PS-1007  -000,0.22,0,0,0,1,0,0,1,0,0,0,0,0,0,1,DAC,0,1
72949266,20230921,1737,CHLOE,098 KY-1460,KY1460,N,2.585,0,0,2,2,N,N,45,37.46678,-82.47887,7,3,2,4,1,1,2,2,7,3,N,54,2023,O,098-KY-1460  -000,2.56,0,0,1,0,0,0,0,0,0,0,0,1,0,1,Non-DAC,0,1
72928905,20230724,1421,BYPASS,098 KY-1460,KY1460,N,5.549,0,0,2,2,N,N,45,37.48637,-82.52029,2,3,2,6,1,1,2,2,7,3,N,56,2023,O,098-KY-1460  -000,5.535,0,0,0,1,0,0,1,0,0,0,0,0,0,1,DAC,1,0
72953887,20230926,1734,US23,098 US-23-10,US0023,N,24.107,1,0,3,3,N,N,55,37.47673,-82.53979,5,3,4,6,1,1,2,2,1,3,N,49,2023,C,098-US-0023  -000,24.035,0,0,0,0,0,0,1,0,0,0,0,0,0,1,DAC,0,1
72979408,20231129,1643,CASSIDY,,,N,0.332,0,0,2,2,N,N,25,37.50531,-82.53754,5,3,2,4,1,1,2,2,1,3,N,70,2023,O,098-CS-1191  -000,0.335,0,0,0,0,0,0,0,0,0,0,0,0,0,1,Non-DAC,0,1
72910354,20230608,1206,US23,098 US-23,US0023,N,31.559,0,0,2,2,Y,N,55,37.53669,-82.60089,5,3,4,6,1,1,2,2,7,3,N,49,2023,O,098-US-0023  -000,31.54,0,0,0,1,0,0,0,0,0,0,0,0,0,1,Non-DAC,0,1
72925072,20230722,722,CHLOE,098 KY-1460,KY1460,N,5.07,2,0,2,2,N,N,35,37.47761,-82.51632,1,3,2,6,1,5,3,1,6,3,Y,55,2023,B,098-KY-1460  -000,5.07,0,0,1,0,0,0,1,1,0,0,0,0,0,1,DAC,1,0
72970577,20231108,1759,KY1426 TURN LANE,098 KY-1426-27,KY1426,N,0.018,0,0,2,2,N,N,55,37.51401,-82.48753,7,3,2,6,1,1,2,5,2,3,N,54,2023,O,098-KY-1426  -027,0.02,0,0,0,0,0,0,1,0,0,0,0,1,0,1,DAC,1,0
72855083,20230112,1515,TIGER WAY,,,N,,0,0,2,2,N,N,15,37.51468,-82.50207,5,3,2,1,1,5,6,2,8,3,N,70,2023,O,098-US-0119  -000,1.81,0,0,0,0,0,0,0,1,0,0,0,0,0,1,Non-DAC,0,1
72851141,20230105,1702,US23,098 US-23-10,US0023,N,26.343,0,0,2,2,N,N,55,37.50448,-82.53245,5,3,4,6,1,1,2,2,7,3,N,70,2023,O,098-US-0023  -000,26.279,0,0,1,1,0,0,0,0,0,0,0,0,0,1,Non-DAC,0,1
72877545,20230315,1714,KY1426,098 KY-1426,KY1426,N,7.151,1,0,2,2,N,N,55,37.48854,-82.50616,5,3,2,6,1,1,3,2,7,3,Y,49,2023,B,098-KY-1426  -000,7.151,0,0,0,0,0,0,1,0,0,0,0,0,0,1,Non-DAC,0,1
72876761,20230317,1505,KY3495,098 KY-3495,KY3495,N,0.158,0,0,3,3,N,N,45,37.48814,-82.54102,1,3,2,6,1,5,6,2,7,3,N,55,2023,O,098-KY-3495  -000,0.157,0,0,1,0,0,0,1,1,0,0,0,0,0,1,Non-DAC,0,1
72907979,20230606,1424,THOMPSON,098 CS-1215,CS1215,N,0.043,0,0,2,2,N,N,35,37.51018,-82.54826,5,3,2,6,2,1,2,2,7,3,N,49,2023,O,098-CS-1215  -000,0.043,0,0,0,0,0,0,0,0,0,0,0,0,0,1,Non-DAC,1,0
72977515,20231115,2226,US23,098 US-23,US0023,N,24.721,0,0,1,1,N,N,55,37.48474,-82.54268,9,3,4,6,1,1,2,5,7,3,N,38,2023,O,098-US-0023  -000,24.655,0,0,0,0,0,0,0,0,0,0,0,0,0,1,Non-DAC,0,1
72859042,20230120,1641,OWSLEY,,,N,7.504,0,0,1,1,N,N,25,37.48327,-82.53454,9,3,4,6,1,1,2,2,7,3,N,40,2023,O,098-KY-1384  -000,7.504,0,0,0,0,0,0,0,0,0,0,0,1,0,1,DAC,1,0
72852272,20230104,1244,BAIRD,098 KY-1426,KY1426,N,5.381,0,0,2,2,N,N,15,37.47348,-82.52716,5,3,2,6,1,1,3,2,7,3,N,49,2023,O,098-KY-1426  -000,5.381,0,0,0,0,0,0,0,0,0,0,0,0,0,1,DAC,1,0
72948173,20230915,1743,CASSIDY,098 CS-1191,CS1191,N,0.264,0,0,2,2,N,N,35,37.50467,-82.53616,1,3,4,6,1,1,2,2,1,3,N,55,2023,O,098-CS-1191  -000,0.248,0,0,0,1,0,0,1,1,0,0,0,0,0,1,Non-DAC,0,1
72868284,20230218,1311,CASSIDY,098 CS-1191,CS1191,N,0.061,0,0,2,2,N,N,25,37.50367,-82.53313,1,3,2,6,1,1,2,2,1,3,N,55,2023,O,098-CS-1191  -000,0.056,0,0,1,0,0,0,1,1,0,0,0,0,0,1,Non-DAC,0,1
72873108,20230224,719,US23,098 US-23,US0023,N,26.285,3,0,2,2,N,N,55,37.50368,-82.53215,1,3,4,6,1,1,3,2,7,3,Y,55,2023,C,098-US-0023  -000,26.222,0,0,0,0,0,0,0,1,0,0,0,0,0,1,Non-DAC,1,0
72978023,20231120,1747,US23,098 US-23-10,US0023,N,23.062,1,0,2,2,N,N,55,37.46584,-82.52814,1,3,4,6,1,1,2,6,1,3,N,10,2023,B,098-US-0023  -000,22.997,0,0,0,0,0,0,0,1,0,0,1,0,0,1,DAC,1,0
72866050,20230214,1620,BROAD BOTTOM,,,N,0.13,0,0,2,2,N,N,35,37.53074,-82.57911,8,3,2,6,1,1,2,2,6,3,N,19,2023,O,098-CR-1419  -000,0.132,0,0,1,0,0,0,1,0,0,0,1,0,0,1,Non-DAC,1,0
72935079,20230817,817,US23,,,N,31.514,0,0,1,1,N,N,55,37.53662,-82.60005,9,3,4,6,1,1,10,2,1,3,N,38,2023,O,098-US-0023  -000,31.493,0,0,0,0,0,0,0,0,0,0,0,0,0,1,Non-DAC,0,1
72876638,20230316,1759,US119,098 US-119,US0119,N,2.657,0,0,2,2,N,N,55,37.51402,-82.48778,8,3,2,5,1,1,2,2,2,3,N,53,2023,O,098-US-0119  -000,2.656,0,0,0,0,0,0,1,0,0,0,0,1,0,1,DAC,1,0
72956668,20231009,1237,US23,,,N,23.565,0,0,2,2,N,N,55,37.47123,-82.53368,1,3,5,6,1,5,6,2,7,3,N,55,2023,O,098-US-0023  -000,23.524,0,0,0,0,0,0,1,0,0,0,0,0,0,1,DAC,1,0
72868746,20230224,759,US119,098 US-119,US0119,N,0.043,0,0,2,2,N,N,55,37.50395,-82.53126,5,3,4,6,1,1,2,2,7,3,N,49,2023,O,098-US-0119  -000,0.05,0,0,0,0,0,0,0,0,0,0,0,0,0,1,Non-DAC,1,0
72929122,20230727,1655,CASSIDY,098 CS-1191,CS1191,N,0.069,0,0,2,2,N,N,15,37.50366,-82.53326,1,97,2,6,1,1,2,2,1,3,N,55,2023,O,098-CS-1191  -000,0.063,0,0,1,0,0,0,1,0,0,0,0,0,0,1,Non-DAC,0,1
72881981,20230325,2311,US23,098 US-23,US0023,N,27.147,0,0,1,1,N,N,55,37.51051,-82.54417,9,3,4,6,1,97,2,7,7,3,N,70,2023,O,098-US-0023  -000,27.117,0,0,0,0,0,0,0,0,0,0,0,0,0,1,Non-DAC,0,1
72853479,20230112,1655,BYPASS,,,N,5.587,0,0,2,2,N,N,45,37.47241,-82.52469,1,3,3,6,1,1,3,2,1,3,N,55,2023,O,098-KY-1426  -000,5.587,0,0,1,0,0,0,1,1,0,0,0,0,0,1,DAC,0,1
72971230,20231110,1352,KY1426,098 KY-1426,KY1426,N,9.187,0,0,2,2,N,N,55,37.50775,-82.4886,1,3,2,3,1,5,3,2,7,3,N,55,2023,O,098-KY-1426  -000,9.187,0,0,0,1,0,0,0,0,0,0,0,0,0,1,Non-DAC,0,1
72855829,20230113,1133,ISLAND CREEK,098 KY-1426,KY1426,N,,0,0,1,1,N,N,35,37.45238,-82.53516,9,5,2,3,1,5,6,2,7,3,N,44,2023,O,098-KY-1426  -000,3.662,0,0,0,0,0,0,0,0,1,0,0,1,0,1,Non-DAC,0,1
72932720,20230807,1159,HAMBLEY,098 CS-1222,CS1222,N,0.729,0,0,2,2,N,N,25,37.48146,-82.51887,8,3,2,6,1,1,3,2,1,3,N,53,2023,O,098-CS-1222  -000,0.726,0,0,1,1,0,0,1,0,0,0,0,1,0,1,DAC,1,0
72900464,20230513,1857,CASSIDY,098 CS-1191,CS1191,N,0.133,0,0,2,2,N,N,15,37.50364,-82.53423,1,97,2,4,1,1,2,2,1,3,N,55,2023,O,098-CS-1191  -000,0.117,0,0,0,0,0,0,1,0,0,0,0,0,0,1,Non-DAC,0,1
72860106,20230130,1303,BYPASS,098 KY-1426,KY1426,N,6.56,0,0,2,2,N,N,35,37.48246,-82.51365,5,3,2,6,1,5,2,2,7,3,N,49,2023,O,098-KY-1426  -000,6.559,0,0,0,0,0,0,0,0,0,0,0,0,0,1,DAC,1,0
72939268,20230825,1325,KY3496,098 KY-3496,KY3496,N,0.745,0,0,2,2,N,N,35,37.47202,-82.53054,1,3,2,6,1,5,3,2,1,3,N,55,2023,O,098-KY-3496  -000,0.745,0,0,0,0,0,0,0,0,0,0,0,0,0,1,DAC,0,1
72902741,20230523,1340,CASSIDY,098 CS-1191,CS1191,N,0.051,0,0,2,2,N,N,15,37.50368,-82.53298,1,3,2,6,1,1,2,2,1,3,N,55,2023,O,098-CS-1191  -000,0.048,0,0,0,1,0,0,0,0,0,0,0,0,0,1,Non-DAC,1,0
72965176,20231027,1534,US119,098 US-119-10,US0119,N,0.236,1,0,2,2,N,N,55,37.50487,-82.52805,5,3,2,6,1,1,2,2,1,3,Y,49,2023,C,098-US-0119  -000,0.236,0,0,0,0,0,0,1,0,0,0,0,0,0,1,Non-DAC,0,1