MasterFile,CollisionDate,CollisionTime,RoadwayName,RSEUniqueGIS,RoadwayIdentifier,ParkingLotIndicator,Milepoint,NumberInjured,NumberKilled,ofUnits,ofMotorVehicleUnits,Hit&RunIndicator,OneWayIndicator,SpeedLimitNumber,Latitude,Longitude,MannerofCollisionCode,LocationFirstEventCode,TotalLanes,RoadwayCharacterCode,RoadwaySurfaceCode,RoadwayConditionCode,WeatherCode,LightConditionCode,LandUseCode,SchoolBusRelatedCode,FirstAidSceneIndicator,DirectionalAnalysis,YR,KABCO,KTC_RT,KTC_MP,Motorcyclist,Commercial Vehicle,Young Driver,Mature Driver,Pedestrian,Bicyclist,Distracted,Aggressive,Impaired,Unrestrained,Intersection,Roadway Departure,Median Cross-over,CityCrash,DACid,Intersection Crash,Segment Crash
72990647,20231227,540,ISLAND CREEK,,,N,2.381,0,0,1,1,N,N,45,37.45861,-82.55379,9,3,2,6,1,5,6,4,7,3,N,40,2023,O,098-KY-1426  -000,2.384,0,0,0,0,0,0,0,0,0,0,0,1,0,1,Non-DAC,0,1
72881206,20230330,1209,2ND,098 CS-1117,CS1117,N,0.023,0,0,1,1,N,N,10,37.48321,-82.51577,9,4,1,6,97,1,2,2,1,3,N,41,2023,O,098-CS-1117  -000,0,0,0,0,1,0,0,1,0,0,0,0,1,0,1,DAC,0,1
72873468,20230208,915,SCOTT,098 CS-1116,CS1116,N,0.058,0,0,2,2,N,N,15,37.48254,-82.51635,1,3,1,6,1,1,2,2,1,3,N,55,2023,O,098-CS-1116  -000,0.06,0,0,0,0,0,0,1,0,0,0,0,0,0,1,DAC,1,0
72935592,20230818,1129,BAIRD,098 KY-1426,KY1426,N,5.416,0,0,2,2,N,N,25,37.47298,-82.52699,1,3,3,6,1,1,2,2,7,3,N,55,2023,O,098-KY-1426  -000,5.417,0,0,0,0,0,0,0,0,0,0,0,0,0,1,DAC,1,0
72930957,20230725,146,BYPASS,098 KY-1426,KY1426,N,5.682,0,0,2,2,N,N,15,37.47274,-82.52299,7,97,2,6,2,5,3,5,1,3,N,54,2023,O,098-KY-1426  -000,5.682,0,0,1,0,0,0,1,0,0,0,0,1,0,1,DAC,1,0
72863908,20230209,900,CEDAR CREEK,098 CS-1036,CS1036,N,,0,0,1,1,Y,N,35,37.47476,-82.55255,9,5,2,6,1,1,2,2,6,3,N,40,2023,O,098-CS-1036  -000,0.092,0,0,0,0,0,0,0,0,0,0,0,1,0,1,Non-DAC,0,1
72934994,20230815,1829,US119,,,N,2.665,0,0,2,2,N,N,55,37.51402,-82.48764,5,3,4,6,1,1,2,2,7,3,N,49,2023,O,098-US-0119  -000,2.664,0,0,0,0,0,0,1,0,0,0,0,0,0,1,DAC,1,0
72941633,20230902,2120,US23,098 US-23-10,US0023,N,18.561,1,0,3,3,Y,N,55,37.43639,-82.5118,5,3,4,6,1,1,2,6,7,3,Y,47,2023,C,098-US-0023  -000,18.549,0,0,1,0,0,0,1,0,0,0,0,1,0,1,Non-DAC,0,1
72890101,20230421,815,HAMBLEY,098 CS-1222,CS1222,N,0.457,0,0,2,2,N,N,25,37.47793,-82.52084,8,3,3,6,1,1,2,2,1,3,N,47,2023,O,098-CS-1222  -000,0.458,0,0,0,0,0,0,0,0,0,0,0,0,0,1,DAC,0,1
72901692,20230517,1418,KY1426,098 KY-1426,KY1426,N,6.921,2,0,2,2,N,N,45,37.48627,-82.50911,5,3,2,6,1,1,2,2,7,3,Y,49,2023,C,098-KY-1426  -000,6.926,0,0,0,0,0,0,1,0,0,0,0,0,0,1,Non-DAC,1,0
72872140,20230304,1504,PRATER,,,N,,0,0,2,2,N,N,25,37.50312,-82.53516,1,3,2,6,1,1,2,2,1,3,N,10,2023,O,098-CS-1260  -000,0.048,0,0,0,1,0,0,1,1,0,0,1,0,0,1,Non-DAC,0,1
72959254,20231011,622,,,,N,0.015,0,0,1,1,N,N,55,37.43658,-82.51073,9,3,4,5,1,5,2,6,7,3,N,72,2023,O,098-US-0023  -422,0.014,0,0,0,0,0,0,1,0,0,0,0,1,0,1,Non-DAC,1,0
72882012,20230331,1407,US23,098 US-23,US0023,N,23.19,0,0,1,1,N,N,55,37.46645,-82.5302,9,3,4,3,1,5,6,2,7,3,N,40,2023,O,098-US-0023  -000,23.118,0,0,0,0,0,0,0,0,0,0,0,1,0,1,DAC,0,1
72911111,20230609,2343,US23,098 US-23-10,US0023,N,30.485,0,0,1,1,N,N,55,37.54229,-82.58478,9,3,4,3,1,1,3,5,7,3,N,38,2023,O,098-US-0023  -000,30.456,0,0,0,0,0,0,0,0,0,0,0,0,0,1,Non-DAC,0,1
72897212,20230413,1643,BANK,,,N,0.026,0,0,2,2,N,N,35,37.47556,-82.52133,7,3,2,6,1,1,2,2,8,3,N,47,2023,O,098-CS-1106  -000,0.026,0,0,0,0,0,0,1,0,0,0,0,0,0,1,DAC,0,1
72920307,20230708,1957,CASSIDY,,,N,0.023,0,0,2,2,N,N,35,37.50372,-82.53254,5,3,5,6,1,1,2,2,1,3,N,70,2023,O,098-CS-1191  -000,0.023,0,0,0,0,0,0,1,0,1,0,0,0,0,1,Non-DAC,1,0
72953487,20231001,1440,COLLEGE,,,N,0.244,0,0,2,2,N,N,15,37.47485,-82.52505,2,3,1,6,1,1,2,2,6,3,N,47,2023,O,098-CS-1152  -000,0.166,0,0,0,0,0,0,0,0,0,0,0,0,0,1,DAC,0,1
72907167,20230602,1352,CASSIDY,098 CS-1191,CS1191,N,0.044,0,0,2,2,N,N,25,37.5037,-82.53288,5,3,2,6,1,1,2,2,1,3,N,49,2023,O,098-CS-1191  -000,0.042,0,0,0,1,0,0,0,0,0,0,0,0,0,1,Non-DAC,1,0
72955721,20231006,1639,KY1426,098 KY-1426,KY1426,N,9.148,0,0,1,1,N,N,35,37.50727,-82.48912,9,5,2,2,1,5,5,2,3,3,N,51,2023,O,098-KY-1426  -000,9.137,0,0,0,0,0,0,0,0,0,0,0,1,0,1,Non-DAC,0,1
72896908,20230501,1353,US119,098 US-119-10,US0119,N,2.686,2,0,3,3,N,N,55,37.51407,-82.48731,1,3,4,6,1,1,2,2,7,3,Y,55,2023,C,098-US-0119  -000,2.683,0,0,0,0,0,0,0,0,0,0,0,0,0,1,DAC,1,0
72853400,20230108,1211,US23,098 US-23,US0023,N,25.462,0,0,2,2,N,N,55,37.49273,-82.53409,5,3,4,6,1,5,3,2,7,3,N,49,2023,O,098-US-0023  -000,25.4,0,0,0,1,0,0,1,1,0,0,0,0,0,1,Non-DAC,0,1
72940944,20230831,1318,US23,098 US-23,US0023,N,25.386,0,0,2,2,N,N,55,37.49286,-82.53394,5,3,4,6,1,1,2,2,7,3,N,49,2023,O,098-US-0023  -000,25.412,0,0,1,0,0,0,0,0,0,0,0,0,0,1,Non-DAC,0,1
72910702,20230613,1738,CASSIDY,,,N,0.274,0,0,2,2,N,N,15,37.50507,-82.53634,8,3,3,6,1,1,2,2,1,3,N,53,2023,O,098-CS-1191  -000,0.272,0,0,0,0,0,0,1,0,0,0,0,1,0,1,Non-DAC,0,1
72977471,20231117,1540,COLLEGE,098 CS-1152,CS1152,N,0.14,0,0,2,2,N,N,15,37.47562,-82.52354,7,3,2,6,1,1,2,2,6,1,N,54,2023,O,098-CS-1152  -000,0.067,0,1,0,1,0,0,0,0,0,0,0,1,0,1,DAC,1,0
72922333,20230710,857,PIKE,098 CS-1113,CS1113,N,0.138,0,0,2,2,N,Y,15,37.48085,-82.51767,1,3,2,6,1,1,2,2,3,3,N,55,2023,O,098-CS-1113  -000,0.138,0,0,0,1,0,0,1,1,0,0,0,0,0,1,DAC,1,0
72949875,20230923,1024,CASSIDY,,,N,0.323,0,0,2,2,N,N,35,37.50522,-82.53731,1,3,2,3,1,1,2,2,1,3,N,55,2023,O,098-CS-1191  -000,0.323,0,0,1,0,0,0,1,1,0,0,0,0,0,1,Non-DAC,0,1
72854021,20230113,1636,KY3496,098 KY-3496,KY3496,N,0.157,1,0,2,2,N,N,35,37.46625,-82.53049,3,3,2,6,1,5,9,2,7,3,N,52,2023,C,098-KY-3496  -000,0.162,0,0,0,1,0,0,1,0,1,1,0,1,0,1,DAC,0,1
72863906,20230209,825,HAMBLEY,098 CS-1222,CS1222,N,0.383,0,0,2,2,N,N,25,37.4771,-82.5217,5,3,3,6,1,1,2,2,7,3,N,49,2023,O,098-CS-1222  -000,0.383,0,0,0,0,0,0,1,0,0,0,0,0,0,1,DAC,1,0
72992213,20231228,710,THOMPSON,098 CS-1215,CS1215,N,0.636,0,0,2,2,N,N,45,37.50534,-82.54136,1,3,2,6,1,1,2,6,1,3,N,55,2023,O,098-CS-1215  -000,0.645,0,0,1,0,0,0,1,0,0,0,0,0,0,1,Non-DAC,0,1
72936965,20230822,1130,US23,098 US-23,US0023,N,21.207,1,0,2,2,N,N,55,37.44791,-82.52534,1,3,4,6,1,1,2,2,1,3,Y,55,2023,B,098-US-0023  -000,21.141,0,0,0,0,0,0,1,1,0,0,0,0,0,1,Non-DAC,0,1
72923074,20230715,1533,MAIN,098 CS-1112,CS1112,N,0.136,1,0,2,2,N,N,25,37.47949,-82.51748,1,3,1,6,1,5,6,2,7,3,N,55,2023,C,098-CS-1112  -000,0.135,0,0,0,0,0,0,0,1,0,0,0,0,0,1,DAC,1,0
72967552,20231031,1353,US23,098 US-23-10,US0023,N,24.738,0,0,1,1,N,N,55,37.4849,-82.54277,9,3,4,3,1,1,2,2,7,3,N,38,2023,O,098-US-0023  -000,24.669,0,0,0,0,0,0,0,0,0,0,0,0,0,1,Non-DAC,0,1
72981103,20231129,1656,HAMBLEY,098 CS-1222,CS1222,N,0.901,1,0,2,2,N,N,35,37.48358,-82.5203,1,3,2,6,1,1,2,2,1,3,N,10,2023,B,098-CS-1222  -000,0.9,0,0,0,0,0,0,0,1,1,0,1,0,0,1,DAC,1,0
72887035,20230414,1953,TOWN MOUNTAIN,098 KY-1426,KY1426,N,8.059,0,0,1,1,N,N,35,37.49188,-82.49122,9,3,2,2,1,5,5,4,6,3,N,40,2023,O,098-KY-1426  -000,8.055,0,0,0,0,0,0,0,0,0,0,0,1,0,1,Non-DAC,0,1
72870149,20230228,1123,KY1426,,,N,8.28,0,0,2,2,N,N,45,37.49535,-82.49103,1,3,2,4,1,1,2,2,7,3,N,55,2023,O,098-KY-1426  -000,8.3,0,0,0,1,0,0,1,0,0,0,0,0,0,1,Non-DAC,0,1
72942305,20230831,1623,HAMBLEY,098 CS-1222,CS1222,N,0.528,0,0,2,2,N,N,35,37.47876,-82.5201,4,3,3,6,1,1,2,2,3,3,N,70,2023,O,098-CS-1222  -000,0.528,1,0,0,0,0,0,0,1,0,0,0,0,0,1,DAC,1,0
72872182,20230228,1741,US460,098 US-460,US0460,N,0.431,0,0,2,2,N,N,55,37.43652,-82.51097,1,3,2,6,1,1,3,2,7,3,N,10,2023,O,098-US-0460  -000,0.433,0,0,0,0,0,0,0,1,0,0,1,0,0,1,Non-DAC,1,0
72880035,20230323,1123,US23,098 US-23,US0023,N,24.921,2,0,2,2,N,N,55,37.48743,-82.54129,1,3,4,6,1,1,2,2,7,3,Y,55,2023,C,098-US-0023  -000,24.858,0,0,0,1,0,0,0,0,0,0,0,0,0,1,Non-DAC,0,1
72911489,20230615,2121,US23,098 US-23,US0023,N,22.301,0,0,1,1,N,N,55,37.4615,-82.51686,9,3,4,3,1,1,2,6,1,3,N,38,2023,O,098-US-0023  -000,22.234,0,0,0,0,0,0,0,0,0,0,0,0,0,1,Non-DAC,1,0
72947656,20230911,1233,KY3227 CROSSOVER,098 KY-3227-30,KY3227,N,0.005,1,0,2,1,N,N,55,37.51044,-82.54823,9,3,2,6,1,1,3,2,1,3,Y,37,2023,A,098-KY-3227  -030,0,0,0,0,0,0,1,0,0,0,0,0,0,0,1,Non-DAC,1,0
72971377,20231110,2009,CASSIDY,098 CS-1191,CS1191,N,0.022,0,0,3,3,N,N,45,37.50373,-82.53252,5,3,5,4,1,1,2,5,1,3,N,70,2023,O,098-CS-1191  -000,0.022,0,0,0,0,0,0,1,0,0,0,0,0,0,1,Non-DAC,1,0
72859919,20230119,1754,US23,098 US-23,US0023,N,25.95,3,0,2,2,N,N,55,37.49894,-82.53131,1,3,4,6,1,1,2,3,1,3,N,55,2023,C,098-US-0023  -000,25.889,0,0,1,0,0,0,1,0,0,0,0,1,1,1,Non-DAC,0,1
72924631,20230719,1118,US23,098 US-23-10,US0023,N,26.311,0,0,2,2,N,N,55,37.50409,-82.5322,5,3,4,6,1,1,2,2,7,3,N,49,2023,O,098-US-0023  -000,26.25,0,0,0,1,0,0,0,0,0,0,0,0,0,1,Non-DAC,1,0
72952860,20230929,1746,US23,098 US-23,US0023,N,25.793,0,0,2,2,N,N,55,37.49671,-82.53106,5,3,4,6,1,1,2,2,2,3,N,49,2023,O,098-US-0023  -000,25.732,0,0,1,0,0,0,1,1,0,0,0,0,0,1,Non-DAC,0,1
72992212,20231223,1659,CASSIDY,098 CS-1191,CS1191,N,0.181,0,0,2,2,N,N,25,37.50386,-82.53497,1,3,4,3,1,1,2,2,1,3,N,55,2023,O,098-CS-1191  -000,0.161,0,0,0,0,0,0,1,0,0,0,0,0,0,1,Non-DAC,0,1
72968190,20231102,1757,KY3496,,,N,0.705,0,0,2,2,N,N,35,37.47195,-82.53126,5,3,2,3,1,1,2,2,1,3,N,70,2023,O,098-KY-3496  -000,0.708,0,0,0,0,0,0,1,0,0,0,0,0,0,1,DAC,1,0
72920382,20230612,1544,DIVISION,098 CS-1130,CS1130,N,0.038,0,0,2,2,Y,Y,15,37.48018,-82.51849,8,97,2,6,1,1,2,2,1,3,N,47,2023,O,098-CS-1130  -000,0.039,0,0,0,0,0,0,0,0,0,0,0,0,0,1,DAC,1,0
72902738,20230522,1340,NORTHMONTE,098 CS-1098,CS1098,N,0.005,0,0,1,1,Y,N,15,37.48362,-82.53853,9,97,2,6,1,1,2,2,6,3,N,40,2023,O,098-CS-1098  -000,0.005,0,0,0,0,0,0,0,0,0,0,0,1,0,1,Non-DAC,1,0
72930189,20230803,543,US23,,,N,32.376,0,0,1,1,N,N,55,37.53695,-82.61552,9,3,4,3,1,5,3,6,7,3,N,38,2023,O,098-US-0023  -000,32.36,0,0,0,0,0,0,0,0,0,0,0,0,0,1,Non-DAC,0,1
72991712,20231223,1811,KY3417,098 KY-3417,KY3417,N,0.372,0,0,2,2,Y,N,35,37.46662,-82.55817,7,3,2,6,1,1,2,7,7,3,N,54,2023,O,098-KY-3417  -000,0.372,0,0,0,0,0,0,0,0,0,0,0,1,0,1,Non-DAC,0,1
72908501,20230604,1330,CASSIDY,098 CS-1191,CS1191,N,0.159,0,0,2,2,N,N,5,37.50369,-82.53464,2,97,2,6,1,1,2,2,5,3,N,56,2023,O,098-CS-1191  -000,0.14,0,0,0,0,0,0,1,0,0,0,0,0,0,1,Non-DAC,0,1
72873080,20230227,2333,US119,098 US-119-10,US0119,N,0.017,0,0,2,2,N,N,55,37.50389,-82.53172,5,3,4,6,1,1,2,5,1,3,N,49,2023,O,098-US-0119  -000,0.017,0,0,0,1,0,0,1,0,0,0,0,0,0,1,Non-DAC,1,0
72950399,20230920,1438,US23,,,N,30.843,0,0,2,2,N,N,55,37.54133,-82.59115,8,3,4,6,1,1,2,2,7,3,N,53,2023,O,098-US-0023  -000,30.843,0,0,0,0,0,0,1,0,0,0,0,1,0,1,Non-DAC,0,1
72975822,20231107,1745,COLLEGE,098 CS-1152,CS1152,N,0.289,2,0,3,1,N,N,25,37.47479,-82.52592,9,3,2,2,1,1,2,3,6,3,N,36,2023,C,098-CS-1152  -000,0.216,0,0,0,0,1,0,0,0,0,0,0,0,0,1,DAC,0,1
72894031,20230413,1054,KY3496,098 KY-3496,KY3496,N,0.131,0,0,2,2,N,N,35,37.46613,-82.53004,4,3,2,6,1,1,2,2,7,3,N,70,2023,O,098-KY-3496  -000,0.137,0,0,0,0,0,0,1,0,0,0,0,0,0,1,DAC,0,1
72862932,20230206,1821,BYPASS,098 KY-1426,KY1426,N,6.551,2,0,2,2,N,N,45,37.48235,-82.51371,1,3,2,6,1,1,2,3,1,3,N,55,2023,B,098-KY-1426  -000,6.551,0,0,0,0,0,0,1,0,0,0,0,0,0,1,DAC,1,0
72874641,20230312,1648,US23,098 US-23-10,US0023,N,22.292,0,0,2,2,N,N,55,37.46136,-82.51698,1,3,4,3,1,5,3,2,7,3,N,55,2023,O,098-US-0023  -000,22.225,0,0,1,1,0,0,1,0,0,0,0,0,0,1,Non-DAC,1,0
72880160,20230325,2243,US23,098 US-23,US0023,N,27.001,0,0,1,1,N,N,55,37.51041,-82.54119,9,3,4,6,1,1,2,6,1,3,N,70,2023,O,098-US-0023  -000,26.952,0,0,0,0,0,0,0,0,0,0,0,0,0,1,Non-DAC,0,1
72853642,20230113,710,KY1426,098 KY-1426,KY1426,N,7.9,0,0,1,1,N,N,45,37.49038,-82.49336,9,3,2,4,1,5,6,4,7,3,N,41,2023,O,098-KY-1426  -000,7.9,0,0,0,0,0,0,0,0,0,0,0,1,0,1,Non-DAC,1,0
72875079,20230313,1337,US23 TURN LANE,098 US-23-21,US0023,N,0.017,0,0,2,2,N,N,55,37.50358,-82.53234,5,3,4,6,1,1,2,2,7,3,N,49,2023,O,098-US-0023  -021,0.02,0,0,0,0,0,0,0,0,0,0,0,0,0,1,Non-DAC,1,0
72883393,20230204,1456,US23,098 US-23-10,US0023,N,24.796,1,1,2,1,N,N,55,37.48574,-82.54243,9,3,4,6,1,1,2,2,7,3,Y,36,2023,K,098-US-0023  -000,24.73,0,0,0,0,1,0,0,0,0,0,0,1,0,1,Non-DAC,1,0
72861417,20230201,936,US23,098 US-23-10,US0023,N,26.31,0,0,2,2,N,N,55,37.50404,-82.53239,5,3,4,6,1,5,3,2,7,3,N,49,2023,O,098-US-0023  -000,26.247,0,0,0,0,0,0,0,0,0,0,0,0,0,1,Non-DAC,1,0
72936393,20230819,2300,COWPEN,098 KY-2061,KY2061,N,3.649,1,0,1,1,N,N,55,37.56263,-82.55746,9,3,2,2,1,1,2,6,7,3,Y,38,2023,C,098-KY-2061  -000,3.648,0,0,0,1,0,0,0,0,0,0,0,1,0,1,Non-DAC,1,0
72874629,20230305,3,MILDRED,098 CS-1180,CS1180,N,0.157,0,0,2,2,Y,N,25,37.48249,-82.53111,8,3,,4,1,1,2,6,6,3,N,47,2023,O,098-CS-1180  -000,0.157,0,0,0,0,0,0,0,0,1,1,0,0,0,1,DAC,0,1
72979563,20231128,1317,KY1460,098 KY-1460,KY1460,N,6.627,0,0,2,2,N,N,45,37.48348,-82.53793,5,3,2,6,1,1,2,2,6,3,N,49,2023,O,098-KY-1460  -000,6.58,0,0,0,1,0,0,1,0,0,0,0,0,0,1,Non-DAC,1,0
72894731,20230504,1713,BYPASS,098 KY-1426,KY1426,N,6.476,0,0,2,2,N,N,35,37.48136,-82.51424,5,3,2,6,1,1,2,2,3,3,N,49,2023,O,098-KY-1426  -000,6.476,0,0,0,0,0,0,1,0,0,0,0,0,0,1,DAC,1,0
72851515,20230105,2114,HUFFMAN,098 CS-1123,CS1123,N,0.117,0,0,2,2,N,N,15,37.47788,-82.5188,8,3,3,6,1,1,2,6,7,3,N,53,2023,O,098-CS-1123  -000,0.117,0,1,0,1,0,0,1,1,0,0,0,1,0,1,DAC,1,0
72861694,20230203,1624,US23,098 US-23,US0023,N,27.367,0,0,2,2,N,N,55,37.5109,-82.54855,5,3,6,6,1,1,3,2,7,3,N,49,2023,O,098-US-0023  -000,27.361,0,0,1,0,0,0,1,1,0,0,0,0,0,1,Non-DAC,1,0
72887788,20230409,1840,CEDAR HILLS,098 KY-1426,KY1426,N,3.67,1,0,2,2,N,N,55,37.45234,-82.53564,8,3,2,3,1,1,2,2,7,3,Y,53,2023,C,098-KY-1426  -000,3.635,0,0,0,0,0,0,0,0,0,0,0,1,0,1,Non-DAC,0,1
72921161,20230708,1232,US23,098 US-23,US0023,N,26.214,0,0,2,2,N,N,55,37.50268,-82.53201,8,3,4,6,1,1,2,2,1,3,N,53,2023,O,098-US-0023  -000,26.152,0,0,0,1,0,0,0,0,0,0,0,1,0,1,Non-DAC,0,1
72978230,20231126,1735,MAYO,098 US-23-10,US0023,N,19.707,0,0,1,1,N,N,55,37.44959,-82.50713,9,6,4,3,1,1,3,3,1,3,N,40,2023,O,098-US-0023  -000,19.651,0,0,0,1,0,0,1,0,0,0,0,1,0,1,Non-DAC,0,1
72950228,20230923,1451,US23,,,N,29.625,0,0,2,2,N,N,55,37.53188,-82.57711,8,3,5,6,1,1,2,2,7,3,N,40,2023,O,098-US-0023  -000,29.604,0,0,0,0,0,0,1,0,0,0,0,1,0,1,Non-DAC,0,1
72884274,20230407,847,MAIN,098 CS-1112,CS1112,N,0.205,0,0,2,2,N,N,15,37.48032,-82.5168,1,3,2,6,1,5,6,2,1,3,N,55,2023,O,098-CS-1112  -000,0.204,0,0,0,0,0,0,0,0,0,0,0,0,0,1,DAC,1,0
72852274,20230105,706,US23,098 US-23-10,US0023,N,26.297,0,0,2,2,N,N,55,37.50384,-82.53237,5,3,4,6,1,1,2,5,7,3,N,49,2023,O,098-US-0023  -000,26.235,0,0,0,0,0,0,0,0,0,0,0,0,0,1,Non-DAC,1,0
72953043,20230922,854,OWSLEY,098 KY-1384,KY1384,N,7.015,2,0,2,2,N,N,45,37.48012,-82.53938,5,3,2,6,1,1,2,2,1,3,Y,49,2023,C,098-KY-1384  -000,7.01,0,0,0,0,0,0,1,0,0,0,0,0,0,1,DAC,0,1
72954362,20230926,903,US23,,,N,22.043,0,0,2,2,N,N,55,37.45793,-82.51745,8,3,4,6,1,1,2,2,7,3,N,53,2023,O,098-US-0023  -000,21.976,0,0,0,0,0,0,0,1,0,0,0,1,0,1,Non-DAC,0,1
72874511,20230309,430,SMITH,098 CS-1163,CS1163,N,0.018,0,0,1,1,N,N,15,37.48323,-82.52161,9,3,2,4,1,1,2,5,6,3,N,40,2023,O,098-CS-1163  -000,0.017,0,0,0,0,0,0,0,0,0,0,0,1,0,1,DAC,1,0
72902447,20230522,1513,CASSIDY,098 CS-1191,CS1191,N,0.261,0,0,2,2,Y,N,35,37.50464,-82.53612,1,3,,6,1,1,2,2,7,3,N,55,2023,O,098-CS-1191  -000,0.245,0,0,0,0,0,0,0,1,1,0,0,0,0,1,Non-DAC,0,1
72958466,20231012,1750,US23,098 US-23,US0023,N,23.979,0,0,2,2,N,N,45,37.47546,-82.53823,5,3,4,6,1,1,2,2,2,3,N,49,2023,O,098-US-0023  -000,23.912,0,0,0,0,0,0,1,1,0,0,0,0,0,1,DAC,0,1
72929637,20230803,1417,KY3496,098 KY-3496,KY3496,N,0.909,0,0,2,2,N,N,35,37.47216,-82.52753,1,3,2,6,1,5,3,2,1,3,N,55,2023,O,098-KY-3496  -000,0.914,0,0,0,0,0,0,1,0,0,0,0,0,0,1,DAC,1,0
72877719,20230316,1311,CASSIDY,,,N,0.053,0,0,3,3,N,N,25,37.50368,-82.53301,5,3,4,4,2,1,2,2,7,3,N,70,2023,O,098-CS-1191  -000,0.049,0,0,0,1,0,0,1,0,0,0,0,0,0,1,Non-DAC,1,0
72952404,20230928,1554,THOMPSON,098 CS-1215,CS1215,N,0.023,0,0,2,2,N,N,55,37.51046,-82.54816,5,3,2,6,1,1,3,2,7,3,N,49,2023,O,098-CS-1215  -000,0.023,0,0,0,0,0,0,1,0,0,0,0,0,0,1,Non-DAC,1,0
72964828,20231027,1649,OWSLEY,098 KY-1384,KY1384,N,6.175,0,0,2,2,N,N,35,37.47599,-82.55311,5,3,2,6,1,1,2,2,6,3,N,49,2023,O,098-KY-1384  -000,6.175,0,0,1,0,0,0,1,0,1,0,0,0,0,1,Non-DAC,1,0
72981728,20231204,1455,KY1426,098 KY-1426,KY1426,N,9.191,1,0,1,1,N,N,55,37.50778,-82.48843,9,3,2,1,1,1,3,2,1,3,N,44,2023,C,098-KY-1426  -000,9.197,0,0,0,0,0,0,0,0,0,0,0,1,0,1,Non-DAC,0,1
72927253,20230721,1224,JULIUS,098 CS-1156,CS1156,N,0.005,0,0,1,1,N,N,15,37.47629,-82.52264,9,4,1,4,1,1,2,2,6,3,N,44,2023,O,098-CS-1156  -000,0.004,0,0,0,0,0,0,0,0,0,1,0,1,0,1,DAC,1,0
72955283,20231005,1648,US23,098 US-23,US0023,N,24.068,4,0,2,2,N,N,55,37.47633,-82.53932,5,3,4,6,1,1,2,2,2,3,Y,49,2023,B,098-US-0023  -000,23.997,0,0,0,0,0,0,1,1,0,0,0,0,0,1,DAC,0,1
72972544,20231113,1702,MAYO TRAIL,,,N,,0,0,2,2,N,N,25,37.5383,-82.58081,2,97,2,6,1,1,2,2,8,3,N,56,2023,O,098-CR-1426K -000,0.21,0,0,0,1,0,0,1,0,0,0,0,0,0,1,Non-DAC,1,0
72913112,20230615,1717,CEDAR HILLS,,,N,4.74,0,0,2,2,N,N,35,37.4632,-82.52593,5,3,2,6,1,1,2,2,7,3,N,49,2023,O,098-KY-1426  -000,4.743,0,0,0,0,0,0,1,0,0,0,0,0,0,1,Non-DAC,1,0
72923075,20230716,1017,US23,098 US-23,US0023,N,25.153,0,0,2,2,N,N,55,37.4897,-82.53819,8,3,4,6,1,1,3,2,7,3,N,53,2023,O,098-US-0023  -000,25.091,0,0,0,1,0,0,0,0,0,0,0,1,0,1,Non-DAC,0,1
72854595,20230115,1655,PIKE,098 CS-1113,CS1113,N,0.137,0,0,2,2,N,Y,25,37.48085,-82.51765,7,3,2,6,1,1,2,2,7,3,N,54,2023,O,098-CS-1113  -000,0.137,0,0,1,1,0,0,1,0,0,0,0,1,0,1,DAC,1,0
72978615,20231128,155,US23,098 US-23,US0023,N,22.043,0,0,1,1,N,N,55,37.45794,-82.51762,9,3,4,3,1,1,2,4,7,3,N,38,2023,O,098-US-0023  -000,21.971,0,0,0,0,0,0,0,0,0,0,0,0,0,1,Non-DAC,0,1
72851608,20230104,952,US119,098 US-119,US0119,N,1.752,1,0,2,2,N,N,55,37.51301,-82.50358,5,3,2,5,1,5,3,2,7,3,Y,49,2023,C,098-US-0119  -000,1.755,0,1,0,0,0,0,1,0,0,0,0,0,0,1,Non-DAC,0,1
72959832,20231016,1502,KY1426,098 KY-1426,KY1426,N,8.127,0,0,1,1,N,N,35,37.493,-82.49097,9,3,2,1,1,5,3,2,7,3,N,40,2023,O,098-KY-1426  -000,8.136,0,0,0,0,0,0,0,0,0,0,0,1,0,1,Non-DAC,0,1
72871443,20230303,1622,US23,,,N,19.152,0,0,2,2,N,N,55,37.44257,-82.50578,8,3,4,6,1,5,6,2,7,3,N,53,2023,O,098-US-0023  -000,19.087,0,0,1,0,0,0,0,0,0,0,0,1,0,1,Non-DAC,0,1
72906279,20230525,1504,KY3496,098 KY-3496,KY3496,N,0.78,3,0,2,2,N,N,35,37.47206,-82.52988,1,3,2,6,1,1,2,2,1,3,N,55,2023,B,098-KY-3496  -000,0.78,0,0,0,1,0,0,0,0,0,1,0,1,0,1,DAC,1,0