MasterFile,CollisionDate,CollisionTime,RoadwayName,RSEUniqueGIS,RoadwayIdentifier,ParkingLotIndicator,Milepoint,NumberInjured,NumberKilled,ofUnits,ofMotorVehicleUnits,Hit&RunIndicator,OneWayIndicator,SpeedLimitNumber,Latitude,Longitude,MannerofCollisionCode,LocationFirstEventCode,TotalLanes,RoadwayCharacterCode,RoadwaySurfaceCode,RoadwayConditionCode,WeatherCode,LightConditionCode,LandUseCode,SchoolBusRelatedCode,FirstAidSceneIndicator,DirectionalAnalysis,YR,KABCO,KTC_RT,KTC_MP,Motorcyclist,Commercial Vehicle,Young Driver,Mature Driver,Pedestrian,Bicyclist,Distracted,Aggressive,Impaired,Unrestrained,Intersection,Roadway Departure,Median Cross-over,CityCrash,DACid,Intersection Crash,Segment Crash
72987183,20231215,1634,US 23 SOUTH,,,N,,0,0,2,2,Y,N,45,37.54019,-82.58192,1,3,4,6,1,1,2,2,7,3,N,55,2023,O,098-US-0023  -000,30.237,0,0,0,0,0,0,1,0,0,0,0,0,0,1,Non-DAC,0,1
72918206,20230626,1112,CARTER,098 CS-1224,CS1224,N,0.2,0,0,2,2,N,N,15,37.46331,-82.49373,2,97,1,6,1,8,2,2,6,3,N,47,2023,O,098-CS-1224  -000,0.201,0,0,0,0,0,0,0,0,0,0,0,0,0,1,Non-DAC,0,1
72935306,20230817,1659,US23,098 US-23,US0023,N,24.807,0,0,2,2,N,N,55,37.48591,-82.5422,8,3,4,6,1,1,3,2,7,3,N,53,2023,O,098-US-0023  -000,24.741,0,0,0,0,0,0,0,0,0,0,0,1,0,1,Non-DAC,1,0
72954054,20231002,1404,US23,098 US-23-10,US0023,N,26.754,1,0,1,1,N,N,55,37.5088,-82.5372,9,5,4,6,1,1,2,2,2,3,Y,44,2023,B,098-US-0023  -000,26.698,0,1,0,0,0,0,0,0,0,0,0,1,0,1,Non-DAC,0,1
72852081,20230108,1713,US119,098 US-119,US0119,N,2.673,3,0,2,2,N,N,55,37.51402,-82.48752,4,3,2,4,1,1,3,3,7,3,N,70,2023,C,098-US-0119  -000,2.672,0,0,0,0,0,0,0,1,0,0,0,0,0,1,DAC,1,0
72955282,20231005,1237,US23,098 US-23,US0023,N,22.979,0,0,2,2,N,N,55,37.4655,-82.52664,8,3,4,6,1,1,2,2,2,3,N,53,2023,O,098-US-0023  -000,22.912,0,1,0,1,0,0,1,1,0,0,0,1,0,1,DAC,0,1
72870351,20230228,745,WINNERS CIRCLE DRIVE,,,N,,0,0,1,1,N,N,15,37.51362,-82.49935,9,6,2,1,1,1,2,1,8,3,N,40,2023,O,098-US-0119  -000,2.001,0,0,1,0,0,0,0,0,0,0,0,1,0,1,Non-DAC,0,1
72959241,20231012,1708,US23,098 US-23,US0023,N,,0,0,1,1,N,N,55,37.4324,-82.51433,9,5,4,6,1,1,2,2,7,3,N,51,2023,O,098-US-0023  -000,18.226,0,0,0,0,0,0,0,0,0,0,0,1,0,1,Non-DAC,1,0
72958333,20231012,1832,US23,098 US-23-10,US0023,N,24.102,0,0,2,2,N,N,55,37.47667,-82.53973,6,3,4,6,1,1,3,2,7,3,N,70,2023,O,098-US-0023  -000,24.03,0,1,0,0,0,0,1,0,0,0,0,0,0,1,DAC,0,1
72972739,20231114,754,OWSLEY,098 KY-1384,KY1384,N,7,0,0,1,1,N,N,45,37.48014,-82.53964,9,3,4,6,1,1,2,2,7,3,N,38,2023,O,098-KY-1384  -000,6.995,0,0,0,1,0,0,0,0,0,0,0,0,0,1,DAC,0,1
72958967,20231010,928,US23,098 US-23,US0023,N,30.871,0,0,2,2,N,N,55,37.54111,-82.59147,8,3,4,3,1,1,2,2,7,3,N,40,2023,O,098-US-0023  -000,30.875,0,0,0,0,0,0,0,0,0,0,0,1,0,1,Non-DAC,0,1
72885228,20230410,1200,COLLEGE,098 CS-1108,CS1108,N,0.214,0,0,2,2,Y,N,25,37.47792,-82.51924,8,7,2,6,1,1,2,2,1,3,N,47,2023,O,098-CS-1108  -000,0.213,0,0,0,0,0,0,0,0,0,0,0,0,0,1,DAC,0,1
72900423,20230512,1531,THOMPSON,098 CS-1215,CS1215,N,0.787,0,0,2,2,N,N,45,37.50417,-82.53905,4,3,2,6,1,5,6,2,1,3,N,70,2023,O,098-CS-1215  -000,0.796,0,1,0,0,0,0,1,0,0,0,0,0,0,1,Non-DAC,1,0
72958966,20231007,1309,US23,098 US-23,US0023,N,31.769,3,0,2,2,N,N,55,37.53737,-82.60461,1,3,4,6,1,1,2,2,7,3,Y,55,2023,C,098-US-0023  -000,31.749,0,0,0,1,0,0,0,0,0,0,0,1,0,1,Non-DAC,0,1
72990281,20231226,1834,BYPASS,098 KY-1426,KY1426,N,5.83,0,0,1,1,N,N,45,37.47375,-82.52061,9,3,2,6,1,5,3,6,7,3,N,38,2023,O,098-KY-1426  -000,5.824,0,0,0,0,0,0,0,0,0,0,0,0,0,1,DAC,0,1
72955897,20231003,2013,COLLEGE,098 CS-1152,CS1152,N,0.134,0,0,2,2,N,N,25,37.4756,-82.52363,1,3,2,6,1,1,2,5,7,3,N,55,2023,O,098-CS-1152  -000,0.072,0,0,1,0,0,0,0,1,0,0,0,0,0,1,DAC,1,0
72851662,20230107,1323,US23,,,N,31.577,0,0,2,2,N,N,55,37.53696,-82.60114,5,3,4,6,1,1,2,2,1,3,N,49,2023,O,098-US-0023  -000,31.557,0,0,0,0,0,0,1,0,0,0,0,0,0,1,Non-DAC,0,1
72946692,20230913,1746,KY3496,098 KY-3496,KY3496,N,0.337,0,0,2,2,N,N,35,37.46793,-82.53294,1,3,2,6,1,1,2,2,1,3,N,55,2023,O,098-KY-3496  -000,0.336,0,0,0,0,0,0,1,0,0,0,0,0,0,1,DAC,0,1
72867243,20230218,615,KY1426,098 KY-1426,KY1426,N,7.592,1,0,2,1,Y,N,45,37.49037,-82.49877,9,5,2,6,1,1,2,6,6,3,Y,2,2023,A,098-KY-1426  -000,7.593,0,0,0,0,0,1,0,0,0,0,1,0,0,1,Non-DAC,1,0
72898122,20230512,1642,KY1426,098 KY-1426,KY1426,N,8.05,0,0,1,1,N,N,55,37.49182,-82.49134,9,3,2,1,1,5,6,2,1,3,N,44,2023,O,098-KY-1426  -000,8.045,0,0,0,0,0,0,0,0,0,0,0,1,0,1,Non-DAC,0,1
72995784,20231230,1310,KY1426,098 KY-1426,KY1426,N,8.107,0,0,1,1,N,N,55,37.4926,-82.49086,9,3,2,1,1,5,6,2,7,3,N,70,2023,O,098-KY-1426  -000,8.109,0,0,0,0,0,0,0,0,0,0,0,1,0,1,Non-DAC,0,1
72860108,20230130,809,HAMBLEY,098 CS-1222,CS1222,N,1.64,0,0,1,1,N,N,35,37.48227,-82.53239,9,3,2,6,1,5,6,2,7,3,N,38,2023,O,098-CS-1222  -000,1.651,0,0,0,1,0,0,0,0,0,0,0,0,0,1,DAC,1,0
72902089,20230516,1239,COMBS,,,N,0.005,0,0,2,2,N,N,15,37.48168,-82.51421,5,3,2,6,2,1,2,2,7,3,N,49,2023,O,098-CS-1115  -000,0.004,0,0,0,0,0,0,1,1,0,0,0,0,0,1,DAC,1,0
72890373,20230410,1211,POPLAR,098 CS-1160,CS1160,N,0.116,0,0,2,2,N,N,15,37.48021,-82.52203,7,3,1,6,1,1,2,2,6,3,N,54,2023,O,098-CS-1160  -000,0.117,0,1,0,0,0,0,0,0,0,0,0,1,0,1,DAC,0,1
72872723,20230227,910,THOMPSON,,,N,0.213,0,0,2,2,N,N,25,37.50776,-82.54856,1,3,2,3,1,1,2,2,1,3,N,55,2023,O,098-CS-1215  -000,0.214,0,0,0,0,0,0,1,0,0,0,0,0,0,1,Non-DAC,1,0
72860792,20230127,2229,HAMBLEY,098 CS-1222,CS1222,N,1.274,0,0,3,3,N,N,35,37.48514,-82.52657,7,5,2,6,1,1,2,5,6,3,N,47,2023,O,098-CS-1222  -000,1.275,0,0,0,0,0,0,0,0,0,0,0,0,0,1,DAC,0,1
72888964,20230415,1553,CASSIDY,098 CS-1191,CS1191,N,0.246,0,0,2,2,N,N,15,37.50466,-82.53587,2,3,2,6,1,1,2,2,1,3,N,56,2023,O,098-CS-1191  -000,0.235,0,0,1,0,0,0,1,0,0,0,0,0,0,1,Non-DAC,0,1
72887037,20230413,1400,US460,,,N,0.249,0,0,2,2,N,N,55,37.43902,-82.50976,1,3,2,6,1,1,2,2,7,3,N,55,2023,O,098-US-0460  -000,0.249,0,0,0,1,0,0,0,1,0,0,0,0,0,1,Non-DAC,1,0
72952158,20230926,1200,US23,098 US-23,US0023,N,30.527,2,0,2,2,N,N,55,37.54263,-82.58542,5,3,4,2,1,1,2,2,3,3,Y,49,2023,B,098-US-0023  -000,30.5,0,0,0,0,0,0,1,1,0,0,0,0,0,1,Non-DAC,0,1
72855830,20230118,1300,BYPASS,098 KY-1426,KY1426,N,6.472,0,0,2,2,N,N,25,37.48167,-82.51414,1,3,2,6,1,1,2,2,7,3,N,55,2023,O,098-KY-1426  -000,6.499,0,0,0,0,0,0,0,0,0,0,0,0,0,1,DAC,1,0
72880036,20230323,837,KY1460,098 KY-1460,KY1460,N,6.679,0,0,1,1,N,N,45,37.48358,-82.53888,9,3,2,6,1,1,2,2,7,3,N,38,2023,O,098-KY-1460  -000,6.633,0,0,0,1,0,0,0,0,0,0,0,0,0,1,Non-DAC,1,0
72956899,20230926,2151,US119,098 US-119-10,US0119,N,1.98,0,0,2,2,Y,N,55,37.51247,-82.49973,8,2,2,5,1,1,2,6,7,3,N,47,2023,O,098-US-0119  -000,1.98,0,0,0,0,0,0,1,0,1,1,0,0,0,1,Non-DAC,0,1
72866331,20230210,948,US23,098 US-23,US0023,N,24.05,1,0,2,2,N,N,55,37.47628,-82.53905,5,3,4,6,1,1,2,2,7,3,Y,49,2023,C,098-US-0023  -000,23.984,0,0,0,0,0,0,1,1,0,0,0,0,0,1,DAC,0,1
72886748,20230414,802,US23,098 US-23,US0023,N,26.912,1,0,2,2,N,N,55,37.50994,-82.5395,1,3,4,6,1,1,3,2,1,3,Y,10,2023,B,098-US-0023  -000,26.853,0,0,0,1,0,0,1,0,0,0,1,0,0,1,Non-DAC,1,0
72963771,20231023,759,BAIRD,098 KY-1426,KY1426,N,5.376,0,0,2,2,N,N,55,37.47355,-82.52718,5,3,2,3,1,1,2,2,7,3,N,49,2023,O,098-KY-1426  -000,5.376,0,0,0,0,0,0,0,1,0,0,0,0,0,1,DAC,1,0
72899644,20230513,1215,US23,,,N,26.23,0,0,2,2,N,N,55,37.5029,-82.53204,5,3,4,6,1,1,3,2,1,3,N,70,2023,O,098-US-0023  -000,26.167,0,0,0,0,0,0,1,0,0,0,0,0,0,1,Non-DAC,1,0
72914595,20230604,1528,US23,098 US-23-10,US0023,N,22.499,0,0,1,1,N,N,55,37.46376,-82.51868,9,3,4,3,1,1,2,2,1,3,N,38,2023,O,098-US-0023  -000,22.433,0,0,0,0,0,0,0,0,0,0,0,1,0,1,Non-DAC,1,0
72921233,20230711,1408,CAROLINE,098 CS-1127,CS1127,N,0.015,0,0,2,2,N,N,5,37.47915,-82.5192,8,5,1,6,1,1,2,2,1,3,N,47,2023,O,098-CS-1127  -000,0.035,0,0,0,0,0,0,0,0,0,0,0,0,0,1,DAC,1,0
72940903,20230816,2051,CASSIDY,098 CS-1191,CS1191,N,0.159,0,0,2,2,N,N,35,37.50367,-82.53465,8,3,4,3,1,1,2,5,1,3,N,53,2023,O,098-CS-1191  -000,0.14,0,0,0,1,0,0,1,0,0,0,0,1,0,1,Non-DAC,0,1
72892148,20230426,1514,KY1460,098 KY-1460,KY1460,N,6.981,0,0,2,2,N,N,45,37.48522,-82.54393,4,3,2,2,1,1,2,2,7,3,N,4,2023,O,098-KY-1460  -000,6.964,0,0,0,0,0,0,1,0,0,0,1,0,0,1,Non-DAC,1,0
72945747,20230901,1820,CASSIDY,098 CS-1191,CS1191,N,0.16,0,0,2,2,N,N,35,37.50369,-82.53465,4,3,4,6,1,1,2,2,1,3,N,70,2023,O,098-CS-1191  -000,0.14,0,0,0,0,0,0,1,1,0,0,0,0,0,1,Non-DAC,0,1
72880213,20230325,2241,US23,098 US-23,US0023,N,26.637,0,0,1,1,N,N,55,37.5079,-82.53539,9,3,4,3,1,1,2,6,7,3,N,70,2023,O,098-US-0023  -000,26.583,0,0,1,0,0,0,0,0,0,0,0,0,0,1,Non-DAC,0,1
72902998,20230525,818,BYPASS,,,N,5.686,0,0,2,2,N,N,15,37.47275,-82.52293,2,3,2,6,1,1,2,2,1,3,N,56,2023,O,098-KY-1426  -000,5.686,0,0,0,1,0,0,1,0,0,0,0,0,0,1,DAC,1,0
72866524,20230216,1853,BOB AMOS,098 CS-1025,CS1025,N,1.43,0,0,1,1,N,N,15,37.47057,-82.54002,9,97,1,6,1,5,6,4,1,3,N,40,2023,O,098-CS-1025  -000,1.439,0,0,0,0,0,0,0,0,0,0,0,1,0,1,Non-DAC,0,1
72853368,20230112,908,BYPASS,098 KY-1426,KY1426,N,6.107,0,0,2,2,N,N,35,37.47705,-82.517,1,3,2,6,1,1,2,2,7,3,N,55,2023,O,098-KY-1426  -000,6.127,0,0,0,0,0,0,0,0,0,0,0,0,0,1,DAC,1,0
72938679,20230825,1324,US23,098 US-23-10,US0023,N,23.567,0,0,2,2,N,N,55,37.47099,-82.53386,8,3,4,3,1,5,3,2,1,3,N,53,2023,O,098-US-0023  -000,23.51,0,1,0,0,0,0,0,0,0,0,0,1,0,1,DAC,1,0
72899337,20230516,1238,THOMPSON,098 CS-1215,CS1215,N,0.368,0,0,2,2,N,N,35,37.50663,-82.54597,5,3,3,6,1,1,3,2,7,3,N,49,2023,O,098-CS-1215  -000,0.377,0,0,0,1,0,0,0,0,0,0,0,0,0,1,Non-DAC,0,1
72948975,20230910,1443,KY3496,098 KY-3496,KY3496,N,0.668,1,0,2,2,N,N,35,37.4718,-82.53192,1,3,2,6,1,1,3,2,1,3,Y,55,2023,C,098-KY-3496  -000,0.676,0,0,0,0,0,0,1,0,0,0,0,0,0,1,DAC,0,1
72964338,20231026,1458,US23,098 US-23-10,US0023,N,,1,0,1,1,N,N,45,37.53368,-82.57792,9,4,4,6,1,1,2,2,7,3,Y,43,2023,C,098-US-0023  -000,29.736,0,0,0,1,0,0,0,0,0,0,0,1,0,1,Non-DAC,0,1
72853570,20230108,1804,US23,098 US-23-10,US0023,N,17.886,0,0,2,2,N,N,45,37.42736,-82.51637,1,3,4,6,1,5,3,5,7,3,N,55,2023,O,098-US-0023  -000,17.857,0,0,0,0,0,0,0,1,0,0,0,0,0,1,Non-DAC,0,1
72857457,20230123,1943,US23,098 US-23,US0023,N,17.611,0,0,1,1,N,N,55,37.42364,-82.51685,9,3,4,6,1,5,3,4,7,3,N,38,2023,O,098-US-0023  -000,17.598,0,0,0,0,0,0,0,0,0,0,0,0,0,1,Non-DAC,0,1
72961764,20231020,1051,US23,098 US-23,US0023,N,,0,0,1,1,N,N,45,37.53428,-82.57825,9,3,4,6,1,5,6,2,7,3,N,38,2023,O,098-US-0023  -000,29.781,0,0,0,0,0,0,0,0,0,0,0,0,0,1,Non-DAC,0,1
72911751,20230510,1757,US23,098 US-23,US0023,N,30.501,1,1,2,2,N,N,55,37.54251,-82.58498,1,3,4,6,1,1,2,2,7,3,Y,55,2023,K,098-US-0023  -000,30.475,1,0,0,0,0,0,0,0,1,0,0,1,1,1,Non-DAC,0,1
72949339,20230920,1653,JOHNSON,098 CS-1007,CS1007,N,0.194,0,0,2,2,N,N,15,37.44342,-82.52428,1,3,2,6,1,1,2,2,6,3,N,55,2023,O,098-CS-1007  -000,0.07,0,0,0,0,0,0,1,0,0,0,0,0,0,1,Non-DAC,1,0
72974507,20231117,1730,CASSIDY,098 CS-1191,CS1191,N,0.198,0,0,2,2,N,N,35,37.50402,-82.53519,8,3,4,3,1,5,5,5,2,3,N,53,2023,O,098-CS-1191  -000,0.177,0,1,0,0,0,0,1,0,0,0,0,1,0,1,Non-DAC,0,1
72867449,20230203,910,US23,098 US-23,US0023,N,25.407,0,0,2,2,N,N,55,37.49242,-82.53453,1,3,4,6,1,1,2,2,1,3,N,55,2023,O,098-US-0023  -000,25.368,0,0,0,0,0,0,1,0,0,0,0,0,0,1,Non-DAC,1,0
72926888,20230720,1150,KY3416,098 KY-3416,KY3416,N,1.668,0,0,2,2,N,N,55,37.45039,-82.54027,1,3,2,3,1,1,3,2,7,3,N,55,2023,O,098-KY-3416  -000,1.669,0,1,0,1,0,0,0,0,0,0,0,0,0,1,Non-DAC,1,0
72981128,20231201,1433,KY1426,098 KY-1426,KY1426,N,9.148,2,0,2,2,N,N,55,37.50727,-82.48913,1,3,2,1,1,5,6,2,1,3,N,55,2023,C,098-KY-1426  -000,9.137,0,0,0,0,0,0,0,0,0,0,0,0,0,1,Non-DAC,0,1
72869150,20230223,1215,CASSIDY,,,N,0.047,0,0,2,2,N,N,25,37.50369,-82.53293,1,3,3,6,1,1,2,2,1,3,N,55,2023,O,098-CS-1191  -000,0.045,0,0,0,0,0,0,0,1,0,0,0,0,0,1,Non-DAC,1,0
72903529,20230522,1259,ADAMS,098 CR-1483,CR1483,N,0.011,0,0,2,2,N,N,15,37.50785,-82.51953,7,3,1,4,1,1,2,2,1,3,N,54,2023,O,098-CR-1483  -000,0.011,0,0,0,1,0,0,0,0,0,0,0,1,0,1,Non-DAC,1,0
72900053,20230512,2307,KY3495,098 KY-3495,KY3495,N,0.185,0,0,1,1,N,N,45,37.48847,-82.54072,9,5,2,3,1,5,2,5,7,3,N,44,2023,O,098-KY-3495  -000,0.184,0,0,0,0,0,0,0,0,1,1,0,1,0,1,Non-DAC,0,1
72975783,20231120,847,TOWN MOUNTAIN,098 KY-1426,KY1426,N,8.169,0,0,1,1,N,N,55,37.49374,-82.49116,9,3,2,4,1,1,2,2,1,3,N,38,2023,O,098-KY-1426  -000,8.188,0,0,1,0,0,0,0,0,0,0,0,0,0,1,Non-DAC,0,1
72900480,20230513,1546,KY1426,098 KY-1426,KY1426,N,8.133,1,0,1,1,N,N,55,37.49313,-82.49103,9,3,2,4,1,5,3,2,7,3,N,40,2023,C,098-KY-1426  -000,8.144,0,0,0,0,0,0,0,0,0,1,0,1,0,1,Non-DAC,0,1
72955430,20231003,1726,US23,098 US-23,US0023,N,23.962,0,0,2,2,N,N,55,37.47533,-82.53797,5,3,4,6,1,1,3,2,7,3,N,49,2023,O,098-US-0023  -000,23.895,0,0,0,0,0,0,0,1,0,0,0,0,0,1,DAC,0,1
72995234,20231231,1711,US23,098 US-23,US0023,N,,0,0,1,1,N,N,55,37.44999,-82.50951,9,3,4,3,1,5,3,3,7,3,N,70,2023,O,098-US-0023  -000,19.788,0,0,0,0,0,0,0,0,0,0,0,0,0,1,Non-DAC,0,1
72914771,20230621,38,US23,098 US-23,US0023,N,23.518,0,0,1,1,N,N,55,37.47025,-82.53352,9,6,4,6,1,1,3,6,7,3,N,40,2023,O,098-US-0023  -000,23.456,0,0,0,0,0,0,0,0,0,0,0,1,0,1,DAC,0,1
72869249,20230218,2142,US23,098 US-23,US0023,N,30.25,2,0,2,2,N,N,55,37.54013,-82.58184,8,3,4,3,1,1,2,6,1,3,N,53,2023,B,098-US-0023  -000,30.231,0,0,1,0,0,0,0,0,0,1,0,1,0,1,Non-DAC,0,1
72945756,20230913,1114,BYPASS,098 KY-1426,KY1426,N,5.666,0,0,2,2,N,N,45,37.47266,-82.52327,5,3,2,6,1,1,3,2,1,3,N,49,2023,O,098-KY-1426  -000,5.667,0,0,0,0,0,0,1,0,0,0,0,0,0,1,DAC,0,1
72977850,20231113,1412,US23,098 US-23,US0023,N,20.275,2,0,2,2,N,N,55,37.44654,-82.51554,5,3,4,6,1,1,2,2,7,3,N,49,2023,B,098-US-0023  -000,20.214,0,0,0,0,0,0,1,1,0,1,0,1,0,1,Non-DAC,0,1
72903283,20230517,1716,US23,098 US-23,US0023,N,26.175,1,0,2,2,N,N,55,37.50212,-82.53192,5,3,4,6,1,1,2,2,7,3,N,49,2023,C,098-US-0023  -000,26.113,0,0,0,0,0,0,1,0,0,0,0,0,0,1,Non-DAC,0,1
72976575,20231117,1151,KY3496,098 KY-3496,KY3496,N,0.046,0,0,2,2,N,N,35,37.46546,-82.52862,1,3,2,3,1,1,2,2,1,3,N,55,2023,O,098-KY-3496  -000,0.048,0,0,0,1,0,0,1,0,0,0,0,0,0,1,DAC,0,1
72962338,20231021,1108,US23,,,N,27.378,0,0,2,2,N,N,55,37.51082,-82.54884,5,3,6,6,1,1,2,2,7,3,N,35,2023,O,098-US-0023  -000,27.375,0,0,0,1,0,0,1,1,0,0,1,0,0,1,Non-DAC,1,0
72964788,20231027,1647,KY1426,,,N,6.918,0,0,2,2,N,N,45,37.48616,-82.50919,5,3,2,6,1,1,2,2,7,3,N,70,2023,O,098-KY-1426  -000,6.918,0,0,0,0,0,0,1,0,0,0,0,0,0,1,Non-DAC,1,0
72887410,20230405,2142,LEE,,,N,,0,0,2,2,N,N,25,37.50306,-82.53511,8,3,2,6,1,5,6,5,1,3,N,53,2023,O,098-CS-1261  -000,0.004,0,0,0,0,0,0,1,0,0,0,0,1,0,1,Non-DAC,0,1
72887038,20230414,1918,OWSLEY,098 KY-1384,KY1384,N,6.188,0,0,2,2,N,N,35,37.47605,-82.55287,5,3,2,6,1,5,6,2,6,3,N,49,2023,O,098-KY-1384  -000,6.189,0,0,0,0,0,0,0,0,0,0,0,0,0,1,Non-DAC,1,0
72879689,20230325,1429,US23,,,N,30.232,0,0,1,1,N,N,55,37.53985,-82.58177,9,5,4,6,1,1,2,2,7,3,N,40,2023,O,098-US-0023  -000,30.213,0,0,0,0,0,0,0,0,0,0,0,1,0,1,Non-DAC,0,1
72861520,20230203,1348,US23,098 US-23,US0023,N,23.062,0,0,2,2,N,N,55,37.46594,-82.52807,8,3,4,6,1,1,2,2,1,3,N,19,2023,O,098-US-0023  -000,22.997,0,0,0,1,0,0,1,1,0,0,1,0,0,1,DAC,1,0
72853578,20230106,1726,CASSIDY,098 CS-1191,CS1191,N,0.055,0,0,2,2,N,N,25,37.50368,-82.53305,8,3,5,6,1,1,2,2,7,3,N,53,2023,O,098-CS-1191  -000,0.051,0,0,0,0,0,0,0,0,0,0,0,1,0,1,Non-DAC,1,0
72852276,20230105,1449,US23,098 US-23,US0023,N,26.288,4,0,2,2,N,N,55,37.50372,-82.53215,1,3,4,6,1,1,2,2,7,3,Y,55,2023,C,098-US-0023  -000,26.225,0,0,0,1,0,0,0,1,0,0,0,0,0,1,Non-DAC,1,0
72901691,20230517,1218,US23,098 US-23,US0023,N,21.658,0,0,2,2,N,N,55,37.45374,-82.52194,8,3,4,6,1,1,2,2,7,3,N,53,2023,O,098-US-0023  -000,21.59,0,0,0,0,0,0,0,0,0,0,0,1,0,1,Non-DAC,0,1
72907255,20230604,1417,US23,,,N,19.652,0,0,1,1,N,N,55,37.44922,-82.50642,9,3,4,3,1,1,2,2,2,3,N,38,2023,O,098-US-0023  -000,19.601,0,0,0,1,0,0,0,0,0,0,0,0,0,1,Non-DAC,0,1
72874155,20230310,1720,US23,098 US-23-10,US0023,N,22.633,0,0,3,3,N,N,55,37.46475,-82.52065,5,3,4,6,1,1,3,2,7,3,N,49,2023,O,098-US-0023  -000,22.567,0,0,0,0,0,0,0,1,0,0,0,0,0,1,Non-DAC,0,1
72965684,20231024,2011,WILLOW,098 CS-1161,CS1161,N,0.033,0,0,2,2,N,N,15,37.48089,-82.52206,2,3,2,4,1,1,3,6,6,3,N,56,2023,O,098-CS-1161  -000,0.033,0,0,1,0,0,0,0,0,0,0,0,0,0,1,DAC,1,0
72954527,20230927,1715,MAYO,098 US-23-10,US0023,N,21.214,3,0,2,2,N,N,55,37.44804,-82.52547,1,3,4,6,1,1,3,2,1,3,Y,55,2023,A,098-US-0023  -000,21.147,0,0,1,0,0,0,0,1,0,1,0,1,0,1,Non-DAC,0,1
72871029,20230302,1649,US23,,,N,25.884,0,0,2,2,N,N,55,37.49802,-82.53126,5,3,4,6,1,1,2,2,1,3,N,49,2023,O,098-US-0023  -000,25.823,0,0,0,0,0,0,1,0,0,0,0,0,0,1,Non-DAC,0,1
72963499,20231020,1954,US23,098 US-23-10,US0023,N,29.636,0,0,2,2,N,N,45,37.53094,-82.57661,5,3,4,6,1,5,6,6,1,3,N,70,2023,O,098-US-0023  -000,29.535,0,0,0,0,0,0,0,0,1,0,0,0,0,1,Non-DAC,0,1
72960694,20231010,1752,BYPASS,098 KY-1426,KY1426,N,,0,0,2,2,N,N,35,37.47679,-82.5172,5,3,2,6,1,1,2,2,1,3,N,49,2023,O,098-KY-1426  -000,6.107,0,0,0,1,0,0,1,0,0,0,0,0,0,1,DAC,1,0
72887825,20230408,1052,OWSLEY,098 KY-1384,KY1384,N,6.132,0,0,2,2,N,N,35,37.47589,-82.55387,7,5,2,3,1,1,2,2,6,3,N,51,2023,O,098-KY-1384  -000,6.133,0,0,0,0,0,0,1,0,1,0,0,1,0,1,Non-DAC,0,1
72896418,20230425,1418,US23,098 US-23,US0023,N,30.112,2,0,2,2,N,N,55,37.53863,-82.58084,1,3,4,6,1,1,2,2,7,3,Y,55,2023,C,098-US-0023  -000,30.114,0,0,0,1,0,0,1,0,0,1,0,0,0,1,Non-DAC,1,0
72956531,20230926,2151,US119,098 US-119-10,US0119,N,1.98,2,0,2,2,N,N,55,37.51247,-82.49973,8,1,2,6,1,1,2,6,7,3,Y,53,2023,B,098-US-0119  -000,1.98,0,0,1,0,0,0,1,0,0,0,0,1,0,1,Non-DAC,0,1
72927565,20230721,2028,CASSIDY,098 CS-1191,CS1191,N,0.26,0,0,2,2,N,N,25,37.50462,-82.53609,1,3,4,6,1,1,2,1,1,3,N,55,2023,O,098-CS-1191  -000,0.242,0,0,0,0,0,0,1,0,0,0,0,0,0,1,Non-DAC,0,1
72906767,20230602,1642,US460,098 US-460,US0460,N,0.246,0,0,2,2,N,N,55,37.43942,-82.50946,5,3,2,6,1,1,2,2,1,3,N,49,2023,O,098-US-0460  -000,0.218,0,0,0,1,0,0,1,0,0,0,0,0,0,1,Non-DAC,1,0
72964400,20231025,1512,BYPASS,098 KY-1426,KY1426,N,5.698,1,0,1,1,N,N,55,37.47281,-82.52271,9,3,2,6,1,1,2,2,7,3,N,70,2023,C,098-KY-1426  -000,5.699,1,0,0,0,0,0,0,0,0,0,0,1,0,1,DAC,1,0
72852275,20230105,1521,US23,098 US-23,US0023,N,25.398,0,0,2,2,N,N,55,37.49262,-82.53446,5,3,4,6,1,1,2,2,7,3,N,49,2023,O,098-US-0023  -000,25.381,0,0,1,0,0,0,0,0,0,0,0,0,0,1,Non-DAC,0,1