MasterFile,CollisionDate,CollisionTime,RoadwayName,RSEUniqueGIS,RoadwayIdentifier,ParkingLotIndicator,Milepoint,NumberInjured,NumberKilled,ofUnits,ofMotorVehicleUnits,Hit&RunIndicator,OneWayIndicator,SpeedLimitNumber,Latitude,Longitude,MannerofCollisionCode,LocationFirstEventCode,TotalLanes,RoadwayCharacterCode,RoadwaySurfaceCode,RoadwayConditionCode,WeatherCode,LightConditionCode,LandUseCode,SchoolBusRelatedCode,FirstAidSceneIndicator,DirectionalAnalysis,YR,KABCO,KTC_RT,KTC_MP,Motorcyclist,Commercial Vehicle,Young Driver,Mature Driver,Pedestrian,Bicyclist,Distracted,Aggressive,Impaired,Unrestrained,Intersection,Roadway Departure,Median Cross-over,CityCrash,DACid,Intersection Crash,Segment Crash
72887486,20230410,1342,US23,098 US-23-10,US0023,N,22.518,0,0,2,2,N,N,55,37.46393,-82.51893,5,3,4,3,1,1,2,2,1,3,N,49,2023,O,098-US-0023  -000,22.452,0,0,0,0,0,0,1,0,0,0,0,0,0,1,Non-DAC,1,0
72941875,20230901,1311,US119,098 US-119,US0119,N,2.708,0,0,2,2,N,N,55,37.51406,-82.4869,5,3,4,4,1,1,2,2,1,3,N,49,2023,O,098-US-0119  -000,2.707,0,0,0,0,0,0,1,0,0,0,0,0,0,1,DAC,1,0
72889453,20230413,928,KY3496,098 KY-3496,KY3496,N,0.035,0,0,2,2,N,N,35,37.46548,-82.52839,8,3,2,3,1,1,2,2,7,3,N,53,2023,O,098-KY-3496  -000,0.036,0,0,0,1,0,0,1,1,0,0,0,1,0,1,DAC,1,0
72979334,20231129,1541,HAMBLEY,098 CS-1222,CS1222,N,1.71,0,0,2,2,N,N,35,37.48171,-82.53332,1,3,2,6,1,1,2,2,2,3,N,55,2023,O,098-CS-1222  -000,1.713,0,0,1,0,0,0,1,1,0,0,0,0,0,1,DAC,1,0
72987333,20231213,1539,US23,098 US-23-10,US0023,N,22.291,0,0,2,2,N,N,55,37.46135,-82.51697,1,3,4,6,1,1,3,2,7,3,N,55,2023,O,098-US-0023  -000,22.224,0,0,0,1,0,0,1,1,0,0,0,0,0,1,Non-DAC,1,0
72921935,20230713,1429,KY3417,098 KY-3417,KY3417,N,0.374,0,0,2,2,N,N,35,37.46672,-82.5583,7,3,2,3,1,1,2,2,6,3,N,54,2023,O,098-KY-3417  -000,0.375,0,0,0,0,0,0,0,0,0,0,0,1,0,1,Non-DAC,0,1
72865377,20230214,1946,US23,098 US-23,US0023,N,30.396,0,0,2,2,N,N,55,37.54176,-82.58347,8,3,4,3,1,1,2,6,7,3,N,53,2023,O,098-US-0023  -000,30.376,0,0,0,1,0,0,1,0,0,0,0,1,0,1,Non-DAC,1,0
72957840,20230928,,BYPASS,,,N,5.533,0,0,2,2,Y,N,45,37.47239,-82.52567,4,3,2,6,1,1,2,2,1,3,N,70,2023,O,098-KY-1426  -000,5.533,1,0,0,0,0,0,0,0,0,0,0,0,0,1,DAC,0,1
72957385,20231009,1603,KY3417,098 KY-3417,KY3417,N,0.298,0,0,2,2,N,N,35,37.46584,-82.55918,7,3,2,3,1,5,2,2,7,3,N,54,2023,O,098-KY-3417  -000,0.298,0,0,0,0,0,0,1,0,0,0,0,1,0,1,Non-DAC,1,0
72897375,20230509,52,US23,098 US-23,US0023,N,27.364,0,0,2,2,N,N,55,37.51089,-82.54852,1,3,4,6,1,1,2,6,7,3,N,55,2023,O,098-US-0023  -000,27.36,0,0,0,1,0,0,1,0,0,0,0,0,0,1,Non-DAC,1,0
72882207,20230401,1538,BYPASS,098 KY-1426,KY1426,N,6.117,0,0,2,2,N,N,55,37.4769,-82.51706,1,3,2,6,1,1,7,2,7,3,N,10,2023,O,098-KY-1426  -000,6.117,0,0,1,1,0,0,0,0,0,0,1,0,0,1,DAC,1,0
72940159,20230829,1543,US23,,,N,23.037,0,0,2,2,N,N,55,37.46576,-82.52766,5,3,4,6,1,5,6,2,1,3,N,49,2023,O,098-US-0023  -000,22.971,0,0,1,0,0,0,1,0,0,0,0,0,0,1,DAC,0,1
72963974,20231025,2047,CHLOE,098 KY-1460,KY1460,N,3.788,0,0,1,1,N,N,35,37.47721,-82.49305,9,3,2,1,1,1,2,6,1,3,N,40,2023,O,098-KY-1460  -000,3.754,0,0,0,0,0,0,0,0,0,0,0,1,0,1,Non-DAC,1,0
72921894,20230707,1948,BAIRD,098 KY-1426,KY1426,N,5.388,0,0,2,2,N,N,55,37.47308,-82.52694,1,3,2,6,1,1,3,2,1,3,N,55,2023,O,098-KY-1426  -000,5.41,0,0,1,0,0,0,0,1,0,0,0,0,0,1,DAC,1,0
72953086,20230926,843,US23,,,N,20.909,0,0,2,2,N,N,55,37.44389,-82.5246,5,3,4,3,1,1,2,2,1,3,N,49,2023,O,098-US-0023  -000,20.838,0,0,1,0,0,0,1,0,1,0,0,0,0,1,Non-DAC,0,1
72900054,20230514,533,US23,098 US-23,US0023,N,22.535,0,0,1,1,N,N,55,37.46408,-82.51913,9,3,4,3,1,1,2,6,7,3,N,38,2023,O,098-US-0023  -000,22.467,0,0,0,0,0,0,0,0,0,0,0,0,0,1,Non-DAC,1,0
72987513,20231206,,BAIRD,098 KY-1426,KY1426,N,5.394,0,0,2,2,Y,N,55,37.47327,-82.52711,1,3,2,3,1,1,2,6,1,3,N,10,2023,O,098-KY-1426  -000,5.395,0,0,0,1,0,0,0,1,0,0,1,0,0,1,DAC,1,0
72884182,20230403,854,US23 TURN LANE,098 US-23-20,US0023,N,0.006,0,0,2,2,N,N,55,37.50394,-82.53239,5,3,4,6,1,1,2,2,7,3,N,49,2023,O,098-US-0023  -020,0.006,0,1,0,0,0,0,0,0,0,0,0,0,0,1,Non-DAC,1,0
72859679,20230125,744,BAIRD,098 KY-1426,KY1426,N,5.391,0,0,2,2,N,N,25,37.47318,-82.52715,5,3,2,6,1,5,6,2,7,3,N,49,2023,O,098-KY-1426  -000,5.401,0,0,0,0,0,0,0,0,0,0,0,0,0,1,DAC,1,0
72954364,20230926,1516,US23,,,N,26.912,0,0,2,2,N,N,55,37.50995,-82.53951,1,3,4,6,1,1,2,2,7,2,N,10,2023,O,098-US-0023  -000,26.853,0,0,0,1,0,0,1,1,0,0,1,0,0,1,Non-DAC,1,0
72905246,20230526,1230,BAIRD,098 KY-1426,KY1426,N,5.39,1,0,2,2,N,N,15,37.47333,-82.52716,1,3,4,6,1,1,2,2,7,3,Y,55,2023,C,098-KY-1426  -000,5.391,0,0,1,0,0,0,1,0,0,0,0,0,0,1,DAC,1,0
72916578,20230623,1905,US23,,,N,26.834,0,0,1,1,N,N,55,37.50942,-82.53831,9,3,4,6,1,5,6,2,7,3,N,40,2023,O,098-US-0023  -000,26.777,0,0,0,0,0,0,0,0,0,0,0,1,0,1,Non-DAC,0,1
72854020,20230113,1542,US23,098 US-23,US0023,N,26.217,0,0,2,2,N,N,55,37.50272,-82.53202,5,3,6,6,1,5,9,2,7,3,N,49,2023,O,098-US-0023  -000,26.155,0,0,0,0,0,0,1,0,0,1,0,0,0,1,Non-DAC,0,1
72892997,20230426,1610,RIVERVIEW,098 CS-1149,CS1149,N,0.206,0,0,2,2,N,N,15,37.48437,-82.53129,8,3,1,6,1,1,2,2,6,3,N,47,2023,O,098-CS-1149  -000,0.205,0,0,0,0,0,0,1,0,0,0,0,0,0,1,DAC,0,1
72944095,20230905,942,US23,098 US-23-10,US0023,N,18.78,0,0,2,2,N,N,55,37.43878,-82.5092,1,3,4,6,1,1,2,2,7,3,N,55,2023,O,098-US-0023  -000,18.764,0,0,0,1,0,0,1,1,0,0,0,0,0,1,Non-DAC,1,0
72886212,20230411,1840,KILGORE,098 CS-1105,CS1105,N,0.021,0,0,1,1,N,N,15,37.47605,-82.52231,9,3,2,6,1,1,2,2,7,3,Y,40,2023,O,098-CS-1105  -000,0.021,0,0,1,0,0,0,0,0,0,0,0,1,0,1,DAC,1,0
72885227,20230410,957,CASSIDY,098 CS-1191,CS1191,N,0.307,0,0,2,2,N,N,35,37.50519,-82.53698,3,3,2,3,1,1,2,2,1,3,N,52,2023,O,098-CS-1191  -000,0.305,0,0,0,1,0,0,1,1,0,0,0,1,0,1,Non-DAC,0,1
72864105,20230210,1804,CHLOE,098 KY-1460,KY1460,N,2.758,1,0,1,1,N,N,35,37.46911,-82.47862,9,5,2,2,1,1,2,3,6,3,Y,44,2023,B,098-KY-1460  -000,2.731,0,0,0,1,0,0,1,0,0,0,0,1,0,1,Non-DAC,0,1
72896421,20230505,1248,CASSIDY,098 CS-1191,CS1191,N,0.048,0,0,3,3,N,N,25,37.50368,-82.53294,1,3,4,6,1,1,2,2,1,3,N,55,2023,O,098-CS-1191  -000,0.045,0,0,0,1,0,0,1,0,0,0,0,0,0,1,Non-DAC,1,0
72955898,20231003,1846,GARRED,098 CS-1174,CS1174,N,0.183,0,0,2,2,N,N,35,37.48392,-82.52837,1,3,2,6,1,1,2,2,6,3,N,55,2023,O,098-CS-1174  -000,0.183,0,0,0,0,0,0,1,0,0,0,0,0,0,1,DAC,0,1
72875008,20230313,1740,US23,098 US-23-10,US0023,N,26.26,0,0,2,2,N,N,55,37.50334,-82.53232,5,3,4,1,1,1,3,2,1,3,N,40,2023,O,098-US-0023  -000,26.198,0,0,0,0,0,0,1,0,0,0,0,1,0,1,Non-DAC,1,0
72957726,20231003,1118,US119,,,N,2.111,1,0,2,2,N,N,55,37.51263,-82.49738,5,3,4,6,1,1,2,2,7,3,Y,49,2023,C,098-US-0119  -000,2.111,0,1,0,1,0,0,1,0,0,0,0,0,0,1,Non-DAC,0,1
72896371,20230501,1514,CASSIDY,098 CS-1191,CS1191,N,0.05,0,0,2,2,N,N,35,37.50368,-82.53297,5,3,4,6,1,1,2,2,1,3,N,49,2023,O,098-CS-1191  -000,0.047,0,0,0,0,0,0,1,0,0,0,0,0,0,1,Non-DAC,1,0
72963272,20231021,833,US119,098 US-119,US0119,N,0.465,0,0,2,2,N,N,55,37.50619,-82.52426,5,3,4,6,1,5,2,2,7,3,N,49,2023,O,098-US-0119  -000,0.468,0,0,0,0,0,0,0,0,0,0,0,0,0,1,Non-DAC,0,1
72880195,20230326,1553,US23,098 US-23-10,US0023,N,20.679,0,0,2,2,N,N,55,37.44286,-82.52061,7,3,4,3,1,1,2,2,7,3,N,54,2023,O,098-US-0023  -000,20.6,0,0,0,0,0,0,1,1,0,0,0,1,0,1,Non-DAC,0,1
72857514,20230123,1437,BAIRD,098 KY-1426,KY1426,N,5.389,0,0,2,2,N,N,25,37.47311,-82.52705,5,3,2,6,1,5,3,2,7,3,N,49,2023,O,098-KY-1426  -000,5.407,0,0,0,0,0,0,1,0,0,0,0,0,0,1,DAC,1,0
72887083,20230410,1613,KY3417,098 KY-3417,KY3417,N,0.235,1,0,3,3,N,N,55,37.46489,-82.55933,1,5,2,6,1,1,2,2,7,3,Y,47,2023,A,098-KY-3417  -000,0.239,0,0,0,1,0,0,0,0,1,1,0,1,0,1,Non-DAC,0,1
72963672,20231005,1527,CASSIDY,098 CS-1191,CS1191,N,0.289,0,0,2,2,N,N,15,37.50497,-82.53661,7,97,2,6,1,1,2,2,1,3,N,54,2023,O,098-CS-1191  -000,0.28,0,0,0,1,0,0,0,0,0,0,0,1,0,1,Non-DAC,0,1
72934289,20230811,1527,US23,098 US-23,US0023,N,25.735,2,0,2,2,N,N,55,37.49587,-82.53107,1,3,4,3,1,1,2,2,1,3,N,10,2023,C,098-US-0023  -000,25.673,0,0,1,1,0,0,0,1,0,1,1,0,0,1,Non-DAC,1,0
72935093,20230816,644,BAIRD,098 KY-1426,KY1426,N,5.395,0,0,2,2,N,N,55,37.47327,-82.52711,1,3,2,6,1,1,3,1,1,3,N,10,2023,O,098-KY-1426  -000,5.395,0,0,0,0,0,0,0,1,0,0,1,0,0,1,DAC,1,0
72972200,20231110,2130,BOULDER,098 CS-1231,CS1231,N,0.048,0,0,2,2,Y,N,5,37.4749,-82.48337,2,7,,6,3,1,2,5,7,3,N,47,2023,O,098-PR-1194  -000,0.048,0,0,0,0,0,0,0,0,0,0,0,0,0,1,Non-DAC,0,1
72963851,20231025,1718,KY3496,098 KY-3496,KY3496,N,0.009,0,0,2,2,N,N,35,37.46584,-82.52812,5,3,2,6,1,1,2,3,3,3,N,49,2023,O,098-KY-3496  -000,0.01,0,0,1,0,0,0,1,1,0,0,0,0,0,1,DAC,1,0
72910353,20230609,1018,US23,098 US-23,US0023,N,26.281,0,0,3,3,N,N,55,37.50363,-82.53214,8,3,4,6,1,1,2,2,7,3,N,53,2023,O,098-US-0023  -000,26.219,0,0,0,0,0,0,0,0,0,0,0,1,0,1,Non-DAC,1,0
72896420,20230505,1038,KENTUCKY,098 CS-1162,CS1162,N,0.033,0,0,3,3,Y,N,15,37.48344,-82.52115,1,5,2,6,1,1,2,2,6,3,N,47,2023,O,098-CS-1162  -000,0.033,0,0,0,0,0,0,0,0,0,0,0,0,0,1,DAC,0,1
72992211,20231220,939,BYPASS,098 KY-1426,KY1426,N,5.699,2,0,2,2,N,N,45,37.47282,-82.52271,1,3,2,6,1,1,2,2,1,3,Y,55,2023,C,098-KY-1426  -000,5.699,0,0,0,0,0,0,1,0,0,0,0,0,0,1,DAC,1,0
72972950,20231110,1929,HIBBARD,098 CS-1053,CS1053,N,0.265,0,0,2,2,N,N,25,37.47539,-82.52344,2,3,2,6,1,1,2,5,3,3,N,56,2023,O,098-CS-1053  -000,0.264,0,0,0,0,0,0,1,0,0,0,0,0,0,1,DAC,1,0
72887474,20230415,1155,US23,098 US-23,US0023,N,31.817,0,0,2,2,N,N,55,37.53743,-82.60548,7,3,4,6,1,1,2,2,2,3,N,54,2023,O,098-US-0023  -000,31.796,0,0,0,1,0,0,1,0,0,0,0,1,0,1,Non-DAC,0,1
72898384,20230513,2115,US460,098 US-460,US0460,N,0.407,0,0,1,1,N,N,55,37.43695,-82.51125,9,3,2,3,1,5,6,6,1,3,N,40,2023,O,098-US-0460  -000,0.407,0,0,0,0,0,0,1,0,0,0,0,1,0,1,Non-DAC,0,1
72943512,20230907,1658,US23,098 US-23-10,US0023,N,29.654,0,0,4,4,N,N,45,37.53222,-82.57747,5,3,4,6,1,1,3,2,7,3,Y,49,2023,O,098-US-0023  -000,29.633,0,0,0,1,0,0,1,0,0,0,0,0,0,1,Non-DAC,0,1
72987592,20231212,1220,OWSLEY,098 KY-1384,KY1384,N,7.127,0,0,2,2,N,N,45,37.48029,-82.53699,1,3,4,6,1,1,2,2,1,3,N,55,2023,O,098-KY-1384  -000,7.149,0,0,0,1,0,0,1,0,0,0,0,0,0,1,DAC,1,0
72904048,20230527,2039,THOMPSON,098 CS-1215,CS1215,N,0.739,0,0,1,1,N,N,35,37.50456,-82.53976,9,3,2,6,1,5,6,3,1,3,N,38,2023,O,098-CS-1215  -000,0.749,0,0,0,0,0,0,0,0,0,0,0,0,0,1,Non-DAC,0,1
72945045,20230912,15,US23,098 US-23-10,US0023,N,29.894,0,0,2,2,Y,N,45,37.53621,-82.57945,5,3,4,6,1,1,2,6,1,3,N,49,2023,O,098-US-0023  -000,29.928,0,1,0,0,0,0,1,0,0,0,0,0,0,1,Non-DAC,0,1
72859132,20230122,1122,COLLEGE,098 CS-1152,CS1152,N,0.34,0,0,2,2,N,N,15,37.47518,-82.52674,1,3,2,6,1,5,3,2,6,3,N,55,2023,O,098-CS-1152  -000,0.271,0,0,0,0,0,0,1,0,0,0,0,0,0,1,DAC,0,1
72948128,20230829,1412,US119,098 US-119-10,US0119,N,2.694,0,0,2,2,N,N,55,37.51403,-82.48714,8,3,2,3,1,1,2,2,1,3,N,53,2023,O,098-US-0119  -000,2.693,0,0,1,0,0,0,1,0,0,0,0,1,0,1,DAC,1,0
72910465,20230613,1109,CHLOE,098 KY-1460,KY1460,N,3.097,0,0,2,2,N,N,35,37.47245,-82.4828,1,3,2,4,1,1,2,2,7,3,N,55,2023,O,098-KY-1460  -000,3.066,0,0,0,0,0,0,0,0,0,0,0,0,0,1,Non-DAC,0,1
72969378,20231103,1342,US 23 SOUTH,,,N,,0,0,2,2,N,N,55,37.5112,-82.5502,5,3,6,6,1,1,2,2,7,3,N,49,2023,O,098-US-0023  -000,27.455,0,0,1,0,0,0,1,1,0,0,0,0,0,1,Non-DAC,0,1
72867166,20230220,730,US23,098 US-23,US0023,N,21.595,0,0,1,1,N,N,55,37.45324,-82.52229,9,5,4,3,1,1,3,2,7,3,N,40,2023,O,098-US-0023  -000,21.55,0,0,0,0,0,0,0,0,0,0,0,1,0,1,Non-DAC,1,0
72986721,20231215,1709,PEACH ORCHARD,,,N,0.176,0,0,2,2,N,N,15,37.4795,-82.52341,3,3,1,2,1,1,2,2,6,3,N,52,2023,O,098-CS-1219  -000,0.173,0,0,1,0,0,0,0,0,0,0,0,1,0,1,DAC,0,1
72877301,20230314,1052,KY3496,098 KY-3496,KY3496,N,0.304,0,0,2,2,N,N,35,37.46753,-82.5326,1,3,2,6,1,1,3,2,1,3,N,55,2023,O,098-KY-3496  -000,0.303,0,0,0,0,0,0,1,0,0,0,0,0,0,1,DAC,1,0
72855845,20230117,1600,US119,098 US-119-10,US0119,N,2.674,0,0,2,2,N,N,55,37.5142,-82.4875,5,3,2,3,1,1,2,2,7,3,N,49,2023,O,098-US-0119  -000,2.672,0,0,0,0,0,0,1,0,0,0,0,0,0,1,DAC,1,0
72877199,20230314,558,BAIRD,098 KY-1426,KY1426,N,5.394,0,0,2,2,N,N,55,37.47325,-82.52711,1,3,2,6,1,1,2,5,1,3,N,55,2023,O,098-KY-1426  -000,5.397,0,0,0,0,0,0,1,0,0,0,0,1,0,1,DAC,1,0
72857520,20230121,1747,US23,098 US-23-10,US0023,N,26.408,0,0,2,2,N,N,55,37.50538,-82.53275,5,3,5,6,1,1,2,2,7,3,N,49,2023,O,098-US-0023  -000,26.345,0,0,0,0,0,0,0,0,1,0,0,0,0,1,Non-DAC,0,1
72978998,20231127,1732,THOMPSON,098 CS-1215,CS1215,N,0.439,2,0,2,2,N,N,35,37.50631,-82.54472,1,3,2,6,1,1,2,3,1,3,Y,55,2023,C,098-CS-1215  -000,0.449,0,0,0,0,0,0,1,1,0,0,0,0,0,1,Non-DAC,0,1
72943284,20230906,1644,CHLOE,098 KY-1460,KY1460,N,4.222,1,0,1,1,N,N,35,37.47631,-82.50067,9,5,2,3,1,1,2,2,3,3,Y,40,2023,B,098-KY-1460  -000,4.182,0,0,1,0,0,0,1,0,0,0,0,1,0,1,Non-DAC,0,1
72887253,20230414,1723,CASSIDY,098 CS-1191,CS1191,N,0.261,0,0,2,2,N,N,35,37.50463,-82.53613,1,3,3,6,1,5,3,2,7,3,N,55,2023,O,098-CS-1191  -000,0.244,0,0,0,0,0,0,0,1,0,0,0,0,0,1,Non-DAC,0,1
72879840,20230326,1950,CASSIDY,098 CS-1191,CS1191,N,0.324,0,0,2,2,N,N,5,37.50522,-82.53733,1,97,1,6,1,1,2,3,5,3,N,47,2023,O,098-CS-1191  -000,0.324,0,0,0,0,0,0,1,0,0,1,0,0,0,1,Non-DAC,0,1
72925319,20230721,1700,BAIRD,,,N,5.392,0,0,2,2,N,N,35,37.47322,-82.52712,1,3,4,6,1,1,2,2,1,3,N,55,2023,O,098-KY-1426  -000,5.399,0,0,0,0,0,0,0,1,0,0,0,0,0,1,DAC,1,0
72934556,20230815,1842,CHLOE,098 KY-1460,KY1460,N,4.655,0,0,2,2,N,N,35,37.47771,-82.50844,5,3,2,6,1,1,2,2,7,3,N,70,2023,O,098-KY-1460  -000,4.629,0,0,0,0,0,0,1,0,0,0,0,0,0,1,Non-DAC,0,1
72972501,20231106,1017,CASSIDY,098 CS-1191,CS1191,N,0.276,0,0,2,2,N,N,15,37.5048,-82.53637,5,97,2,3,1,1,2,2,1,3,N,49,2023,O,098-CS-1191  -000,0.262,0,0,1,0,0,0,1,0,0,0,0,0,0,1,Non-DAC,0,1
72977662,20231118,2107,US23,098 US-23-10,US0023,N,26.329,3,0,2,2,N,N,55,37.50379,-82.53219,3,3,4,6,1,1,2,5,2,3,Y,52,2023,B,098-US-0023  -000,26.231,0,0,1,0,0,0,1,0,0,0,0,1,0,1,Non-DAC,1,0
72875854,20230309,1621,KY3496,,,N,0.008,1,0,2,2,N,N,35,37.46581,-82.52815,5,3,3,6,1,1,3,2,7,3,Y,49,2023,C,098-KY-3496  -000,0.012,0,0,1,0,0,0,1,0,0,0,0,0,0,1,DAC,1,0
72991818,20231227,553,ISLAND CREEK,,,N,2.381,0,0,1,1,N,N,45,37.45861,-82.55379,9,2,2,6,1,5,6,6,7,3,N,40,2023,O,098-KY-1426  -000,2.384,0,0,0,0,0,0,0,0,0,0,0,1,0,1,Non-DAC,0,1
72978138,20231126,1756,US23,098 US-23,US0023,N,26.284,2,0,2,2,N,N,55,37.50367,-82.53214,1,3,4,6,1,1,3,5,1,3,N,8,2023,C,098-US-0023  -000,26.222,0,0,0,0,0,0,0,1,0,0,1,0,0,1,Non-DAC,1,0
72947990,20230918,1531,US23,098 US-23-10,US0023,N,26.324,0,0,2,2,N,N,55,37.50423,-82.53243,5,3,4,6,1,1,3,2,7,3,N,49,2023,O,098-US-0023  -000,26.261,0,0,0,0,0,0,1,0,0,0,0,0,0,1,Non-DAC,1,0
72883077,20230328,1704,BAIRD,098 KY-1426,KY1426,N,5.392,0,0,2,2,N,N,35,37.47321,-82.52708,4,3,2,6,1,1,2,2,1,3,N,70,2023,O,098-KY-1426  -000,5.4,0,0,0,1,0,0,1,0,0,0,0,0,0,1,DAC,1,0
72981902,20231124,1030,US23,098 US-23,US0023,N,30.112,0,0,1,1,N,N,55,37.53864,-82.58083,9,3,4,6,1,1,2,7,7,3,N,38,2023,O,098-US-0023  -000,30.114,0,0,0,0,0,0,0,0,0,0,0,0,0,1,Non-DAC,1,0
72875078,20230313,732,US23,098 US-23,US0023,N,21.592,0,0,1,1,N,N,55,37.45337,-82.52229,9,5,4,6,1,1,3,2,7,3,N,44,2023,O,098-US-0023  -000,21.558,0,0,0,0,0,0,0,0,0,0,0,1,0,1,Non-DAC,1,0
72896603,20230509,828,BOB AMOS,098 CS-1025,CS1025,N,0.977,0,0,2,2,N,N,25,37.46626,-82.54289,1,97,2,4,1,5,6,2,6,3,N,55,2023,O,098-CS-1025  -000,0.982,0,0,0,1,0,0,1,0,0,0,0,0,0,1,Non-DAC,0,1
72969367,20231101,1542,US23,098 US-23,US0023,N,21.54,0,0,2,2,N,N,55,37.45229,-82.52299,5,3,4,6,1,1,2,2,1,3,N,49,2023,O,098-US-0023  -000,21.474,0,0,0,1,0,0,1,0,0,0,0,0,0,1,Non-DAC,0,1
72950548,20230921,644,MAIN,098 CS-1112,CS1112,N,0.206,0,0,2,2,N,Y,25,37.48034,-82.5168,1,3,1,6,1,1,2,1,7,3,N,10,2023,O,098-CS-1112  -000,0.206,0,0,0,0,0,0,1,0,0,0,1,0,0,1,DAC,1,0
72857513,20230109,1148,BYPASS,098 KY-1426,KY1426,N,6.563,0,0,2,2,N,N,55,37.48251,-82.51365,2,97,2,6,1,1,2,2,1,3,N,56,2023,O,098-KY-1426  -000,6.563,0,0,0,1,0,0,1,0,0,0,0,0,0,1,DAC,1,0
72970616,20231109,1201,KY3496,098 KY-3496,KY3496,N,0.26,0,0,2,2,N,N,35,37.46707,-82.53206,7,3,2,6,1,1,3,2,3,3,N,54,2023,O,098-KY-3496  -000,0.261,0,0,0,1,0,0,0,0,0,0,0,1,0,1,DAC,0,1
72962830,20231022,1115,PIN OAK,098 CS-1207,CS1207,N,0.001,0,0,1,1,N,N,15,37.49387,-82.53708,9,97,2,6,1,1,2,2,6,3,N,70,2023,O,098-CS-1207  -000,0,0,0,0,0,0,0,1,0,0,0,0,1,0,1,Non-DAC,1,0
72989887,20231218,1033,US23,098 US-23,US0023,N,31.584,0,0,2,2,N,N,55,37.53693,-82.60128,5,3,4,6,1,5,6,2,7,3,N,49,2023,O,098-US-0023  -000,31.564,0,0,0,0,0,0,1,0,0,0,0,0,0,1,Non-DAC,1,0
72920165,20230706,1258,US23,,,N,17.779,0,0,1,1,N,N,55,37.42596,-82.51681,9,3,4,6,1,1,2,2,7,3,N,70,2023,O,098-US-0023  -000,17.759,0,0,0,0,0,0,0,0,0,0,0,0,0,1,Non-DAC,0,1
72916643,20230623,1558,KY3496,098 KY-3496,KY3496,N,0.76,0,0,2,2,N,N,35,37.47198,-82.53025,1,3,2,3,1,5,6,2,1,3,N,55,2023,O,098-KY-3496  -000,0.76,0,0,1,0,0,0,1,1,0,0,0,0,0,1,DAC,0,1
72921886,20230713,1538,CASSIDY,098 CS-1191,CS1191,N,0.261,0,0,2,2,N,N,35,37.50464,-82.53611,1,3,4,6,1,1,2,2,1,3,N,55,2023,O,098-CS-1191  -000,0.244,0,0,0,0,0,0,1,0,0,0,0,0,0,1,Non-DAC,0,1
72916293,20230627,1252,US23,,,N,26.226,0,0,2,2,Y,N,55,37.50284,-82.53204,6,3,,6,1,1,3,2,1,3,N,70,2023,O,098-US-0023  -000,26.163,0,0,0,1,0,0,1,0,0,1,0,0,0,1,Non-DAC,1,0
72986031,20231129,640,US23,098 US-23,US0023,N,22.28,0,0,1,1,N,N,55,37.46157,-82.51691,9,3,4,3,1,1,2,6,7,3,N,38,2023,O,098-US-0023  -000,22.239,0,0,0,0,0,0,0,0,0,0,0,0,0,1,Non-DAC,1,0
72890843,20230417,1948,CASSIDY,098 CS-1191,CS1191,N,0.052,0,0,2,2,N,N,35,37.5037,-82.53301,1,3,2,3,1,1,2,2,1,3,N,55,2023,O,098-CS-1191  -000,0.049,0,0,0,0,0,0,1,1,0,0,0,0,0,1,Non-DAC,1,0
72970117,20231108,905,US23,,,N,26.311,0,0,2,2,N,N,55,37.504,-82.53239,5,3,8,6,1,1,2,2,1,3,N,35,2023,O,098-US-0023  -000,26.245,0,0,0,0,0,0,1,0,0,0,1,0,0,1,Non-DAC,1,0
72883668,20230323,1449,BAIRD,,,N,5.431,0,0,2,2,N,N,35,37.47276,-82.52699,5,3,4,6,1,1,2,2,1,3,N,70,2023,O,098-KY-1426  -000,5.432,0,0,0,0,0,0,1,0,0,0,0,0,0,1,DAC,1,0
72930820,20230804,1313,KY1426,098 KY-1426,KY1426,N,7.513,0,0,2,2,N,N,55,37.4904,-82.49924,8,3,2,6,1,1,2,2,7,3,N,53,2023,O,098-KY-1426  -000,7.566,0,0,0,1,0,0,0,1,0,0,0,1,0,1,Non-DAC,0,1
72889045,20230417,1413,US119,098 US-119-10,US0119,N,2.689,0,0,2,2,N,N,55,37.51423,-82.48785,1,3,4,6,1,1,2,2,7,3,N,55,2023,O,098-US-0119  -000,2.653,0,0,0,1,0,0,0,0,0,0,0,0,0,1,DAC,1,0