MasterFile,CollisionDate,CollisionTime,RoadwayName,RSEUniqueGIS,RoadwayIdentifier,ParkingLotIndicator,Milepoint,NumberInjured,NumberKilled,ofUnits,ofMotorVehicleUnits,Hit&RunIndicator,OneWayIndicator,SpeedLimitNumber,Latitude,Longitude,MannerofCollisionCode,LocationFirstEventCode,TotalLanes,RoadwayCharacterCode,RoadwaySurfaceCode,RoadwayConditionCode,WeatherCode,LightConditionCode,LandUseCode,SchoolBusRelatedCode,FirstAidSceneIndicator,DirectionalAnalysis,YR,KABCO,KTC_RT,KTC_MP,Motorcyclist,Commercial Vehicle,Young Driver,Mature Driver,Pedestrian,Bicyclist,Distracted,Aggressive,Impaired,Unrestrained,Intersection,Roadway Departure,Median Cross-over,CityCrash,DACid,Intersection Crash,Segment Crash
72871393,20230303,1917,CASSIDY,098 CS-1191,CS1191,N,0.287,1,0,2,2,N,N,35,37.50495,-82.53657,4,3,2,3,1,5,3,5,1,3,Y,70,2023,B,098-CS-1191  -000,0.277,1,0,0,0,0,0,1,1,0,0,0,0,0,1,Non-DAC,0,1
72919234,20230630,1456,US23,098 US-23,US0023,N,26.864,2,0,2,2,N,N,55,37.50964,-82.53876,8,3,4,6,1,1,2,2,7,3,Y,53,2023,A,098-US-0023  -000,26.807,0,0,0,1,0,0,1,0,0,0,0,1,0,1,Non-DAC,0,1
72905177,20230524,1546,US23,098 US-23-10,US0023,N,25.053,2,0,2,2,N,N,55,37.48891,-82.53977,3,3,4,6,1,1,2,2,1,3,N,52,2023,B,098-US-0023  -000,24.991,0,0,0,0,0,0,0,0,0,0,0,1,1,1,Non-DAC,0,1
72970888,20231107,1223,CASSIDY,098 CS-1191,CS1191,N,0.31,0,0,2,2,N,N,35,37.50518,-82.53704,1,3,3,6,1,1,2,2,1,3,N,55,2023,O,098-CS-1191  -000,0.307,0,0,0,0,0,0,1,0,0,0,0,0,0,1,Non-DAC,0,1
72987264,20231211,1226,CASSIDY,098 CS-1191,CS1191,N,0.318,0,0,2,2,N,N,35,37.50521,-82.5372,4,3,2,3,1,1,3,2,1,3,N,70,2023,O,098-CS-1191  -000,0.317,0,0,0,0,0,0,1,0,0,0,0,0,0,1,Non-DAC,0,1
72945255,20230907,1227,US23,098 US-23-10,US0023,N,17.626,0,1,2,2,N,N,55,37.42386,-82.517,5,3,4,4,1,1,2,2,7,3,N,49,2023,K,098-US-0023  -000,17.613,0,0,0,1,0,0,1,1,0,1,0,1,0,1,Non-DAC,0,1
72946693,20230914,1820,US23,098 US-23,US0023,N,27.225,0,0,2,2,N,N,45,37.5105,-82.54575,8,3,4,6,1,1,2,2,7,3,N,53,2023,O,098-US-0023  -000,27.204,0,0,0,1,0,0,1,0,0,0,0,1,0,1,Non-DAC,0,1
72935505,20230816,745,BYPASS,098 KY-1426,KY1426,N,6.207,0,0,2,2,N,N,35,37.47786,-82.51608,1,3,2,6,1,1,2,2,7,3,N,55,2023,O,098-KY-1426  -000,6.207,0,0,0,0,0,0,1,0,0,0,0,0,0,1,DAC,1,0
72853433,20230104,641,KY1426,098 KY-1426,KY1426,N,5.454,1,0,2,1,N,N,55,37.47245,-82.52686,9,3,2,6,1,5,6,5,1,3,Y,36,2023,B,098-KY-1426  -000,5.453,0,0,0,0,1,0,1,0,0,0,0,0,0,1,DAC,1,0
72986138,20231212,1210,US23,098 US-23-10,US0023,N,18.306,0,0,2,2,N,N,55,37.43331,-82.5145,5,3,4,5,1,1,2,2,6,3,N,49,2023,O,098-US-0023  -000,18.289,0,0,0,0,0,0,1,1,0,0,0,0,0,1,Non-DAC,0,1
72976890,20231122,1742,THOMPSON,098 CS-1215,CS1215,N,0.513,0,0,2,2,N,N,35,37.50597,-82.54344,1,3,3,6,1,5,3,6,7,3,N,55,2023,O,098-CS-1215  -000,0.523,0,0,0,1,0,0,1,1,0,0,0,1,0,1,Non-DAC,0,1
72919686,20230628,1203,US119,098 US-119,US0119,N,0.737,0,0,1,1,N,N,55,37.50778,-82.51959,9,3,4,6,1,1,2,2,1,3,N,39,2023,O,098-US-0119  -000,0.739,0,1,0,0,0,0,0,0,0,0,0,0,0,1,Non-DAC,1,0
72979333,20231129,1048,US23,098 US-23-10,US0023,N,26.293,0,0,2,2,N,N,55,37.50376,-82.53234,5,3,4,6,1,1,2,2,2,3,N,49,2023,O,098-US-0023  -000,26.229,0,0,1,0,0,0,1,0,0,0,0,0,0,1,Non-DAC,1,0
72890659,20230326,1230,WELLS,,,N,0.005,0,0,2,2,N,N,10,37.48138,-82.51608,5,3,1,6,1,1,2,2,6,3,N,47,2023,O,098-CS-1122  -000,0.005,0,0,0,0,0,0,0,0,1,1,0,1,0,1,DAC,1,0
72860105,20230130,1317,CEDAR,098 CS-1093,CS1093,N,0.119,0,0,2,2,N,N,15,37.4824,-82.53907,2,3,1,6,1,1,2,2,6,3,N,56,2023,O,098-CS-1093  -000,0.152,0,0,0,1,0,0,1,0,0,0,0,0,0,1,Non-DAC,0,1
72972693,20231105,17,US23,098 US-23,US0023,N,22.177,1,0,2,2,N,N,55,37.4598,-82.51691,8,3,4,6,1,1,2,6,7,3,Y,53,2023,B,098-US-0023  -000,22.113,0,0,1,0,0,0,0,0,1,0,0,1,0,1,Non-DAC,0,1
72894835,20230504,1509,MAIN,098 CS-1112,CS1112,N,0.011,0,0,2,2,N,Y,15,37.47785,-82.51844,8,3,2,6,1,1,2,2,7,3,N,53,2023,O,098-CS-1112  -000,0.011,0,0,0,0,0,0,0,0,0,0,0,1,0,1,DAC,1,0
72974506,20231117,1353,US23,098 US-23-10,US0023,N,32.805,0,0,2,2,N,N,55,37.53175,-82.61947,4,3,4,6,1,1,3,2,2,3,N,70,2023,O,098-US-0023  -000,32.786,0,0,1,1,0,0,0,1,0,0,0,0,0,1,Non-DAC,1,0
72983050,20231207,1450,US23,098 US-23,US0023,N,26.288,0,0,2,2,N,N,55,37.50373,-82.53215,4,3,4,6,1,1,2,2,7,3,N,70,2023,O,098-US-0023  -000,26.226,0,0,0,1,0,0,1,1,0,0,0,0,0,1,Non-DAC,1,0
72864595,20230210,1730,US23,098 US-23,US0023,N,26.25,0,0,2,2,N,N,55,37.50319,-82.53208,5,3,4,3,1,1,3,2,7,3,N,49,2023,O,098-US-0023  -000,26.188,0,0,0,0,0,0,1,0,0,0,0,0,0,1,Non-DAC,1,0
72915018,20230623,1607,KY3496,098 KY-3496,KY3496,N,0.078,0,0,2,2,N,N,35,37.46578,-82.52918,1,3,2,3,1,1,2,2,1,3,N,55,2023,O,098-KY-3496  -000,0.086,0,0,0,0,0,0,1,0,0,0,0,0,0,1,DAC,0,1
72945615,20230911,1026,JOHNSON,,,N,,0,0,2,2,N,N,25,37.4439,-82.52476,7,3,1,4,1,1,2,2,7,3,N,54,2023,O,098-CS-1253  -000,0,0,0,0,0,0,0,1,0,0,0,0,1,0,1,Non-DAC,1,0
72854606,20230108,2038,US23,098 US-23-10,US0023,N,24.829,0,0,1,1,N,N,55,37.48646,-82.54179,9,3,4,6,1,5,3,5,7,3,N,70,2023,O,098-US-0023  -000,24.785,0,0,1,0,0,0,0,0,0,0,0,0,0,1,Non-DAC,0,1
72903642,20230525,15,KY1460 TURN LANE,098 KY-1460-23,KY1460,N,0.011,0,0,1,1,N,N,45,37.4776,-82.51612,9,6,2,3,1,1,2,5,7,3,N,51,2023,O,098-KY-1460  -023,0.01,0,0,0,0,0,0,1,0,0,0,0,1,0,1,DAC,1,0
72947901,20230914,1335,US23,098 US-23,US0023,N,25.889,0,0,2,2,Y,N,55,37.49807,-82.53109,8,3,4,6,1,1,2,2,7,3,N,53,2023,O,098-US-0023  -000,25.828,0,0,1,0,0,0,0,0,0,0,0,1,0,1,Non-DAC,0,1
72937169,20230818,1403,CASSIDY,098 CS-1191,CS1191,N,0.261,0,0,2,2,N,N,25,37.50463,-82.53611,1,3,4,6,1,1,2,2,1,3,N,55,2023,O,098-CS-1191  -000,0.244,0,0,0,0,0,0,1,0,0,0,0,0,0,1,Non-DAC,0,1
72939809,20230829,1312,US23,098 US-23,US0023,N,20.912,2,0,2,2,N,N,55,37.4439,-82.52477,4,3,4,3,1,1,2,2,2,3,Y,70,2023,B,098-US-0023  -000,20.845,0,0,0,1,0,0,1,1,0,0,0,0,0,1,Non-DAC,0,1
72853392,20230111,1546,HAMBLEY,098 CS-1222,CS1222,N,0.434,0,0,2,2,N,N,25,37.47766,-82.52111,8,3,2,6,1,1,2,2,8,3,N,53,2023,O,098-CS-1222  -000,0.434,0,0,1,1,0,0,1,0,0,0,0,1,0,1,DAC,0,1
72864642,20230210,1047,US23,098 US-23,US0023,N,21.402,0,0,2,2,N,N,55,37.4505,-82.52405,8,3,4,6,1,1,2,2,7,3,N,53,2023,O,098-US-0023  -000,21.335,0,0,0,1,0,0,1,0,0,0,0,1,0,1,Non-DAC,0,1
72979493,20231121,1207,US23,098 US-23,US0023,N,30.392,0,0,2,2,N,N,55,37.54173,-82.58341,1,3,4,3,1,5,6,2,7,3,N,55,2023,O,098-US-0023  -000,30.372,0,0,0,0,0,0,0,0,0,0,0,0,0,1,Non-DAC,1,0
72919678,20230626,1025,CARTER,098 CS-1224,CS1224,N,0.218,1,0,1,1,N,N,25,37.4631,-82.49354,9,6,1,4,1,1,3,2,7,3,N,44,2023,C,098-CS-1224  -000,0.219,0,0,0,0,0,0,0,0,0,1,0,1,0,1,Non-DAC,0,1
72972165,20231107,1530,COLLEGE,,,N,,0,0,2,2,Y,N,15,37.47598,-82.52306,8,3,1,6,2,1,2,2,6,3,N,47,2023,O,098-CS-1152  -000,0.031,0,0,0,0,0,0,0,0,0,0,0,0,0,1,DAC,0,1
72931355,20230807,212,US23,098 US-23,US0023,N,19.495,1,0,1,1,N,N,55,37.44747,-82.50481,9,6,4,6,1,1,2,6,7,3,Y,51,2023,B,098-US-0023  -000,19.445,0,0,1,0,0,0,0,0,0,0,0,1,0,1,Non-DAC,0,1
72868450,20230218,1221,US23,,,N,22.49,1,0,1,1,N,N,55,37.46375,-82.5185,9,3,2,6,1,1,2,2,7,3,N,44,2023,B,098-US-0023  -000,22.424,0,0,0,0,0,0,0,0,0,0,0,1,0,1,Non-DAC,0,1
72873111,20230306,840,US23,098 US-23,US0023,N,26.286,0,0,2,2,N,N,55,37.5037,-82.53215,5,3,4,6,1,1,2,2,7,3,N,49,2023,O,098-US-0023  -000,26.224,0,0,0,0,0,0,0,0,1,0,0,0,0,1,Non-DAC,1,0
72896422,20230504,1043,US23,098 US-23,US0023,N,24.819,0,0,2,2,N,N,55,37.48639,-82.54192,1,3,4,6,1,1,2,2,7,3,N,55,2023,O,098-US-0023  -000,24.778,0,0,0,1,0,0,1,0,0,0,0,0,0,1,Non-DAC,1,0
72910245,20230605,1723,CASSIDY,098 CS-1191,CS1191,N,0.057,0,0,2,2,N,N,25,37.50367,-82.53307,5,3,1,6,1,1,2,2,7,3,N,70,2023,O,098-CS-1191  -000,0.053,0,0,1,0,0,0,1,1,0,0,0,0,0,1,Non-DAC,0,1
72960975,20231019,952,US23,098 US-23,US0023,N,24.739,0,0,1,1,N,N,55,37.48499,-82.5426,9,3,4,6,1,1,2,2,7,3,N,70,2023,O,098-US-0023  -000,24.673,0,0,0,1,0,0,0,0,0,0,0,1,0,1,Non-DAC,0,1
72966553,20231030,1421,,,,N,0.074,1,0,1,1,N,N,55,37.43695,-82.51054,9,3,2,1,1,5,6,2,7,3,Y,40,2023,C,098-US-0023  -421,0.074,0,0,1,0,0,0,0,0,0,0,0,1,0,1,Non-DAC,1,0
72986032,20231213,1320,US23,098 US-23-10,US0023,N,27.419,0,0,2,2,N,N,55,37.51101,-82.54954,5,3,4,6,1,1,2,2,7,3,N,70,2023,O,098-US-0023  -000,27.416,0,0,0,1,0,0,0,0,0,0,0,0,0,1,Non-DAC,0,1
72955671,20230929,1201,KY3496,098 KY-3496,KY3496,N,0.694,0,0,2,2,N,N,35,37.47186,-82.53145,4,3,2,6,1,1,2,2,1,3,N,70,2023,O,098-KY-3496  -000,0.698,0,0,0,1,0,0,1,0,0,0,0,0,0,1,DAC,0,1
72884186,20230406,920,KY3496,098 KY-3496,KY3496,N,0.917,0,0,2,2,N,N,35,37.47243,-82.52689,1,3,2,6,1,1,3,2,7,3,N,55,2023,O,098-KY-3496  -000,0.946,0,0,0,0,0,0,1,0,0,0,0,0,0,1,DAC,1,0
72927252,20230721,1659,HUFFMAN,098 CS-1123,CS1123,N,0.018,0,0,2,2,N,N,15,37.47704,-82.51734,1,3,2,6,1,1,2,2,7,3,N,55,2023,O,098-CS-1123  -000,0.018,0,0,0,0,0,0,1,0,0,0,0,0,0,1,DAC,1,0
72956689,20231002,1530,US23,,,N,25.565,3,0,3,3,N,Y,55,37.49385,-82.53283,5,3,2,6,1,1,2,2,7,3,Y,49,2023,B,098-US-0023  -000,25.503,0,0,0,1,0,0,1,0,0,0,0,0,0,1,Non-DAC,0,1
72940442,20230829,1809,BAILEY,,,N,,0,0,2,2,N,N,25,37.47659,-82.51604,2,3,2,4,1,1,2,2,7,3,N,56,2023,O,098-CS-1262  -000,0.008,0,0,0,0,0,0,1,0,0,0,0,0,0,1,Non-DAC,0,1
72943847,20230908,1508,US23,098 US-23-10,US0023,N,26.31,0,0,2,2,N,N,55,37.50406,-82.53218,8,3,4,6,1,1,2,2,3,3,N,53,2023,O,098-US-0023  -000,26.247,0,0,1,0,0,0,1,0,0,0,0,1,0,1,Non-DAC,1,0
72942671,20230831,1606,CASSIDY,098 CS-1191,CS1191,N,0.06,0,0,2,2,N,N,25,37.50367,-82.53313,1,3,2,6,1,1,2,2,1,3,N,55,2023,O,098-CS-1191  -000,0.056,0,0,0,1,0,0,1,0,0,0,0,0,0,1,Non-DAC,0,1
72880240,20230326,1731,CEDAR HILLS,098 KY-1426,KY1426,N,2.642,1,0,1,1,N,N,55,37.45626,-82.55027,9,3,2,3,1,1,2,2,7,3,Y,44,2023,B,098-KY-1426  -000,2.642,0,0,0,0,0,0,0,0,0,0,0,1,0,1,Non-DAC,0,1
72896387,20230509,618,US23,098 US-23-10,US0023,N,29.866,0,0,1,1,N,N,55,37.53503,-82.57915,9,3,4,6,1,1,3,1,7,3,N,38,2023,O,098-US-0023  -000,29.847,0,0,0,0,0,0,0,0,0,0,0,0,0,1,Non-DAC,0,1
72893067,20230421,1650,BAIRD,098 KY-1426,KY1426,N,5.395,0,0,2,2,N,N,55,37.47327,-82.52711,1,3,2,6,1,1,2,2,1,3,N,55,2023,O,098-KY-1426  -000,5.395,0,0,0,0,0,0,1,0,0,0,0,0,0,1,DAC,1,0
72968191,20231103,1756,BYPASS,098 KY-1426,KY1426,N,6.542,1,0,2,2,N,N,35,37.48223,-82.51378,1,3,2,6,1,1,2,2,1,3,N,55,2023,C,098-KY-1426  -000,6.542,0,0,0,0,0,0,1,0,0,0,0,0,0,1,DAC,0,1
72877302,20230315,839,US23,098 US-23-10,US0023,N,27.404,0,0,2,2,N,N,55,37.51088,-82.54911,5,3,4,6,1,1,2,2,7,3,N,49,2023,O,098-US-0023  -000,27.39,0,0,1,0,0,0,0,0,0,0,0,0,0,1,Non-DAC,1,0
72948690,20230920,752,KY3495,098 KY-3495,KY3495,N,0.017,0,0,2,2,N,N,45,37.48661,-82.54273,1,3,2,6,1,1,2,2,7,3,N,55,2023,O,098-KY-3495  -000,0.017,0,0,1,0,0,0,1,0,0,0,0,0,0,1,Non-DAC,1,0
72922454,20230715,1155,CEDAR HILLS,098 KY-1426,KY1426,N,4.489,0,0,1,1,N,N,35,37.46157,-82.52937,9,5,2,6,1,1,2,2,7,3,N,44,2023,O,098-KY-1426  -000,4.483,0,0,1,0,0,0,1,0,0,0,0,1,0,1,Non-DAC,0,1
72967891,20231102,1908,US23,098 US-23-10,US0023,N,29.691,0,0,1,1,N,N,55,37.53277,-82.57757,9,3,4,6,1,1,2,5,2,3,N,38,2023,O,098-US-0023  -000,29.671,0,0,0,0,0,0,0,0,0,0,0,0,0,1,Non-DAC,0,1
72955102,20231003,1735,US23,,,N,24.125,0,0,2,2,N,Y,55,37.4769,-82.54002,5,3,2,1,1,1,2,2,7,3,N,49,2023,O,098-US-0023  -000,24.053,0,0,0,0,0,0,1,1,0,0,0,0,0,1,DAC,0,1
72851724,20230105,1535,KY1460,098 KY-1460,KY1460,N,6.935,0,0,2,2,N,N,35,37.48458,-82.5438,1,3,2,1,1,1,2,2,1,3,N,55,2023,O,098-KY-1460  -000,6.92,0,0,0,0,0,0,1,1,0,0,0,0,0,1,Non-DAC,1,0
72871406,20230303,2015,CASSIDY,,,N,0.219,0,0,2,2,N,N,35,37.50418,-82.5355,1,3,4,6,1,1,7,5,1,3,N,46,2023,O,098-CS-1191  -000,0.198,0,0,0,1,0,0,1,1,0,0,0,0,0,1,Non-DAC,0,1
72854451,20230115,1042,CASSIDY,098 CS-1191,CS1191,N,0.231,0,0,2,2,N,N,25,37.50433,-82.53567,1,3,4,6,1,1,3,2,1,3,N,55,2023,O,098-CS-1191  -000,0.212,0,0,0,0,0,0,1,1,0,0,0,0,0,1,Non-DAC,0,1
72984539,20231204,802,US23,,,N,32.033,0,0,2,2,N,N,55,37.53761,-82.60942,8,2,4,6,1,1,3,2,7,3,N,53,2023,O,098-US-0023  -000,32.013,0,0,0,0,0,0,0,0,1,0,0,1,0,1,Non-DAC,0,1
72879699,20230325,1013,US23,098 US-23,US0023,N,18.308,0,0,2,2,N,N,55,37.43335,-82.51434,1,3,6,6,1,1,2,2,7,3,N,55,2023,O,098-US-0023  -000,18.291,0,0,1,0,0,0,0,0,0,0,0,0,0,1,Non-DAC,0,1
72960940,20231018,1741,US23,098 US-23,US0023,N,26.219,0,0,2,2,N,N,55,37.50274,-82.53203,5,3,4,6,1,1,2,2,2,3,N,49,2023,O,098-US-0023  -000,26.156,0,0,0,0,0,0,1,1,0,0,0,0,0,1,Non-DAC,0,1
72989113,20231221,1430,HAMBLEY,098 CS-1222,CS1222,N,0.556,0,0,2,2,Y,N,25,37.47911,-82.51985,8,5,2,6,1,1,2,2,1,3,N,47,2023,O,098-CS-1222  -000,0.556,0,0,0,0,0,0,0,0,0,0,0,0,0,1,DAC,0,1
72911192,20230606,1132,LANKS BRANCH,098 CS-1017,CS1017,N,0.388,0,0,1,1,N,N,35,37.46325,-82.51104,9,3,2,1,1,1,2,2,1,3,N,40,2023,O,098-PR-1170  -000,0.391,0,1,0,0,0,0,1,0,0,0,0,1,0,1,Non-DAC,0,1
72907254,20230530,1512,US23,,,N,24.285,0,0,2,2,N,N,55,37.47864,-82.54211,8,3,4,1,1,1,2,2,2,3,N,47,2023,O,098-US-0023  -000,24.216,0,0,0,0,0,0,1,0,0,0,0,0,0,1,DAC,0,1
72967539,20231102,1402,HAMBLEY,098 CS-1222,CS1222,N,1.528,0,0,2,2,N,N,35,37.48308,-82.5304,5,5,2,6,1,1,2,2,7,3,N,47,2023,O,098-CS-1222  -000,1.528,0,0,0,1,0,0,1,0,0,0,0,0,0,1,DAC,1,0
72902943,20230524,2003,US119,098 US-119,US0119,N,0.61,0,0,1,1,N,N,55,37.50708,-82.52184,9,3,2,6,1,1,2,2,7,3,N,38,2023,O,098-US-0119  -000,0.605,0,0,0,0,0,0,0,0,0,0,0,0,0,1,Non-DAC,0,1
72887870,20230405,655,KY1426,098 KY-1426,KY1426,N,6.603,1,0,2,2,N,N,45,37.48301,-82.5133,3,3,2,6,1,1,2,1,7,3,Y,52,2023,C,098-KY-1426  -000,6.602,0,0,1,0,0,0,0,0,0,0,1,0,0,1,DAC,1,0
72860328,20230131,1120,US23,098 US-23,US0023,N,21.714,0,0,2,2,N,N,55,37.45435,-82.5213,8,3,4,6,1,5,6,2,7,3,N,53,2023,O,098-US-0023  -000,21.645,0,0,0,0,0,0,1,0,0,1,0,1,0,1,Non-DAC,0,1
72892950,20230420,1400,TRIVETTE,098 CS-1114,CS1114,N,0.148,0,0,2,2,N,Y,15,37.48399,-82.51598,2,3,1,6,1,1,2,2,6,3,N,47,2023,O,098-CS-1114  -000,0.148,0,0,0,0,0,0,1,0,0,0,0,0,0,1,DAC,0,1
72858826,20230120,947,US23,098 US-23-10,US0023,N,24.358,0,0,1,1,N,N,55,37.47941,-82.54277,9,3,4,6,1,1,3,2,3,3,N,35,2023,O,098-US-0023  -000,24.283,0,1,0,0,0,0,0,0,0,0,1,0,0,1,DAC,0,1
72877734,20230320,1330,US23,,,N,26.161,0,0,2,2,N,N,55,37.50192,-82.53191,5,3,4,6,1,1,2,2,7,3,N,70,2023,O,098-US-0023  -000,26.099,0,0,0,0,0,0,1,0,0,0,0,0,0,1,Non-DAC,0,1
72966821,20231022,115,US460,098 US-460,US0460,N,0.163,2,0,1,1,N,N,55,37.44005,-82.50894,9,3,2,3,1,1,3,5,7,3,Y,70,2023,A,098-US-0460  -000,0.172,0,0,0,0,0,0,0,0,1,0,0,1,0,1,Non-DAC,0,1
72860848,20230131,1311,KY3495,,,N,,0,0,2,2,N,N,35,37.48408,-82.5429,5,3,2,3,1,5,3,2,6,3,N,49,2023,O,098-KY-1460  -000,6.847,0,0,0,0,0,0,1,0,0,0,0,0,0,1,Non-DAC,1,0
72920383,20230621,1413,US23,098 US-23,US0023,N,19.423,0,0,2,2,N,N,55,37.44635,-82.50477,2,97,4,6,1,1,2,2,1,3,N,47,2023,O,098-US-0023  -000,19.367,0,0,0,0,0,0,1,0,0,0,0,0,0,1,Non-DAC,0,1
72859680,20230126,746,CHLOE,098 KY-1460,KY1460,N,4.294,0,0,2,2,N,N,35,37.47663,-82.50191,7,3,2,6,1,5,3,2,7,3,N,54,2023,O,098-KY-1460  -000,4.257,0,0,0,0,0,0,0,0,0,0,0,1,0,1,Non-DAC,0,1
72944932,20230908,1511,US 23 SOUTH,,,N,,0,0,2,2,N,N,45,37.53637,-82.57947,8,3,4,6,1,1,2,2,7,3,N,53,2023,O,098-US-0023  -000,29.939,0,1,0,0,0,0,1,1,0,0,0,1,0,1,Non-DAC,0,1
72964787,20231026,1559,OWENS,,,N,0.006,0,0,2,2,N,N,15,37.48691,-82.52828,3,3,1,5,1,1,2,2,6,3,N,52,2023,O,098-PR-1185  -000,0.001,0,0,0,0,0,0,1,0,0,0,0,1,0,1,DAC,1,0
72969516,20231104,2203,KY3218,098 KY-3218,KY3218,N,3,1,0,1,1,N,N,55,37.55925,-82.55943,9,5,2,1,1,1,2,6,7,3,Y,44,2023,B,098-KY-3218  -000,2.993,0,0,0,0,0,0,0,0,1,0,0,1,0,1,Non-DAC,0,1
72864643,20230210,834,COLLEGE,098 CS-1108,CS1108,N,0.19,0,0,2,2,N,N,15,37.47769,-82.51956,1,5,2,6,1,1,2,2,1,3,N,46,2023,O,098-CS-1108  -000,0.19,0,0,0,0,0,0,1,0,0,0,0,0,0,1,DAC,0,1
72894298,20230422,1411,CASSIDY,098 CS-1191,CS1191,N,0.033,0,0,2,2,N,N,25,37.50371,-82.53271,8,3,4,6,1,1,2,2,1,3,N,53,2023,O,098-CS-1191  -000,0.033,0,0,0,0,0,0,1,1,0,0,0,1,0,1,Non-DAC,1,0
72860125,20230125,1035,BAIRD,098 KY-1426,KY1426,N,5.392,0,0,2,2,N,N,55,37.47322,-82.52712,5,3,2,6,1,1,2,2,1,3,N,49,2023,O,098-KY-1426  -000,5.399,0,0,0,1,0,0,1,0,0,0,0,0,0,1,DAC,1,0
72958968,20231012,802,US23,098 US-23-10,US0023,N,25.321,1,0,2,2,N,N,55,37.49129,-82.53592,5,3,4,6,1,5,2,2,7,3,Y,49,2023,C,098-US-0023  -000,25.258,0,0,0,0,0,0,1,0,0,0,0,0,0,1,Non-DAC,0,1
72879627,20230315,1440,CASSIDY,098 CS-1191,CS1191,N,0.022,0,0,2,2,N,N,55,37.50372,-82.53252,8,3,2,6,1,1,2,2,1,3,N,53,2023,O,098-CS-1191  -000,0.022,0,0,0,1,0,0,1,0,0,0,0,1,0,1,Non-DAC,1,0
72931007,20230805,1741,CASSIDY,,,N,0.296,0,0,2,2,N,N,35,37.50536,-82.53681,1,3,3,6,1,1,2,2,1,3,N,55,2023,O,098-CS-1191  -000,0.301,0,0,0,0,0,0,1,1,0,0,0,0,0,1,Non-DAC,0,1
72982699,20231110,1510,HAMBLEY,098 CS-1222,CS1222,N,0.446,0,0,2,2,Y,N,35,37.4778,-82.52096,8,5,,6,1,1,2,2,8,3,N,47,2023,O,098-CS-1222  -000,0.446,0,0,0,0,0,0,0,0,0,0,0,0,0,1,DAC,0,1
72860124,20230111,1121,PEACH ORCHARD,098 CS-1158,CS1158,N,0.17,0,0,2,2,N,N,15,37.47968,-82.52409,7,3,1,6,1,1,2,2,1,3,N,47,2023,O,098-CS-1219  -000,0.13,0,0,0,0,0,0,0,0,0,0,0,0,0,1,DAC,0,1
72902927,20230519,1609,US23,098 US-23,US0023,N,27.377,0,0,2,2,N,N,55,37.51095,-82.54877,5,3,4,6,1,1,2,2,7,3,N,35,2023,O,098-US-0023  -000,27.375,0,0,0,0,0,0,0,0,0,0,1,0,0,1,Non-DAC,1,0
72962813,20231002,1746,COLLEGE,098 CS-1152,CS1152,N,0.139,0,0,2,2,N,N,15,37.47563,-82.52353,1,3,1,6,1,1,2,2,7,3,N,10,2023,O,098-CS-1152  -000,0.066,0,0,0,0,0,0,0,0,0,0,1,0,0,1,DAC,1,0
72972787,20231108,740,US119,098 US-119,US0119,N,1.977,2,0,2,2,N,N,55,37.51232,-82.49979,4,3,2,4,1,1,2,2,7,3,Y,70,2023,B,098-US-0119  -000,1.977,0,0,1,0,0,0,1,1,0,0,0,1,0,1,Non-DAC,0,1
72898935,20230303,1521,US119,,,N,1.938,0,0,2,2,N,N,15,37.51259,-82.50041,5,3,3,6,1,1,2,2,8,3,N,70,2023,O,098-US-0119  -000,1.942,0,0,1,0,0,0,1,0,0,0,0,0,0,1,Non-DAC,0,1
72978584,20231127,1711,US23,098 US-23,US0023,N,30.306,0,0,2,2,N,N,55,37.54082,-82.58238,1,3,4,6,1,1,3,2,1,3,N,8,2023,O,098-US-0023  -000,30.288,0,0,0,0,0,0,0,1,0,0,1,0,0,1,Non-DAC,1,0
72863438,20230208,745,US119,098 US-119-10,US0119,N,1.984,0,0,2,2,N,N,15,37.51248,-82.49979,5,3,2,4,1,5,3,1,8,3,N,70,2023,O,098-US-0119  -000,1.977,0,0,0,0,0,0,1,0,0,0,0,0,0,1,Non-DAC,0,1
72929121,20230718,1608,US23,098 US-23-10,US0023,N,27.408,0,0,2,2,N,N,55,37.51093,-82.54929,5,3,4,6,1,1,3,2,1,3,N,49,2023,O,098-US-0023  -000,27.401,0,0,0,1,0,0,1,0,0,0,0,0,0,1,Non-DAC,1,0